group,level_label,class_label,event_label,regatta_name,world_sailing_id,start_date,end_date,venue,source_url,rank,country,country_name,crew,world_sailing_ids,sail_number,total_points,net_points
youth,Class Youth World Championship,ILCA 6,ILCA 6 Men,ILCA 6 Youth World Championships,USA202507AJ8,2026-08-11,2026-08-19,"Aarhus, Denmark",https://sailing.org/regatta/ilca-6-youth-world-championships?ref=USA202507AJ8,1,BRA,Brazil,Erik Scheidt,LTUES3,,71,39
youth,Class Youth World Championship,ILCA 6,ILCA 6 Men,ILCA 6 Youth World Championships,USA202507AJ8,2026-08-11,2026-08-19,"Aarhus, Denmark",https://sailing.org/regatta/ilca-6-youth-world-championships?ref=USA202507AJ8,2,ESP,Spain,NIKKO PALOU,ESPNP7,,130,82
youth,Class Youth World Championship,ILCA 6,ILCA 6 Men,ILCA 6 Youth World Championships,USA202507AJ8,2026-08-11,2026-08-19,"Aarhus, Denmark",https://sailing.org/regatta/ilca-6-youth-world-championships?ref=USA202507AJ8,3,ITA,Italy,Lorenzo Ghirotti,ITALG88,,151,109
youth,Class Youth World Championship,ILCA 6,ILCA 6 Men,ILCA 6 Youth World Championships,USA202507AJ8,2026-08-11,2026-08-19,"Aarhus, Denmark",https://sailing.org/regatta/ilca-6-youth-world-championships?ref=USA202507AJ8,4,GRE,Greece,KONSTANTINOS PORTOSALTE,GREKP16,,157,109
youth,Class Youth World Championship,ILCA 6,ILCA 6 Men,ILCA 6 Youth World Championships,USA202507AJ8,2026-08-11,2026-08-19,"Aarhus, Denmark",https://sailing.org/regatta/ilca-6-youth-world-championships?ref=USA202507AJ8,5,GER,Germany,Levian Buescher,GERLB63,,143,118
youth,Class Youth World Championship,ILCA 6,ILCA 6 Men,ILCA 6 Youth World Championships,USA202507AJ8,2026-08-11,2026-08-19,"Aarhus, Denmark",https://sailing.org/regatta/ilca-6-youth-world-championships?ref=USA202507AJ8,6,NED,Netherlands,Alexander Hartsink,NEDAH22,,166,130
youth,Class Youth World Championship,ILCA 6,ILCA 6 Men,ILCA 6 Youth World Championships,USA202507AJ8,2026-08-11,2026-08-19,"Aarhus, Denmark",https://sailing.org/regatta/ilca-6-youth-world-championships?ref=USA202507AJ8,7,CRO,Croatia,Toma Smirčić,CROTS7,,208,136
youth,Class Youth World Championship,ILCA 6,ILCA 6 Men,ILCA 6 Youth World Championships,USA202507AJ8,2026-08-11,2026-08-19,"Aarhus, Denmark",https://sailing.org/regatta/ilca-6-youth-world-championships?ref=USA202507AJ8,8,TUR,Türkiye,Ali  Özdemir,TURAÖ25,,197,138
youth,Class Youth World Championship,ILCA 6,ILCA 6 Men,ILCA 6 Youth World Championships,USA202507AJ8,2026-08-11,2026-08-19,"Aarhus, Denmark",https://sailing.org/regatta/ilca-6-youth-world-championships?ref=USA202507AJ8,9,ISR,Israel,Noam Daniel Lachat,ISRNL4,,187,144
youth,Class Youth World Championship,ILCA 6,ILCA 6 Men,ILCA 6 Youth World Championships,USA202507AJ8,2026-08-11,2026-08-19,"Aarhus, Denmark",https://sailing.org/regatta/ilca-6-youth-world-championships?ref=USA202507AJ8,10,CZE,Czechia,Jiri Tomes,CZEJT2,,224,146
youth,Class Youth World Championship,ILCA 6,ILCA 6 Men,ILCA 6 Youth World Championships,USA202507AJ8,2026-08-11,2026-08-19,"Aarhus, Denmark",https://sailing.org/regatta/ilca-6-youth-world-championships?ref=USA202507AJ8,11,GRE,Greece,EMMANOUIL ANASTASIOS  VOMVYLAS,GREEV10,,210,152
youth,Class Youth World Championship,ILCA 6,ILCA 6 Men,ILCA 6 Youth World Championships,USA202507AJ8,2026-08-11,2026-08-19,"Aarhus, Denmark",https://sailing.org/regatta/ilca-6-youth-world-championships?ref=USA202507AJ8,12,ESP,Spain,Carlos Zendrera,ESPCZ1,,188,156
youth,Class Youth World Championship,ILCA 6,ILCA 6 Men,ILCA 6 Youth World Championships,USA202507AJ8,2026-08-11,2026-08-19,"Aarhus, Denmark",https://sailing.org/regatta/ilca-6-youth-world-championships?ref=USA202507AJ8,13,ISR,Israel,yahav geva,ISRYG3,,238,160
youth,Class Youth World Championship,ILCA 6,ILCA 6 Men,ILCA 6 Youth World Championships,USA202507AJ8,2026-08-11,2026-08-19,"Aarhus, Denmark",https://sailing.org/regatta/ilca-6-youth-world-championships?ref=USA202507AJ8,14,ISR,Israel,Gal  Einav,ISRGE1,,233.5,168.5
youth,Class Youth World Championship,ILCA 6,ILCA 6 Men,ILCA 6 Youth World Championships,USA202507AJ8,2026-08-11,2026-08-19,"Aarhus, Denmark",https://sailing.org/regatta/ilca-6-youth-world-championships?ref=USA202507AJ8,15,SWE,Sweden,Marius Graudums,SWEMG24,,252,174
youth,Class Youth World Championship,ILCA 6,ILCA 6 Men,ILCA 6 Youth World Championships,USA202507AJ8,2026-08-11,2026-08-19,"Aarhus, Denmark",https://sailing.org/regatta/ilca-6-youth-world-championships?ref=USA202507AJ8,16,NZL,New Zealand,Thomas Pilkington,NZLTP10,,248,179
youth,Class Youth World Championship,ILCA 6,ILCA 6 Men,ILCA 6 Youth World Championships,USA202507AJ8,2026-08-11,2026-08-19,"Aarhus, Denmark",https://sailing.org/regatta/ilca-6-youth-world-championships?ref=USA202507AJ8,17,SUI,Switzerland,Leo Gosling,SUILG18,,237,181
youth,Class Youth World Championship,ILCA 6,ILCA 6 Men,ILCA 6 Youth World Championships,USA202507AJ8,2026-08-11,2026-08-19,"Aarhus, Denmark",https://sailing.org/regatta/ilca-6-youth-world-championships?ref=USA202507AJ8,18,SUI,Switzerland,Lars Keller,SUILK10,,255,187
youth,Class Youth World Championship,ILCA 6,ILCA 6 Men,ILCA 6 Youth World Championships,USA202507AJ8,2026-08-11,2026-08-19,"Aarhus, Denmark",https://sailing.org/regatta/ilca-6-youth-world-championships?ref=USA202507AJ8,19,HUN,Hungary,Pa Elod,HUNPE1,,241,190
youth,Class Youth World Championship,ILCA 6,ILCA 6 Men,ILCA 6 Youth World Championships,USA202507AJ8,2026-08-11,2026-08-19,"Aarhus, Denmark",https://sailing.org/regatta/ilca-6-youth-world-championships?ref=USA202507AJ8,20,ESP,Spain,David Luengo,ESPDL19,,260,190
youth,Class Youth World Championship,ILCA 6,ILCA 6 Men,ILCA 6 Youth World Championships,USA202507AJ8,2026-08-11,2026-08-19,"Aarhus, Denmark",https://sailing.org/regatta/ilca-6-youth-world-championships?ref=USA202507AJ8,21,ESP,Spain,Juan Oliver,ESPJO37,,240,191
youth,Class Youth World Championship,ILCA 6,ILCA 6 Men,ILCA 6 Youth World Championships,USA202507AJ8,2026-08-11,2026-08-19,"Aarhus, Denmark",https://sailing.org/regatta/ilca-6-youth-world-championships?ref=USA202507AJ8,22,ITA,Italy,BENEDETTO CROCCO,ITABC27,,266,193
youth,Class Youth World Championship,ILCA 6,ILCA 6 Men,ILCA 6 Youth World Championships,USA202507AJ8,2026-08-11,2026-08-19,"Aarhus, Denmark",https://sailing.org/regatta/ilca-6-youth-world-championships?ref=USA202507AJ8,23,ITA,Italy,Edoardo Masotti,ITAEM99,,264,200
youth,Class Youth World Championship,ILCA 6,ILCA 6 Men,ILCA 6 Youth World Championships,USA202507AJ8,2026-08-11,2026-08-19,"Aarhus, Denmark",https://sailing.org/regatta/ilca-6-youth-world-championships?ref=USA202507AJ8,24,ESP,Spain,Toni Truyols,ESPTT12,,287,209
youth,Class Youth World Championship,ILCA 6,ILCA 6 Men,ILCA 6 Youth World Championships,USA202507AJ8,2026-08-11,2026-08-19,"Aarhus, Denmark",https://sailing.org/regatta/ilca-6-youth-world-championships?ref=USA202507AJ8,25,TUR,Türkiye,Efe Arbak,TUREA30,,298,220
youth,Class Youth World Championship,ILCA 6,ILCA 6 Men,ILCA 6 Youth World Championships,USA202507AJ8,2026-08-11,2026-08-19,"Aarhus, Denmark",https://sailing.org/regatta/ilca-6-youth-world-championships?ref=USA202507AJ8,26,ITA,Italy,GIOVANNI BEDONI,ITAGB261,,295,223
youth,Class Youth World Championship,ILCA 6,ILCA 6 Men,ILCA 6 Youth World Championships,USA202507AJ8,2026-08-11,2026-08-19,"Aarhus, Denmark",https://sailing.org/regatta/ilca-6-youth-world-championships?ref=USA202507AJ8,27,MLT,Malta,Jonas Micallef,MLTJM4,,303,225
youth,Class Youth World Championship,ILCA 6,ILCA 6 Men,ILCA 6 Youth World Championships,USA202507AJ8,2026-08-11,2026-08-19,"Aarhus, Denmark",https://sailing.org/regatta/ilca-6-youth-world-championships?ref=USA202507AJ8,28,POR,Portugal,Kuzey Karis,PORKK1,,312,234
youth,Class Youth World Championship,ILCA 6,ILCA 6 Men,ILCA 6 Youth World Championships,USA202507AJ8,2026-08-11,2026-08-19,"Aarhus, Denmark",https://sailing.org/regatta/ilca-6-youth-world-championships?ref=USA202507AJ8,29,GER,Germany,Victor Hensel,GERVH12,,316,238
youth,Class Youth World Championship,ILCA 6,ILCA 6 Men,ILCA 6 Youth World Championships,USA202507AJ8,2026-08-11,2026-08-19,"Aarhus, Denmark",https://sailing.org/regatta/ilca-6-youth-world-championships?ref=USA202507AJ8,30,PER,Peru,Salvador Marchena,PERSM5,,299,246
youth,Class Youth World Championship,ILCA 6,ILCA 6 Men,ILCA 6 Youth World Championships,USA202507AJ8,2026-08-11,2026-08-19,"Aarhus, Denmark",https://sailing.org/regatta/ilca-6-youth-world-championships?ref=USA202507AJ8,31,POL,Poland,Wojciech Wójcik,POLWW15,,314,249
youth,Class Youth World Championship,ILCA 6,ILCA 6 Men,ILCA 6 Youth World Championships,USA202507AJ8,2026-08-11,2026-08-19,"Aarhus, Denmark",https://sailing.org/regatta/ilca-6-youth-world-championships?ref=USA202507AJ8,32,CRO,Croatia,Edi Jurman,CROEJ2,,307,251
youth,Class Youth World Championship,ILCA 6,ILCA 6 Men,ILCA 6 Youth World Championships,USA202507AJ8,2026-08-11,2026-08-19,"Aarhus, Denmark",https://sailing.org/regatta/ilca-6-youth-world-championships?ref=USA202507AJ8,33,CRO,Croatia,Bepo Duplančić,CROBD1,,330.5,252.5
youth,Class Youth World Championship,ILCA 6,ILCA 6 Men,ILCA 6 Youth World Championships,USA202507AJ8,2026-08-11,2026-08-19,"Aarhus, Denmark",https://sailing.org/regatta/ilca-6-youth-world-championships?ref=USA202507AJ8,34,USA,United States of America,James Pine,USAJP262,,316,253
youth,Class Youth World Championship,ILCA 6,ILCA 6 Men,ILCA 6 Youth World Championships,USA202507AJ8,2026-08-11,2026-08-19,"Aarhus, Denmark",https://sailing.org/regatta/ilca-6-youth-world-championships?ref=USA202507AJ8,35,ITA,Italy,Christian  Girani,ITACG60,,325,259
youth,Class Youth World Championship,ILCA 6,ILCA 6 Men,ILCA 6 Youth World Championships,USA202507AJ8,2026-08-11,2026-08-19,"Aarhus, Denmark",https://sailing.org/regatta/ilca-6-youth-world-championships?ref=USA202507AJ8,36,ESP,Spain,Bruno  Sanlés,ESPBS16,,332,264
youth,Class Youth World Championship,ILCA 6,ILCA 6 Men,ILCA 6 Youth World Championships,USA202507AJ8,2026-08-11,2026-08-19,"Aarhus, Denmark",https://sailing.org/regatta/ilca-6-youth-world-championships?ref=USA202507AJ8,37,GRE,Greece,GEORGIOS KYPRAIOS,GREGK35,,324,270
youth,Class Youth World Championship,ILCA 6,ILCA 6 Men,ILCA 6 Youth World Championships,USA202507AJ8,2026-08-11,2026-08-19,"Aarhus, Denmark",https://sailing.org/regatta/ilca-6-youth-world-championships?ref=USA202507AJ8,38,ITA,Italy,Lorenzo Savelli,ITALS125,,332,272
youth,Class Youth World Championship,ILCA 6,ILCA 6 Men,ILCA 6 Youth World Championships,USA202507AJ8,2026-08-11,2026-08-19,"Aarhus, Denmark",https://sailing.org/regatta/ilca-6-youth-world-championships?ref=USA202507AJ8,39,ITA,Italy,Pietro Passariello,ITAPP104,,344,272
youth,Class Youth World Championship,ILCA 6,ILCA 6 Men,ILCA 6 Youth World Championships,USA202507AJ8,2026-08-11,2026-08-19,"Aarhus, Denmark",https://sailing.org/regatta/ilca-6-youth-world-championships?ref=USA202507AJ8,40,DEN,Denmark,Peter Selko,DENPS16,,352,274
youth,Class Youth World Championship,ILCA 6,ILCA 6 Men,ILCA 6 Youth World Championships,USA202507AJ8,2026-08-11,2026-08-19,"Aarhus, Denmark",https://sailing.org/regatta/ilca-6-youth-world-championships?ref=USA202507AJ8,41,NZL,New Zealand,Arran Begic,NZLAB11,,342,275
youth,Class Youth World Championship,ILCA 6,ILCA 6 Men,ILCA 6 Youth World Championships,USA202507AJ8,2026-08-11,2026-08-19,"Aarhus, Denmark",https://sailing.org/regatta/ilca-6-youth-world-championships?ref=USA202507AJ8,42,GBR,Great Britain,Leo Yates,GBRLY7,,325,281
youth,Class Youth World Championship,ILCA 6,ILCA 6 Men,ILCA 6 Youth World Championships,USA202507AJ8,2026-08-11,2026-08-19,"Aarhus, Denmark",https://sailing.org/regatta/ilca-6-youth-world-championships?ref=USA202507AJ8,43,PUR,Puerto Rico,ALVARO GUTIERREZ,PURAG2,,357,282
youth,Class Youth World Championship,ILCA 6,ILCA 6 Men,ILCA 6 Youth World Championships,USA202507AJ8,2026-08-11,2026-08-19,"Aarhus, Denmark",https://sailing.org/regatta/ilca-6-youth-world-championships?ref=USA202507AJ8,44,POL,Poland,Ignacy Pospieszny,POLIP3,,349,286
youth,Class Youth World Championship,ILCA 6,ILCA 6 Men,ILCA 6 Youth World Championships,USA202507AJ8,2026-08-11,2026-08-19,"Aarhus, Denmark",https://sailing.org/regatta/ilca-6-youth-world-championships?ref=USA202507AJ8,45,HKG,"Hong Kong, China",Tiago Cheng De Villemor Salgado,HKGTC9,,356,287
youth,Class Youth World Championship,ILCA 6,ILCA 6 Men,ILCA 6 Youth World Championships,USA202507AJ8,2026-08-11,2026-08-19,"Aarhus, Denmark",https://sailing.org/regatta/ilca-6-youth-world-championships?ref=USA202507AJ8,46,ITA,Italy,Manuel Vis,ITAMV86,,366,288
youth,Class Youth World Championship,ILCA 6,ILCA 6 Men,ILCA 6 Youth World Championships,USA202507AJ8,2026-08-11,2026-08-19,"Aarhus, Denmark",https://sailing.org/regatta/ilca-6-youth-world-championships?ref=USA202507AJ8,47,GER,Germany,Max Struve,GERMS160,,358,288
youth,Class Youth World Championship,ILCA 6,ILCA 6 Men,ILCA 6 Youth World Championships,USA202507AJ8,2026-08-11,2026-08-19,"Aarhus, Denmark",https://sailing.org/regatta/ilca-6-youth-world-championships?ref=USA202507AJ8,48,FRA,France,Nathan WEHRLE,FRANW3,,368,290
youth,Class Youth World Championship,ILCA 6,ILCA 6 Men,ILCA 6 Youth World Championships,USA202507AJ8,2026-08-11,2026-08-19,"Aarhus, Denmark",https://sailing.org/regatta/ilca-6-youth-world-championships?ref=USA202507AJ8,49,IRL,Ireland,Conor Cronin,IRLCC40,,364,293
youth,Class Youth World Championship,ILCA 6,ILCA 6 Men,ILCA 6 Youth World Championships,USA202507AJ8,2026-08-11,2026-08-19,"Aarhus, Denmark",https://sailing.org/regatta/ilca-6-youth-world-championships?ref=USA202507AJ8,50,ITA,Italy,mattia brandellero,ITAMB322,,359,295
youth,Class Youth World Championship,ILCA 6,ILCA 6 Men,ILCA 6 Youth World Championships,USA202507AJ8,2026-08-11,2026-08-19,"Aarhus, Denmark",https://sailing.org/regatta/ilca-6-youth-world-championships?ref=USA202507AJ8,51,ESP,Spain,Juan Perello,ESPJP118,,361,306
youth,Class Youth World Championship,ILCA 6,ILCA 6 Men,ILCA 6 Youth World Championships,USA202507AJ8,2026-08-11,2026-08-19,"Aarhus, Denmark",https://sailing.org/regatta/ilca-6-youth-world-championships?ref=USA202507AJ8,52,POR,Portugal,Vasco  Cortez,PORVC7,,384,310
youth,Class Youth World Championship,ILCA 6,ILCA 6 Men,ILCA 6 Youth World Championships,USA202507AJ8,2026-08-11,2026-08-19,"Aarhus, Denmark",https://sailing.org/regatta/ilca-6-youth-world-championships?ref=USA202507AJ8,53,GER,Germany,Anton Thonfeld,GERAT19,,382,311
youth,Class Youth World Championship,ILCA 6,ILCA 6 Men,ILCA 6 Youth World Championships,USA202507AJ8,2026-08-11,2026-08-19,"Aarhus, Denmark",https://sailing.org/regatta/ilca-6-youth-world-championships?ref=USA202507AJ8,54,CRO,Croatia,Mislav Barćot,CROMB20,,383,311
youth,Class Youth World Championship,ILCA 6,ILCA 6 Men,ILCA 6 Youth World Championships,USA202507AJ8,2026-08-11,2026-08-19,"Aarhus, Denmark",https://sailing.org/regatta/ilca-6-youth-world-championships?ref=USA202507AJ8,55,SUI,Switzerland,Edward Hirsch,SUIEH5,,386,311
youth,Class Youth World Championship,ILCA 6,ILCA 6 Men,ILCA 6 Youth World Championships,USA202507AJ8,2026-08-11,2026-08-19,"Aarhus, Denmark",https://sailing.org/regatta/ilca-6-youth-world-championships?ref=USA202507AJ8,56,AUS,Australia,Jasper Stay,AUSJS103,,389,311
youth,Class Youth World Championship,ILCA 6,ILCA 6 Men,ILCA 6 Youth World Championships,USA202507AJ8,2026-08-11,2026-08-19,"Aarhus, Denmark",https://sailing.org/regatta/ilca-6-youth-world-championships?ref=USA202507AJ8,57,ITA,Italy,Alberto Avanzini,ITAAA148,,396,318
youth,Class Youth World Championship,ILCA 6,ILCA 6 Men,ILCA 6 Youth World Championships,USA202507AJ8,2026-08-11,2026-08-19,"Aarhus, Denmark",https://sailing.org/regatta/ilca-6-youth-world-championships?ref=USA202507AJ8,58,FRA,France,Raphaël OLSTHOORN,FRARO10,,374,318
youth,Class Youth World Championship,ILCA 6,ILCA 6 Men,ILCA 6 Youth World Championships,USA202507AJ8,2026-08-11,2026-08-19,"Aarhus, Denmark",https://sailing.org/regatta/ilca-6-youth-world-championships?ref=USA202507AJ8,59,USA,United States of America,Landon Stahl,USALS125,,383,321
youth,Class Youth World Championship,ILCA 6,ILCA 6 Men,ILCA 6 Youth World Championships,USA202507AJ8,2026-08-11,2026-08-19,"Aarhus, Denmark",https://sailing.org/regatta/ilca-6-youth-world-championships?ref=USA202507AJ8,60,ITA,Italy,Alessandro Massironi,ITAAM282,,400,322
youth,Class Youth World Championship,ILCA 6,ILCA 6 Men,ILCA 6 Youth World Championships,USA202507AJ8,2026-08-11,2026-08-19,"Aarhus, Denmark",https://sailing.org/regatta/ilca-6-youth-world-championships?ref=USA202507AJ8,61,BEL,Belgium,Thomas Cantillon,BELTC6,,408,330
youth,Class Youth World Championship,ILCA 6,ILCA 6 Men,ILCA 6 Youth World Championships,USA202507AJ8,2026-08-11,2026-08-19,"Aarhus, Denmark",https://sailing.org/regatta/ilca-6-youth-world-championships?ref=USA202507AJ8,62,GRE,Greece,GIORGOS BOUGIOURIS,GREGB12,,410,332
youth,Class Youth World Championship,ILCA 6,ILCA 6 Men,ILCA 6 Youth World Championships,USA202507AJ8,2026-08-11,2026-08-19,"Aarhus, Denmark",https://sailing.org/regatta/ilca-6-youth-world-championships?ref=USA202507AJ8,63,ISR,Israel,Noam Hen,ISRNH6,,408,333
youth,Class Youth World Championship,ILCA 6,ILCA 6 Men,ILCA 6 Youth World Championships,USA202507AJ8,2026-08-11,2026-08-19,"Aarhus, Denmark",https://sailing.org/regatta/ilca-6-youth-world-championships?ref=USA202507AJ8,64,NZL,New Zealand,Toby Dunn,NZLTD8,,399,336
youth,Class Youth World Championship,ILCA 6,ILCA 6 Men,ILCA 6 Youth World Championships,USA202507AJ8,2026-08-11,2026-08-19,"Aarhus, Denmark",https://sailing.org/regatta/ilca-6-youth-world-championships?ref=USA202507AJ8,65,GER,Germany,Jonathan Brinkmann,GERJB128,,412,339
youth,Class Youth World Championship,ILCA 6,ILCA 6 Men,ILCA 6 Youth World Championships,USA202507AJ8,2026-08-11,2026-08-19,"Aarhus, Denmark",https://sailing.org/regatta/ilca-6-youth-world-championships?ref=USA202507AJ8,66,NED,Netherlands,Maurits Melens,NEDMM34,,417,339
youth,Class Youth World Championship,ILCA 6,ILCA 6 Men,ILCA 6 Youth World Championships,USA202507AJ8,2026-08-11,2026-08-19,"Aarhus, Denmark",https://sailing.org/regatta/ilca-6-youth-world-championships?ref=USA202507AJ8,67,NOR,Norway,Ole Jacobsen Lepperoed,NOROJ5,,416,341
youth,Class Youth World Championship,ILCA 6,ILCA 6 Men,ILCA 6 Youth World Championships,USA202507AJ8,2026-08-11,2026-08-19,"Aarhus, Denmark",https://sailing.org/regatta/ilca-6-youth-world-championships?ref=USA202507AJ8,68,ESP,Spain,Liam Woods,IRLLW3,,411,344
youth,Class Youth World Championship,ILCA 6,ILCA 6 Men,ILCA 6 Youth World Championships,USA202507AJ8,2026-08-11,2026-08-19,"Aarhus, Denmark",https://sailing.org/regatta/ilca-6-youth-world-championships?ref=USA202507AJ8,69,NOR,Norway,Henrik Wesrby,NORHW4,,432,354
youth,Class Youth World Championship,ILCA 6,ILCA 6 Men,ILCA 6 Youth World Championships,USA202507AJ8,2026-08-11,2026-08-19,"Aarhus, Denmark",https://sailing.org/regatta/ilca-6-youth-world-championships?ref=USA202507AJ8,70,SUI,Switzerland,Louis Duboulet,SUILD6,,423,356
youth,Class Youth World Championship,ILCA 6,ILCA 6 Men,ILCA 6 Youth World Championships,USA202507AJ8,2026-08-11,2026-08-19,"Aarhus, Denmark",https://sailing.org/regatta/ilca-6-youth-world-championships?ref=USA202507AJ8,71,USA,United States of America,David Coates,USADC224,,441,363
youth,Class Youth World Championship,ILCA 6,ILCA 6 Men,ILCA 6 Youth World Championships,USA202507AJ8,2026-08-11,2026-08-19,"Aarhus, Denmark",https://sailing.org/regatta/ilca-6-youth-world-championships?ref=USA202507AJ8,72,LTU,Lithuania,Marius Antanavicius,LTUMA3,,432,364
youth,Class Youth World Championship,ILCA 6,ILCA 6 Men,ILCA 6 Youth World Championships,USA202507AJ8,2026-08-11,2026-08-19,"Aarhus, Denmark",https://sailing.org/regatta/ilca-6-youth-world-championships?ref=USA202507AJ8,73,SLO,Slovenia,Mark Rodica,SLOMR5,,443,365
youth,Class Youth World Championship,ILCA 6,ILCA 6 Men,ILCA 6 Youth World Championships,USA202507AJ8,2026-08-11,2026-08-19,"Aarhus, Denmark",https://sailing.org/regatta/ilca-6-youth-world-championships?ref=USA202507AJ8,74,GBR,Great Britain,Freddie MacLaverty,GBRFM30,,443,379
youth,Class Youth World Championship,ILCA 6,ILCA 6 Men,ILCA 6 Youth World Championships,USA202507AJ8,2026-08-11,2026-08-19,"Aarhus, Denmark",https://sailing.org/regatta/ilca-6-youth-world-championships?ref=USA202507AJ8,75,HKG,"Hong Kong, China",Charalampos Velianitis,HKGCV1,,460,386
youth,Class Youth World Championship,ILCA 6,ILCA 6 Men,ILCA 6 Youth World Championships,USA202507AJ8,2026-08-11,2026-08-19,"Aarhus, Denmark",https://sailing.org/regatta/ilca-6-youth-world-championships?ref=USA202507AJ8,76,CAN,Canada,Ryan Simms,CANRS43,,482,412
youth,Class Youth World Championship,ILCA 6,ILCA 6 Men,ILCA 6 Youth World Championships,USA202507AJ8,2026-08-11,2026-08-19,"Aarhus, Denmark",https://sailing.org/regatta/ilca-6-youth-world-championships?ref=USA202507AJ8,77,CRO,Croatia,Toma Marić,CROTM7,,491.5,418.5
youth,Class Youth World Championship,ILCA 6,ILCA 6 Men,ILCA 6 Youth World Championships,USA202507AJ8,2026-08-11,2026-08-19,"Aarhus, Denmark",https://sailing.org/regatta/ilca-6-youth-world-championships?ref=USA202507AJ8,78,ITA,Italy,Matteo Silvestro,ITAMS205,,276,198
youth,Class Youth World Championship,ILCA 6,ILCA 6 Men,ILCA 6 Youth World Championships,USA202507AJ8,2026-08-11,2026-08-19,"Aarhus, Denmark",https://sailing.org/regatta/ilca-6-youth-world-championships?ref=USA202507AJ8,79,AUS,Australia,Thomas Cooper,AUSTC36,,248,205
youth,Class Youth World Championship,ILCA 6,ILCA 6 Men,ILCA 6 Youth World Championships,USA202507AJ8,2026-08-11,2026-08-19,"Aarhus, Denmark",https://sailing.org/regatta/ilca-6-youth-world-championships?ref=USA202507AJ8,80,FRA,France,Ulyssé Raison,FRAUR1,,275,218
youth,Class Youth World Championship,ILCA 6,ILCA 6 Men,ILCA 6 Youth World Championships,USA202507AJ8,2026-08-11,2026-08-19,"Aarhus, Denmark",https://sailing.org/regatta/ilca-6-youth-world-championships?ref=USA202507AJ8,81,GBR,Great Britain,Toby Waggett,GBRTW81,,282,219
youth,Class Youth World Championship,ILCA 6,ILCA 6 Men,ILCA 6 Youth World Championships,USA202507AJ8,2026-08-11,2026-08-19,"Aarhus, Denmark",https://sailing.org/regatta/ilca-6-youth-world-championships?ref=USA202507AJ8,82,SWE,Sweden,Leo Floren,SWELF8,,275,221
youth,Class Youth World Championship,ILCA 6,ILCA 6 Men,ILCA 6 Youth World Championships,USA202507AJ8,2026-08-11,2026-08-19,"Aarhus, Denmark",https://sailing.org/regatta/ilca-6-youth-world-championships?ref=USA202507AJ8,83,DEN,Denmark,Sebastian  Dahlgaard,DENSD5,,280,222
youth,Class Youth World Championship,ILCA 6,ILCA 6 Men,ILCA 6 Youth World Championships,USA202507AJ8,2026-08-11,2026-08-19,"Aarhus, Denmark",https://sailing.org/regatta/ilca-6-youth-world-championships?ref=USA202507AJ8,84,ESP,Spain,Fernando Echavarri Castanedo,ESPFE14,,264,226
youth,Class Youth World Championship,ILCA 6,ILCA 6 Men,ILCA 6 Youth World Championships,USA202507AJ8,2026-08-11,2026-08-19,"Aarhus, Denmark",https://sailing.org/regatta/ilca-6-youth-world-championships?ref=USA202507AJ8,85,CAN,Canada,Brodie Sorensen,CANBS29,,276,227
youth,Class Youth World Championship,ILCA 6,ILCA 6 Men,ILCA 6 Youth World Championships,USA202507AJ8,2026-08-11,2026-08-19,"Aarhus, Denmark",https://sailing.org/regatta/ilca-6-youth-world-championships?ref=USA202507AJ8,86,AUS,Australia,Joshua  King,AUSJK47,,259,227
youth,Class Youth World Championship,ILCA 6,ILCA 6 Men,ILCA 6 Youth World Championships,USA202507AJ8,2026-08-11,2026-08-19,"Aarhus, Denmark",https://sailing.org/regatta/ilca-6-youth-world-championships?ref=USA202507AJ8,87,CAN,Canada,Enzo Biello,CANEB27,,271,229
youth,Class Youth World Championship,ILCA 6,ILCA 6 Men,ILCA 6 Youth World Championships,USA202507AJ8,2026-08-11,2026-08-19,"Aarhus, Denmark",https://sailing.org/regatta/ilca-6-youth-world-championships?ref=USA202507AJ8,88,POL,Poland,Filip Bil,POLFB4,,292,232
youth,Class Youth World Championship,ILCA 6,ILCA 6 Men,ILCA 6 Youth World Championships,USA202507AJ8,2026-08-11,2026-08-19,"Aarhus, Denmark",https://sailing.org/regatta/ilca-6-youth-world-championships?ref=USA202507AJ8,89,USA,United States of America,Alexander Montagu,USAAM247,,288,239
youth,Class Youth World Championship,ILCA 6,ILCA 6 Men,ILCA 6 Youth World Championships,USA202507AJ8,2026-08-11,2026-08-19,"Aarhus, Denmark",https://sailing.org/regatta/ilca-6-youth-world-championships?ref=USA202507AJ8,90,USA,United States of America,Jacob Artof,USAJA136,,318,240
youth,Class Youth World Championship,ILCA 6,ILCA 6 Men,ILCA 6 Youth World Championships,USA202507AJ8,2026-08-11,2026-08-19,"Aarhus, Denmark",https://sailing.org/regatta/ilca-6-youth-world-championships?ref=USA202507AJ8,91,ITA,Italy,Salvatore Mancino,ITASM110,,299,240
youth,Class Youth World Championship,ILCA 6,ILCA 6 Men,ILCA 6 Youth World Championships,USA202507AJ8,2026-08-11,2026-08-19,"Aarhus, Denmark",https://sailing.org/regatta/ilca-6-youth-world-championships?ref=USA202507AJ8,92,ITA,Italy,LASZLO SASSI,ITALS116,,309,243
youth,Class Youth World Championship,ILCA 6,ILCA 6 Men,ILCA 6 Youth World Championships,USA202507AJ8,2026-08-11,2026-08-19,"Aarhus, Denmark",https://sailing.org/regatta/ilca-6-youth-world-championships?ref=USA202507AJ8,93,FIN,Finland,Emil Aminoff,FINEA4,,321,243
youth,Class Youth World Championship,ILCA 6,ILCA 6 Men,ILCA 6 Youth World Championships,USA202507AJ8,2026-08-11,2026-08-19,"Aarhus, Denmark",https://sailing.org/regatta/ilca-6-youth-world-championships?ref=USA202507AJ8,94,USA,United States of America,Alfonso Lanseros,USAAL136,,330,252
youth,Class Youth World Championship,ILCA 6,ILCA 6 Men,ILCA 6 Youth World Championships,USA202507AJ8,2026-08-11,2026-08-19,"Aarhus, Denmark",https://sailing.org/regatta/ilca-6-youth-world-championships?ref=USA202507AJ8,95,POR,Portugal,Manuel Matos Pinho,PORMM42,,332,254
youth,Class Youth World Championship,ILCA 6,ILCA 6 Men,ILCA 6 Youth World Championships,USA202507AJ8,2026-08-11,2026-08-19,"Aarhus, Denmark",https://sailing.org/regatta/ilca-6-youth-world-championships?ref=USA202507AJ8,96,ITA,Italy,COLAZZO PIETRO,ITACP62,,344,266
youth,Class Youth World Championship,ILCA 6,ILCA 6 Men,ILCA 6 Youth World Championships,USA202507AJ8,2026-08-11,2026-08-19,"Aarhus, Denmark",https://sailing.org/regatta/ilca-6-youth-world-championships?ref=USA202507AJ8,97,POL,Poland,Wiktor Raszka,POLWR6,,319,266
youth,Class Youth World Championship,ILCA 6,ILCA 6 Men,ILCA 6 Youth World Championships,USA202507AJ8,2026-08-11,2026-08-19,"Aarhus, Denmark",https://sailing.org/regatta/ilca-6-youth-world-championships?ref=USA202507AJ8,98,USA,United States of America,Leonardo Terzani,USALT33,,340,273
youth,Class Youth World Championship,ILCA 6,ILCA 6 Men,ILCA 6 Youth World Championships,USA202507AJ8,2026-08-11,2026-08-19,"Aarhus, Denmark",https://sailing.org/regatta/ilca-6-youth-world-championships?ref=USA202507AJ8,99,NED,Netherlands,Dirk Louwrier,NEDDL9,,337,274
youth,Class Youth World Championship,ILCA 6,ILCA 6 Men,ILCA 6 Youth World Championships,USA202507AJ8,2026-08-11,2026-08-19,"Aarhus, Denmark",https://sailing.org/regatta/ilca-6-youth-world-championships?ref=USA202507AJ8,100,NZL,New Zealand,Isaac Gaites,NZLIG2,,353,275
youth,Class Youth World Championship,ILCA 6,ILCA 6 Men,ILCA 6 Youth World Championships,USA202507AJ8,2026-08-11,2026-08-19,"Aarhus, Denmark",https://sailing.org/regatta/ilca-6-youth-world-championships?ref=USA202507AJ8,101,SWE,Sweden,Malcolm Dahlberg,SWEMD12,,332,276
youth,Class Youth World Championship,ILCA 6,ILCA 6 Men,ILCA 6 Youth World Championships,USA202507AJ8,2026-08-11,2026-08-19,"Aarhus, Denmark",https://sailing.org/regatta/ilca-6-youth-world-championships?ref=USA202507AJ8,102,GBR,Great Britain,Tom Hakes,GBRTH91,,318,276
youth,Class Youth World Championship,ILCA 6,ILCA 6 Men,ILCA 6 Youth World Championships,USA202507AJ8,2026-08-11,2026-08-19,"Aarhus, Denmark",https://sailing.org/regatta/ilca-6-youth-world-championships?ref=USA202507AJ8,103,TUR,Türkiye,Arya Polat,TURAP3,,355,277
youth,Class Youth World Championship,ILCA 6,ILCA 6 Men,ILCA 6 Youth World Championships,USA202507AJ8,2026-08-11,2026-08-19,"Aarhus, Denmark",https://sailing.org/regatta/ilca-6-youth-world-championships?ref=USA202507AJ8,104,DEN,Denmark,Malthe Husted Frank,DENMF12,,355,277
youth,Class Youth World Championship,ILCA 6,ILCA 6 Men,ILCA 6 Youth World Championships,USA202507AJ8,2026-08-11,2026-08-19,"Aarhus, Denmark",https://sailing.org/regatta/ilca-6-youth-world-championships?ref=USA202507AJ8,105,LTU,Lithuania,Tadas Azukas,LTUTA1,,332,280
youth,Class Youth World Championship,ILCA 6,ILCA 6 Men,ILCA 6 Youth World Championships,USA202507AJ8,2026-08-11,2026-08-19,"Aarhus, Denmark",https://sailing.org/regatta/ilca-6-youth-world-championships?ref=USA202507AJ8,106,USA,United States of America,Oliver  Holt,USAOH6,,327,283
youth,Class Youth World Championship,ILCA 6,ILCA 6 Men,ILCA 6 Youth World Championships,USA202507AJ8,2026-08-11,2026-08-19,"Aarhus, Denmark",https://sailing.org/regatta/ilca-6-youth-world-championships?ref=USA202507AJ8,107,ITA,Italy,Gianmarco Fonda,ITAGF120,,362,284
youth,Class Youth World Championship,ILCA 6,ILCA 6 Men,ILCA 6 Youth World Championships,USA202507AJ8,2026-08-11,2026-08-19,"Aarhus, Denmark",https://sailing.org/regatta/ilca-6-youth-world-championships?ref=USA202507AJ8,108,IRL,Ireland,Marcus Shelley,IRLMS15,,357,295
youth,Class Youth World Championship,ILCA 6,ILCA 6 Men,ILCA 6 Youth World Championships,USA202507AJ8,2026-08-11,2026-08-19,"Aarhus, Denmark",https://sailing.org/regatta/ilca-6-youth-world-championships?ref=USA202507AJ8,109,MLT,Malta,Kaine Muscat,MLTKM3,,375,297
youth,Class Youth World Championship,ILCA 6,ILCA 6 Men,ILCA 6 Youth World Championships,USA202507AJ8,2026-08-11,2026-08-19,"Aarhus, Denmark",https://sailing.org/regatta/ilca-6-youth-world-championships?ref=USA202507AJ8,110,ITA,Italy,Pietro Silvestro,ITAPS85,,353,298
youth,Class Youth World Championship,ILCA 6,ILCA 6 Men,ILCA 6 Youth World Championships,USA202507AJ8,2026-08-11,2026-08-19,"Aarhus, Denmark",https://sailing.org/regatta/ilca-6-youth-world-championships?ref=USA202507AJ8,111,SWE,Sweden,Adrian Domack,SWEAD11,,380,302
youth,Class Youth World Championship,ILCA 6,ILCA 6 Men,ILCA 6 Youth World Championships,USA202507AJ8,2026-08-11,2026-08-19,"Aarhus, Denmark",https://sailing.org/regatta/ilca-6-youth-world-championships?ref=USA202507AJ8,112,FRA,France,JULES FORTUNATI,FRAJF44,,373,303
youth,Class Youth World Championship,ILCA 6,ILCA 6 Men,ILCA 6 Youth World Championships,USA202507AJ8,2026-08-11,2026-08-19,"Aarhus, Denmark",https://sailing.org/regatta/ilca-6-youth-world-championships?ref=USA202507AJ8,113,USA,United States of America,TIMOTHY LIU,USATL120,,369,305
youth,Class Youth World Championship,ILCA 6,ILCA 6 Men,ILCA 6 Youth World Championships,USA202507AJ8,2026-08-11,2026-08-19,"Aarhus, Denmark",https://sailing.org/regatta/ilca-6-youth-world-championships?ref=USA202507AJ8,114,GER,Germany,Moritz Engel,GERME35,,355,307
youth,Class Youth World Championship,ILCA 6,ILCA 6 Men,ILCA 6 Youth World Championships,USA202507AJ8,2026-08-11,2026-08-19,"Aarhus, Denmark",https://sailing.org/regatta/ilca-6-youth-world-championships?ref=USA202507AJ8,115,ESP,Spain,Felix Ramos,ESPFR35,,389,311
youth,Class Youth World Championship,ILCA 6,ILCA 6 Men,ILCA 6 Youth World Championships,USA202507AJ8,2026-08-11,2026-08-19,"Aarhus, Denmark",https://sailing.org/regatta/ilca-6-youth-world-championships?ref=USA202507AJ8,116,HUN,Hungary,Csanád Török,HUNCT3,,396,318
youth,Class Youth World Championship,ILCA 6,ILCA 6 Men,ILCA 6 Youth World Championships,USA202507AJ8,2026-08-11,2026-08-19,"Aarhus, Denmark",https://sailing.org/regatta/ilca-6-youth-world-championships?ref=USA202507AJ8,117,SGP,Singapore,AUSTIN Jie Yu Yeo,SGPAY2,,379,320
youth,Class Youth World Championship,ILCA 6,ILCA 6 Men,ILCA 6 Youth World Championships,USA202507AJ8,2026-08-11,2026-08-19,"Aarhus, Denmark",https://sailing.org/regatta/ilca-6-youth-world-championships?ref=USA202507AJ8,118,GER,Germany,Julius Mögelin,GERJM92,,379,322
youth,Class Youth World Championship,ILCA 6,ILCA 6 Men,ILCA 6 Youth World Championships,USA202507AJ8,2026-08-11,2026-08-19,"Aarhus, Denmark",https://sailing.org/regatta/ilca-6-youth-world-championships?ref=USA202507AJ8,119,JPN,Japan,ryusei toyozumi,JPNRT14,,396,323
youth,Class Youth World Championship,ILCA 6,ILCA 6 Men,ILCA 6 Youth World Championships,USA202507AJ8,2026-08-11,2026-08-19,"Aarhus, Denmark",https://sailing.org/regatta/ilca-6-youth-world-championships?ref=USA202507AJ8,120,GBR,Great Britain,Ben  Anderson,GBRBA19,,403,329
youth,Class Youth World Championship,ILCA 6,ILCA 6 Men,ILCA 6 Youth World Championships,USA202507AJ8,2026-08-11,2026-08-19,"Aarhus, Denmark",https://sailing.org/regatta/ilca-6-youth-world-championships?ref=USA202507AJ8,121,POL,Poland,Wit Dmuchowski,POLWD6,,407,329
youth,Class Youth World Championship,ILCA 6,ILCA 6 Men,ILCA 6 Youth World Championships,USA202507AJ8,2026-08-11,2026-08-19,"Aarhus, Denmark",https://sailing.org/regatta/ilca-6-youth-world-championships?ref=USA202507AJ8,122,TUR,Türkiye,Faruk Goca,TURFG4,,396,330
youth,Class Youth World Championship,ILCA 6,ILCA 6 Men,ILCA 6 Youth World Championships,USA202507AJ8,2026-08-11,2026-08-19,"Aarhus, Denmark",https://sailing.org/regatta/ilca-6-youth-world-championships?ref=USA202507AJ8,123,CRO,Croatia,Roko Tomšić,CRORT3,,410,332
youth,Class Youth World Championship,ILCA 6,ILCA 6 Men,ILCA 6 Youth World Championships,USA202507AJ8,2026-08-11,2026-08-19,"Aarhus, Denmark",https://sailing.org/regatta/ilca-6-youth-world-championships?ref=USA202507AJ8,124,BAH,Bahamas,Emanuel Alexiou,BAHEA1,,411,333
youth,Class Youth World Championship,ILCA 6,ILCA 6 Men,ILCA 6 Youth World Championships,USA202507AJ8,2026-08-11,2026-08-19,"Aarhus, Denmark",https://sailing.org/regatta/ilca-6-youth-world-championships?ref=USA202507AJ8,125,GER,Germany,Finn Koepsell,GERFK64,,413,335
youth,Class Youth World Championship,ILCA 6,ILCA 6 Men,ILCA 6 Youth World Championships,USA202507AJ8,2026-08-11,2026-08-19,"Aarhus, Denmark",https://sailing.org/regatta/ilca-6-youth-world-championships?ref=USA202507AJ8,126,GBR,Great Britain,Cameron McDaid,GBRCM122,,399,339
youth,Class Youth World Championship,ILCA 6,ILCA 6 Men,ILCA 6 Youth World Championships,USA202507AJ8,2026-08-11,2026-08-19,"Aarhus, Denmark",https://sailing.org/regatta/ilca-6-youth-world-championships?ref=USA202507AJ8,127,NZL,New Zealand,Thomas Linklater,NZLTL7,,416,341
youth,Class Youth World Championship,ILCA 6,ILCA 6 Men,ILCA 6 Youth World Championships,USA202507AJ8,2026-08-11,2026-08-19,"Aarhus, Denmark",https://sailing.org/regatta/ilca-6-youth-world-championships?ref=USA202507AJ8,128,GBR,Great Britain,Ollie atkin,GBROA7,,422,344
youth,Class Youth World Championship,ILCA 6,ILCA 6 Men,ILCA 6 Youth World Championships,USA202507AJ8,2026-08-11,2026-08-19,"Aarhus, Denmark",https://sailing.org/regatta/ilca-6-youth-world-championships?ref=USA202507AJ8,129,LTU,Lithuania,Teodoras Karlavicius,LTUTK5,,412,348
youth,Class Youth World Championship,ILCA 6,ILCA 6 Men,ILCA 6 Youth World Championships,USA202507AJ8,2026-08-11,2026-08-19,"Aarhus, Denmark",https://sailing.org/regatta/ilca-6-youth-world-championships?ref=USA202507AJ8,130,NED,Netherlands,Sebastiaan Van Ofwegen,NEDSV51,,428,350
youth,Class Youth World Championship,ILCA 6,ILCA 6 Men,ILCA 6 Youth World Championships,USA202507AJ8,2026-08-11,2026-08-19,"Aarhus, Denmark",https://sailing.org/regatta/ilca-6-youth-world-championships?ref=USA202507AJ8,131,SWE,Sweden,Axel Ekerstig,SWEAE29,,428,350
youth,Class Youth World Championship,ILCA 6,ILCA 6 Men,ILCA 6 Youth World Championships,USA202507AJ8,2026-08-11,2026-08-19,"Aarhus, Denmark",https://sailing.org/regatta/ilca-6-youth-world-championships?ref=USA202507AJ8,132,GER,Germany,Enno  Ecks,GEREE8,,403,351
youth,Class Youth World Championship,ILCA 6,ILCA 6 Men,ILCA 6 Youth World Championships,USA202507AJ8,2026-08-11,2026-08-19,"Aarhus, Denmark",https://sailing.org/regatta/ilca-6-youth-world-championships?ref=USA202507AJ8,133,USA,United States of America,Kousei Hatter,USAKH127,,421,354
youth,Class Youth World Championship,ILCA 6,ILCA 6 Men,ILCA 6 Youth World Championships,USA202507AJ8,2026-08-11,2026-08-19,"Aarhus, Denmark",https://sailing.org/regatta/ilca-6-youth-world-championships?ref=USA202507AJ8,134,POL,Poland,Szymon Mocarski,POLSM17,,427,358
youth,Class Youth World Championship,ILCA 6,ILCA 6 Men,ILCA 6 Youth World Championships,USA202507AJ8,2026-08-11,2026-08-19,"Aarhus, Denmark",https://sailing.org/regatta/ilca-6-youth-world-championships?ref=USA202507AJ8,135,PUR,Puerto Rico,Diego Sepulveda,PURDS2,,442,364
youth,Class Youth World Championship,ILCA 6,ILCA 6 Men,ILCA 6 Youth World Championships,USA202507AJ8,2026-08-11,2026-08-19,"Aarhus, Denmark",https://sailing.org/regatta/ilca-6-youth-world-championships?ref=USA202507AJ8,136,BEL,Belgium,VALERIO TRUPPO,ITAVT12,,439,375
youth,Class Youth World Championship,ILCA 6,ILCA 6 Men,ILCA 6 Youth World Championships,USA202507AJ8,2026-08-11,2026-08-19,"Aarhus, Denmark",https://sailing.org/regatta/ilca-6-youth-world-championships?ref=USA202507AJ8,137,GBR,Great Britain,Steffan Williams,GBRSW131,,450,379
youth,Class Youth World Championship,ILCA 6,ILCA 6 Men,ILCA 6 Youth World Championships,USA202507AJ8,2026-08-11,2026-08-19,"Aarhus, Denmark",https://sailing.org/regatta/ilca-6-youth-world-championships?ref=USA202507AJ8,138,ITA,Italy,ALESSIO NESSI,ITAAN50,,432,379
youth,Class Youth World Championship,ILCA 6,ILCA 6 Men,ILCA 6 Youth World Championships,USA202507AJ8,2026-08-11,2026-08-19,"Aarhus, Denmark",https://sailing.org/regatta/ilca-6-youth-world-championships?ref=USA202507AJ8,139,BRA,Brazil,TEODORO GUADAGNIN,BRATG6,,461,383
youth,Class Youth World Championship,ILCA 6,ILCA 6 Men,ILCA 6 Youth World Championships,USA202507AJ8,2026-08-11,2026-08-19,"Aarhus, Denmark",https://sailing.org/regatta/ilca-6-youth-world-championships?ref=USA202507AJ8,140,DEN,Denmark,Marcus Taul Nissen,DENMT10,,463,385
youth,Class Youth World Championship,ILCA 6,ILCA 6 Men,ILCA 6 Youth World Championships,USA202507AJ8,2026-08-11,2026-08-19,"Aarhus, Denmark",https://sailing.org/regatta/ilca-6-youth-world-championships?ref=USA202507AJ8,141,FIN,Finland,Oskari Jefimoff,FINOJ7,,470,392
youth,Class Youth World Championship,ILCA 6,ILCA 6 Men,ILCA 6 Youth World Championships,USA202507AJ8,2026-08-11,2026-08-19,"Aarhus, Denmark",https://sailing.org/regatta/ilca-6-youth-world-championships?ref=USA202507AJ8,142,SWE,Sweden,Felix Palm,SWEFP5,,472,406
youth,Class Youth World Championship,ILCA 6,ILCA 6 Men,ILCA 6 Youth World Championships,USA202507AJ8,2026-08-11,2026-08-19,"Aarhus, Denmark",https://sailing.org/regatta/ilca-6-youth-world-championships?ref=USA202507AJ8,143,SLO,Slovenia,Matija Slabe,SLOMS12,,487,409
youth,Class Youth World Championship,ILCA 6,ILCA 6 Men,ILCA 6 Youth World Championships,USA202507AJ8,2026-08-11,2026-08-19,"Aarhus, Denmark",https://sailing.org/regatta/ilca-6-youth-world-championships?ref=USA202507AJ8,144,BEL,Belgium,Matthijs Lenaerts,BELML11,,495,417
youth,Class Youth World Championship,ILCA 6,ILCA 6 Men,ILCA 6 Youth World Championships,USA202507AJ8,2026-08-11,2026-08-19,"Aarhus, Denmark",https://sailing.org/regatta/ilca-6-youth-world-championships?ref=USA202507AJ8,145,IRL,Ireland,Cormac Byrne,IRLCB41,,496,418
youth,Class Youth World Championship,ILCA 6,ILCA 6 Men,ILCA 6 Youth World Championships,USA202507AJ8,2026-08-11,2026-08-19,"Aarhus, Denmark",https://sailing.org/regatta/ilca-6-youth-world-championships?ref=USA202507AJ8,146,JPN,Japan,Kota Inoue,JPNKI50,,498,420
youth,Class Youth World Championship,ILCA 6,ILCA 6 Men,ILCA 6 Youth World Championships,USA202507AJ8,2026-08-11,2026-08-19,"Aarhus, Denmark",https://sailing.org/regatta/ilca-6-youth-world-championships?ref=USA202507AJ8,147,ITA,Italy,Alessandro Locati,ITAAL109,,503,425
youth,Class Youth World Championship,ILCA 6,ILCA 6 Men,ILCA 6 Youth World Championships,USA202507AJ8,2026-08-11,2026-08-19,"Aarhus, Denmark",https://sailing.org/regatta/ilca-6-youth-world-championships?ref=USA202507AJ8,148,FRA,France,Luka Moreau Dhallenne,FRALM81,,507,429
youth,Class Youth World Championship,ILCA 6,ILCA 6 Men,ILCA 6 Youth World Championships,USA202507AJ8,2026-08-11,2026-08-19,"Aarhus, Denmark",https://sailing.org/regatta/ilca-6-youth-world-championships?ref=USA202507AJ8,149,SGP,Singapore,ian Gog,SGPIG2,,500,433
youth,Class Youth World Championship,ILCA 6,ILCA 6 Men,ILCA 6 Youth World Championships,USA202507AJ8,2026-08-11,2026-08-19,"Aarhus, Denmark",https://sailing.org/regatta/ilca-6-youth-world-championships?ref=USA202507AJ8,150,AUS,Australia,Wilbur Bright,AUSWB24,,513,435
youth,Class Youth World Championship,ILCA 6,ILCA 6 Men,ILCA 6 Youth World Championships,USA202507AJ8,2026-08-11,2026-08-19,"Aarhus, Denmark",https://sailing.org/regatta/ilca-6-youth-world-championships?ref=USA202507AJ8,151,USA,United States of America,William Bateman,USAWB132,,524,450
youth,Class Youth World Championship,ILCA 6,ILCA 6 Men,ILCA 6 Youth World Championships,USA202507AJ8,2026-08-11,2026-08-19,"Aarhus, Denmark",https://sailing.org/regatta/ilca-6-youth-world-championships?ref=USA202507AJ8,152,ITA,Italy,Alessio Santostefano,ITAAS216,,528,450
youth,Class Youth World Championship,ILCA 6,ILCA 6 Men,ILCA 6 Youth World Championships,USA202507AJ8,2026-08-11,2026-08-19,"Aarhus, Denmark",https://sailing.org/regatta/ilca-6-youth-world-championships?ref=USA202507AJ8,153,ITA,Italy,Claudio Gambino,ITACG69,,534,456
youth,Class Youth World Championship,ILCA 6,ILCA 6 Men,ILCA 6 Youth World Championships,USA202507AJ8,2026-08-11,2026-08-19,"Aarhus, Denmark",https://sailing.org/regatta/ilca-6-youth-world-championships?ref=USA202507AJ8,154,GER,Germany,Nathan Just Lasch,GERNL17,,557,479
youth,Class Youth World Championship,ILCA 6,ILCA 6 Men,ILCA 6 Youth World Championships,USA202507AJ8,2026-08-11,2026-08-19,"Aarhus, Denmark",https://sailing.org/regatta/ilca-6-youth-world-championships?ref=USA202507AJ8,155,IRL,Ireland,Eolann Miles,IRLEM46,,286,220
youth,Class Youth World Championship,ILCA 6,ILCA 6 Men,ILCA 6 Youth World Championships,USA202507AJ8,2026-08-11,2026-08-19,"Aarhus, Denmark",https://sailing.org/regatta/ilca-6-youth-world-championships?ref=USA202507AJ8,156,USA,United States of America,Sander Block,USASB239,,301,251
youth,Class Youth World Championship,ILCA 6,ILCA 6 Men,ILCA 6 Youth World Championships,USA202507AJ8,2026-08-11,2026-08-19,"Aarhus, Denmark",https://sailing.org/regatta/ilca-6-youth-world-championships?ref=USA202507AJ8,157,NOR,Norway,Finn Fabres,NORFF5,,328,257
youth,Class Youth World Championship,ILCA 6,ILCA 6 Men,ILCA 6 Youth World Championships,USA202507AJ8,2026-08-11,2026-08-19,"Aarhus, Denmark",https://sailing.org/regatta/ilca-6-youth-world-championships?ref=USA202507AJ8,158,IRL,Ireland,Rory Brennan-Hobbs,IRLRB32,,346,268
youth,Class Youth World Championship,ILCA 6,ILCA 6 Men,ILCA 6 Youth World Championships,USA202507AJ8,2026-08-11,2026-08-19,"Aarhus, Denmark",https://sailing.org/regatta/ilca-6-youth-world-championships?ref=USA202507AJ8,159,ITA,Italy,Pietro Gainelli,ITAPG56,,330,276
youth,Class Youth World Championship,ILCA 6,ILCA 6 Men,ILCA 6 Youth World Championships,USA202507AJ8,2026-08-11,2026-08-19,"Aarhus, Denmark",https://sailing.org/regatta/ilca-6-youth-world-championships?ref=USA202507AJ8,160,IRL,Ireland,Harry Dunne,IRLHD12,,383,305
youth,Class Youth World Championship,ILCA 6,ILCA 6 Men,ILCA 6 Youth World Championships,USA202507AJ8,2026-08-11,2026-08-19,"Aarhus, Denmark",https://sailing.org/regatta/ilca-6-youth-world-championships?ref=USA202507AJ8,161,SWE,Sweden,Nils Zander,SWENZ4,,386,321
youth,Class Youth World Championship,ILCA 6,ILCA 6 Men,ILCA 6 Youth World Championships,USA202507AJ8,2026-08-11,2026-08-19,"Aarhus, Denmark",https://sailing.org/regatta/ilca-6-youth-world-championships?ref=USA202507AJ8,162,HUN,Hungary,Kolos Toth-Sarkadi,HUNKT5,,404,326
youth,Class Youth World Championship,ILCA 6,ILCA 6 Men,ILCA 6 Youth World Championships,USA202507AJ8,2026-08-11,2026-08-19,"Aarhus, Denmark",https://sailing.org/regatta/ilca-6-youth-world-championships?ref=USA202507AJ8,163,POL,Poland,JACOPO SAGLIO,ITAJS10,,405,327
youth,Class Youth World Championship,ILCA 6,ILCA 6 Men,ILCA 6 Youth World Championships,USA202507AJ8,2026-08-11,2026-08-19,"Aarhus, Denmark",https://sailing.org/regatta/ilca-6-youth-world-championships?ref=USA202507AJ8,164,ITA,Italy,DOMENICO PIO SCHIANO DI SCIOARRO,ITADS54,,406,328
youth,Class Youth World Championship,ILCA 6,ILCA 6 Men,ILCA 6 Youth World Championships,USA202507AJ8,2026-08-11,2026-08-19,"Aarhus, Denmark",https://sailing.org/regatta/ilca-6-youth-world-championships?ref=USA202507AJ8,165,CZE,Czechia,Vladimir Kovac,CZEVK7,,387,328
youth,Class Youth World Championship,ILCA 6,ILCA 6 Men,ILCA 6 Youth World Championships,USA202507AJ8,2026-08-11,2026-08-19,"Aarhus, Denmark",https://sailing.org/regatta/ilca-6-youth-world-championships?ref=USA202507AJ8,166,GER,Germany,Paul Patalas,GERPP22,,386,331
youth,Class Youth World Championship,ILCA 6,ILCA 6 Men,ILCA 6 Youth World Championships,USA202507AJ8,2026-08-11,2026-08-19,"Aarhus, Denmark",https://sailing.org/regatta/ilca-6-youth-world-championships?ref=USA202507AJ8,167,SGP,Singapore,Gordon Allan,SGPGA1,,400,332
youth,Class Youth World Championship,ILCA 6,ILCA 6 Men,ILCA 6 Youth World Championships,USA202507AJ8,2026-08-11,2026-08-19,"Aarhus, Denmark",https://sailing.org/regatta/ilca-6-youth-world-championships?ref=USA202507AJ8,168,SWE,Sweden,Gustav Skålén,SWEGS16,,411,333
youth,Class Youth World Championship,ILCA 6,ILCA 6 Men,ILCA 6 Youth World Championships,USA202507AJ8,2026-08-11,2026-08-19,"Aarhus, Denmark",https://sailing.org/regatta/ilca-6-youth-world-championships?ref=USA202507AJ8,169,USA,United States of America,Emerson  Wadell,USAEW123,,394,336
youth,Class Youth World Championship,ILCA 6,ILCA 6 Men,ILCA 6 Youth World Championships,USA202507AJ8,2026-08-11,2026-08-19,"Aarhus, Denmark",https://sailing.org/regatta/ilca-6-youth-world-championships?ref=USA202507AJ8,170,NZL,New Zealand,George Turner,NZLGT6,,415,337
youth,Class Youth World Championship,ILCA 6,ILCA 6 Men,ILCA 6 Youth World Championships,USA202507AJ8,2026-08-11,2026-08-19,"Aarhus, Denmark",https://sailing.org/regatta/ilca-6-youth-world-championships?ref=USA202507AJ8,171,BEL,Belgium,Kiran Baert,BELKB8,,418,340
youth,Class Youth World Championship,ILCA 6,ILCA 6 Men,ILCA 6 Youth World Championships,USA202507AJ8,2026-08-11,2026-08-19,"Aarhus, Denmark",https://sailing.org/regatta/ilca-6-youth-world-championships?ref=USA202507AJ8,172,CHI,Chile,Agustin  Soto,CHIAS5,,404,341
youth,Class Youth World Championship,ILCA 6,ILCA 6 Men,ILCA 6 Youth World Championships,USA202507AJ8,2026-08-11,2026-08-19,"Aarhus, Denmark",https://sailing.org/regatta/ilca-6-youth-world-championships?ref=USA202507AJ8,173,UKR,Ukraine,Ivan Gribov,UKRIG1,,404,342
youth,Class Youth World Championship,ILCA 6,ILCA 6 Men,ILCA 6 Youth World Championships,USA202507AJ8,2026-08-11,2026-08-19,"Aarhus, Denmark",https://sailing.org/regatta/ilca-6-youth-world-championships?ref=USA202507AJ8,174,IRL,Ireland,Max OHare,IRLMO83,,396,348
youth,Class Youth World Championship,ILCA 6,ILCA 6 Men,ILCA 6 Youth World Championships,USA202507AJ8,2026-08-11,2026-08-19,"Aarhus, Denmark",https://sailing.org/regatta/ilca-6-youth-world-championships?ref=USA202507AJ8,175,NZL,New Zealand,Lukas Johnson,NZLLJ9,,432,354
youth,Class Youth World Championship,ILCA 6,ILCA 6 Men,ILCA 6 Youth World Championships,USA202507AJ8,2026-08-11,2026-08-19,"Aarhus, Denmark",https://sailing.org/regatta/ilca-6-youth-world-championships?ref=USA202507AJ8,176,POL,Poland,Michal Godlewski,POLMG68,,432,354
youth,Class Youth World Championship,ILCA 6,ILCA 6 Men,ILCA 6 Youth World Championships,USA202507AJ8,2026-08-11,2026-08-19,"Aarhus, Denmark",https://sailing.org/regatta/ilca-6-youth-world-championships?ref=USA202507AJ8,177,CAN,Canada,Cedrik Dumais,CANCD28,,421,362
youth,Class Youth World Championship,ILCA 6,ILCA 6 Men,ILCA 6 Youth World Championships,USA202507AJ8,2026-08-11,2026-08-19,"Aarhus, Denmark",https://sailing.org/regatta/ilca-6-youth-world-championships?ref=USA202507AJ8,178,EST,Estonia,Alexander Eberle,ESTAE4,,417,363
youth,Class Youth World Championship,ILCA 6,ILCA 6 Men,ILCA 6 Youth World Championships,USA202507AJ8,2026-08-11,2026-08-19,"Aarhus, Denmark",https://sailing.org/regatta/ilca-6-youth-world-championships?ref=USA202507AJ8,179,GBR,Great Britain,Thomas Saunders,GBRTS94,,442,364
youth,Class Youth World Championship,ILCA 6,ILCA 6 Men,ILCA 6 Youth World Championships,USA202507AJ8,2026-08-11,2026-08-19,"Aarhus, Denmark",https://sailing.org/regatta/ilca-6-youth-world-championships?ref=USA202507AJ8,180,USA,United States of America,James Crabb,USAJC390,,431,365
youth,Class Youth World Championship,ILCA 6,ILCA 6 Men,ILCA 6 Youth World Championships,USA202507AJ8,2026-08-11,2026-08-19,"Aarhus, Denmark",https://sailing.org/regatta/ilca-6-youth-world-championships?ref=USA202507AJ8,181,USA,United States of America,Wilbur Smith IV,USAWS142,,441,371
youth,Class Youth World Championship,ILCA 6,ILCA 6 Men,ILCA 6 Youth World Championships,USA202507AJ8,2026-08-11,2026-08-19,"Aarhus, Denmark",https://sailing.org/regatta/ilca-6-youth-world-championships?ref=USA202507AJ8,182,IRL,Ireland,Joseph Robinson,GBRJR142,,434,375
youth,Class Youth World Championship,ILCA 6,ILCA 6 Men,ILCA 6 Youth World Championships,USA202507AJ8,2026-08-11,2026-08-19,"Aarhus, Denmark",https://sailing.org/regatta/ilca-6-youth-world-championships?ref=USA202507AJ8,183,CAN,Canada,Alec Bostan,CANAB62,,447,376
youth,Class Youth World Championship,ILCA 6,ILCA 6 Men,ILCA 6 Youth World Championships,USA202507AJ8,2026-08-11,2026-08-19,"Aarhus, Denmark",https://sailing.org/regatta/ilca-6-youth-world-championships?ref=USA202507AJ8,184,USA,United States of America,CHE LIU,CHNCL14,,450,380
youth,Class Youth World Championship,ILCA 6,ILCA 6 Men,ILCA 6 Youth World Championships,USA202507AJ8,2026-08-11,2026-08-19,"Aarhus, Denmark",https://sailing.org/regatta/ilca-6-youth-world-championships?ref=USA202507AJ8,185,GER,Germany,Ole Reinhardt,GEROR5,,461,383
youth,Class Youth World Championship,ILCA 6,ILCA 6 Men,ILCA 6 Youth World Championships,USA202507AJ8,2026-08-11,2026-08-19,"Aarhus, Denmark",https://sailing.org/regatta/ilca-6-youth-world-championships?ref=USA202507AJ8,186,AHO,Netherlands Antilles,Richendly Ferrero,AHORF5,,446,383
youth,Class Youth World Championship,ILCA 6,ILCA 6 Men,ILCA 6 Youth World Championships,USA202507AJ8,2026-08-11,2026-08-19,"Aarhus, Denmark",https://sailing.org/regatta/ilca-6-youth-world-championships?ref=USA202507AJ8,187,LAT,Latvia,Ansis Čodars,LATAČ2,,452,384
youth,Class Youth World Championship,ILCA 6,ILCA 6 Men,ILCA 6 Youth World Championships,USA202507AJ8,2026-08-11,2026-08-19,"Aarhus, Denmark",https://sailing.org/regatta/ilca-6-youth-world-championships?ref=USA202507AJ8,188,NZL,New Zealand,Thomas Jurczyluk,NZLTJ2,,447,388
youth,Class Youth World Championship,ILCA 6,ILCA 6 Men,ILCA 6 Youth World Championships,USA202507AJ8,2026-08-11,2026-08-19,"Aarhus, Denmark",https://sailing.org/regatta/ilca-6-youth-world-championships?ref=USA202507AJ8,189,GER,Germany,Constantin Engelke,GERCE20,,462,391
youth,Class Youth World Championship,ILCA 6,ILCA 6 Men,ILCA 6 Youth World Championships,USA202507AJ8,2026-08-11,2026-08-19,"Aarhus, Denmark",https://sailing.org/regatta/ilca-6-youth-world-championships?ref=USA202507AJ8,190,PER,Peru,Caleb Gauthier Asmat,PERCG1,,471,393
youth,Class Youth World Championship,ILCA 6,ILCA 6 Men,ILCA 6 Youth World Championships,USA202507AJ8,2026-08-11,2026-08-19,"Aarhus, Denmark",https://sailing.org/regatta/ilca-6-youth-world-championships?ref=USA202507AJ8,191,GRE,Greece,Michail Akalestos,GREMA8,,483,405
youth,Class Youth World Championship,ILCA 6,ILCA 6 Men,ILCA 6 Youth World Championships,USA202507AJ8,2026-08-11,2026-08-19,"Aarhus, Denmark",https://sailing.org/regatta/ilca-6-youth-world-championships?ref=USA202507AJ8,192,URU,Uruguay,Alan Mathisson,URUAM9,,471,405
youth,Class Youth World Championship,ILCA 6,ILCA 6 Men,ILCA 6 Youth World Championships,USA202507AJ8,2026-08-11,2026-08-19,"Aarhus, Denmark",https://sailing.org/regatta/ilca-6-youth-world-championships?ref=USA202507AJ8,193,USA,United States of America,Giorgio Boggio,USAGB140,,484,406
youth,Class Youth World Championship,ILCA 6,ILCA 6 Men,ILCA 6 Youth World Championships,USA202507AJ8,2026-08-11,2026-08-19,"Aarhus, Denmark",https://sailing.org/regatta/ilca-6-youth-world-championships?ref=USA202507AJ8,194,GER,Germany,Moritz  Thiel,GERMT42,,486,408
youth,Class Youth World Championship,ILCA 6,ILCA 6 Men,ILCA 6 Youth World Championships,USA202507AJ8,2026-08-11,2026-08-19,"Aarhus, Denmark",https://sailing.org/regatta/ilca-6-youth-world-championships?ref=USA202507AJ8,195,ITA,Italy,Manfredi Burruano,ITAMB317,,487,409
youth,Class Youth World Championship,ILCA 6,ILCA 6 Men,ILCA 6 Youth World Championships,USA202507AJ8,2026-08-11,2026-08-19,"Aarhus, Denmark",https://sailing.org/regatta/ilca-6-youth-world-championships?ref=USA202507AJ8,196,GBR,Great Britain,William Morris,GBRWM26,,487,409
youth,Class Youth World Championship,ILCA 6,ILCA 6 Men,ILCA 6 Youth World Championships,USA202507AJ8,2026-08-11,2026-08-19,"Aarhus, Denmark",https://sailing.org/regatta/ilca-6-youth-world-championships?ref=USA202507AJ8,197,USA,United States of America,Brayden Zawyer,USABZ10,,482,410
youth,Class Youth World Championship,ILCA 6,ILCA 6 Men,ILCA 6 Youth World Championships,USA202507AJ8,2026-08-11,2026-08-19,"Aarhus, Denmark",https://sailing.org/regatta/ilca-6-youth-world-championships?ref=USA202507AJ8,198,DEN,Denmark,Thor Frank,DENTF6,,481,417
youth,Class Youth World Championship,ILCA 6,ILCA 6 Men,ILCA 6 Youth World Championships,USA202507AJ8,2026-08-11,2026-08-19,"Aarhus, Denmark",https://sailing.org/regatta/ilca-6-youth-world-championships?ref=USA202507AJ8,199,GBR,Great Britain,Ethan  Rhodes,GBRER32,,476,419
youth,Class Youth World Championship,ILCA 6,ILCA 6 Men,ILCA 6 Youth World Championships,USA202507AJ8,2026-08-11,2026-08-19,"Aarhus, Denmark",https://sailing.org/regatta/ilca-6-youth-world-championships?ref=USA202507AJ8,200,IRL,Ireland,Eduardo Gasset,ESPEG35,,498,420
youth,Class Youth World Championship,ILCA 6,ILCA 6 Men,ILCA 6 Youth World Championships,USA202507AJ8,2026-08-11,2026-08-19,"Aarhus, Denmark",https://sailing.org/regatta/ilca-6-youth-world-championships?ref=USA202507AJ8,201,BAH,Bahamas,Finley McKinney-Lambert,BAHFM3,,483,421
youth,Class Youth World Championship,ILCA 6,ILCA 6 Men,ILCA 6 Youth World Championships,USA202507AJ8,2026-08-11,2026-08-19,"Aarhus, Denmark",https://sailing.org/regatta/ilca-6-youth-world-championships?ref=USA202507AJ8,202,BEL,Belgium,Flint Decroo,BELFD11,,506,428
youth,Class Youth World Championship,ILCA 6,ILCA 6 Men,ILCA 6 Youth World Championships,USA202507AJ8,2026-08-11,2026-08-19,"Aarhus, Denmark",https://sailing.org/regatta/ilca-6-youth-world-championships?ref=USA202507AJ8,203,EST,Estonia,Robert Kesküla,ESTRK8,,498,429
youth,Class Youth World Championship,ILCA 6,ILCA 6 Men,ILCA 6 Youth World Championships,USA202507AJ8,2026-08-11,2026-08-19,"Aarhus, Denmark",https://sailing.org/regatta/ilca-6-youth-world-championships?ref=USA202507AJ8,204,CZE,Czechia,Jan kriz,CZEJK21,,497,430
youth,Class Youth World Championship,ILCA 6,ILCA 6 Men,ILCA 6 Youth World Championships,USA202507AJ8,2026-08-11,2026-08-19,"Aarhus, Denmark",https://sailing.org/regatta/ilca-6-youth-world-championships?ref=USA202507AJ8,205,NED,Netherlands,Laurens Bijlsma,NEDLB14,,509,431
youth,Class Youth World Championship,ILCA 6,ILCA 6 Men,ILCA 6 Youth World Championships,USA202507AJ8,2026-08-11,2026-08-19,"Aarhus, Denmark",https://sailing.org/regatta/ilca-6-youth-world-championships?ref=USA202507AJ8,206,GER,Germany,Moritz Leopold Lütke Notarp,GERML69,,486,431
youth,Class Youth World Championship,ILCA 6,ILCA 6 Men,ILCA 6 Youth World Championships,USA202507AJ8,2026-08-11,2026-08-19,"Aarhus, Denmark",https://sailing.org/regatta/ilca-6-youth-world-championships?ref=USA202507AJ8,207,NOR,Norway,Nikolai Renø,NORNR5,,510,432
youth,Class Youth World Championship,ILCA 6,ILCA 6 Men,ILCA 6 Youth World Championships,USA202507AJ8,2026-08-11,2026-08-19,"Aarhus, Denmark",https://sailing.org/regatta/ilca-6-youth-world-championships?ref=USA202507AJ8,208,MEX,Mexico,Inti Bourquin,MEXIB5,,513,435
youth,Class Youth World Championship,ILCA 6,ILCA 6 Men,ILCA 6 Youth World Championships,USA202507AJ8,2026-08-11,2026-08-19,"Aarhus, Denmark",https://sailing.org/regatta/ilca-6-youth-world-championships?ref=USA202507AJ8,209,NOR,Norway,Marius Orvin,NORMO2,,515,437
youth,Class Youth World Championship,ILCA 6,ILCA 6 Men,ILCA 6 Youth World Championships,USA202507AJ8,2026-08-11,2026-08-19,"Aarhus, Denmark",https://sailing.org/regatta/ilca-6-youth-world-championships?ref=USA202507AJ8,210,NED,Netherlands,Wesse Brink,NEDWB11,,518,440
youth,Class Youth World Championship,ILCA 6,ILCA 6 Men,ILCA 6 Youth World Championships,USA202507AJ8,2026-08-11,2026-08-19,"Aarhus, Denmark",https://sailing.org/regatta/ilca-6-youth-world-championships?ref=USA202507AJ8,211,AUS,Australia,Hugh Healy,AUSHH21,,519,441
youth,Class Youth World Championship,ILCA 6,ILCA 6 Men,ILCA 6 Youth World Championships,USA202507AJ8,2026-08-11,2026-08-19,"Aarhus, Denmark",https://sailing.org/regatta/ilca-6-youth-world-championships?ref=USA202507AJ8,212,NED,Netherlands,Luc van Rooij,NEDLV49,,524,446
youth,Class Youth World Championship,ILCA 6,ILCA 6 Men,ILCA 6 Youth World Championships,USA202507AJ8,2026-08-11,2026-08-19,"Aarhus, Denmark",https://sailing.org/regatta/ilca-6-youth-world-championships?ref=USA202507AJ8,213,GBR,Great Britain,Nathan  Clark,GBRNC74,,514,453
youth,Class Youth World Championship,ILCA 6,ILCA 6 Men,ILCA 6 Youth World Championships,USA202507AJ8,2026-08-11,2026-08-19,"Aarhus, Denmark",https://sailing.org/regatta/ilca-6-youth-world-championships?ref=USA202507AJ8,214,SWE,Sweden,Anton Ekerstig,SWEAE28,,517,455
youth,Class Youth World Championship,ILCA 6,ILCA 6 Men,ILCA 6 Youth World Championships,USA202507AJ8,2026-08-11,2026-08-19,"Aarhus, Denmark",https://sailing.org/regatta/ilca-6-youth-world-championships?ref=USA202507AJ8,215,SWE,Sweden,Fredrik Lästh,SWEFL24,,526,457
youth,Class Youth World Championship,ILCA 6,ILCA 6 Men,ILCA 6 Youth World Championships,USA202507AJ8,2026-08-11,2026-08-19,"Aarhus, Denmark",https://sailing.org/regatta/ilca-6-youth-world-championships?ref=USA202507AJ8,216,GBR,Great Britain,Lucas Symons,GBRLS43,,531,458
youth,Class Youth World Championship,ILCA 6,ILCA 6 Men,ILCA 6 Youth World Championships,USA202507AJ8,2026-08-11,2026-08-19,"Aarhus, Denmark",https://sailing.org/regatta/ilca-6-youth-world-championships?ref=USA202507AJ8,217,ITA,Italy,Leonardo  Grossi,ITALG87,,543,465
youth,Class Youth World Championship,ILCA 6,ILCA 6 Men,ILCA 6 Youth World Championships,USA202507AJ8,2026-08-11,2026-08-19,"Aarhus, Denmark",https://sailing.org/regatta/ilca-6-youth-world-championships?ref=USA202507AJ8,218,USA,United States of America,Jason Lin,USAJL289,,537,470
youth,Class Youth World Championship,ILCA 6,ILCA 6 Men,ILCA 6 Youth World Championships,USA202507AJ8,2026-08-11,2026-08-19,"Aarhus, Denmark",https://sailing.org/regatta/ilca-6-youth-world-championships?ref=USA202507AJ8,219,CAN,Canada,Ross Pringle,CANRP22,,550,472
youth,Class Youth World Championship,ILCA 6,ILCA 6 Men,ILCA 6 Youth World Championships,USA202507AJ8,2026-08-11,2026-08-19,"Aarhus, Denmark",https://sailing.org/regatta/ilca-6-youth-world-championships?ref=USA202507AJ8,220,AHO,Netherlands Antilles,James Balentien,AHOJB3,,560,482
youth,Class Youth World Championship,ILCA 6,ILCA 6 Men,ILCA 6 Youth World Championships,USA202507AJ8,2026-08-11,2026-08-19,"Aarhus, Denmark",https://sailing.org/regatta/ilca-6-youth-world-championships?ref=USA202507AJ8,221,AHO,Netherlands Antilles,Christiaan Meloen,AHOCM1,,556,487
youth,Class Youth World Championship,ILCA 6,ILCA 6 Men,ILCA 6 Youth World Championships,USA202507AJ8,2026-08-11,2026-08-19,"Aarhus, Denmark",https://sailing.org/regatta/ilca-6-youth-world-championships?ref=USA202507AJ8,222,BEL,Belgium,Christophe Papanastasiou,BELCP7,,562,495
youth,Class Youth World Championship,ILCA 6,ILCA 6 Men,ILCA 6 Youth World Championships,USA202507AJ8,2026-08-11,2026-08-19,"Aarhus, Denmark",https://sailing.org/regatta/ilca-6-youth-world-championships?ref=USA202507AJ8,223,GBR,Great Britain,Harry Mills,GBRHM62,,584,506
youth,Class Youth World Championship,ILCA 6,ILCA 6 Men,ILCA 6 Youth World Championships,USA202507AJ8,2026-08-11,2026-08-19,"Aarhus, Denmark",https://sailing.org/regatta/ilca-6-youth-world-championships?ref=USA202507AJ8,224,GER,Germany,Lukas Fangmeyer,GERLF26,,598,520
youth,Class Youth World Championship,ILCA 6,ILCA 6 Men,ILCA 6 Youth World Championships,USA202507AJ8,2026-08-11,2026-08-19,"Aarhus, Denmark",https://sailing.org/regatta/ilca-6-youth-world-championships?ref=USA202507AJ8,225,ITA,Italy,Giovanni Balestreri,ITAGB283,,604,526
youth,Class Youth World Championship,ILCA 6,ILCA 6 Men,ILCA 6 Youth World Championships,USA202507AJ8,2026-08-11,2026-08-19,"Aarhus, Denmark",https://sailing.org/regatta/ilca-6-youth-world-championships?ref=USA202507AJ8,226,GRE,Greece,ANASTASIOS TOURLIS,GREAT37,,611,533
youth,Class Youth World Championship,ILCA 6,ILCA 6 Men,ILCA 6 Youth World Championships,USA202507AJ8,2026-08-11,2026-08-19,"Aarhus, Denmark",https://sailing.org/regatta/ilca-6-youth-world-championships?ref=USA202507AJ8,227,NED,Netherlands,Merijn Dam,NEDMD54,,617,539
youth,Class Youth World Championship,ILCA 6,ILCA 6 Men,ILCA 6 Youth World Championships,USA202507AJ8,2026-08-11,2026-08-19,"Aarhus, Denmark",https://sailing.org/regatta/ilca-6-youth-world-championships?ref=USA202507AJ8,228,SUI,Switzerland,Yann Van de Vyver,SUIYV2,,618,540
youth,Class Youth World Championship,ILCA 6,ILCA 6 Men,ILCA 6 Youth World Championships,USA202507AJ8,2026-08-11,2026-08-19,"Aarhus, Denmark",https://sailing.org/regatta/ilca-6-youth-world-championships?ref=USA202507AJ8,229,BRA,Brazil,Marcelo Paiva Gomes,BRAMP40,,620,542
youth,Class Youth World Championship,ILCA 6,ILCA 6 Men,ILCA 6 Youth World Championships,USA202507AJ8,2026-08-11,2026-08-19,"Aarhus, Denmark",https://sailing.org/regatta/ilca-6-youth-world-championships?ref=USA202507AJ8,230,USA,United States of America,Win Hodgson,USAWH102,,623.6,547.6
youth,Class Youth World Championship,ILCA 6,ILCA 6 Men,ILCA 6 Youth World Championships,USA202507AJ8,2026-08-11,2026-08-19,"Aarhus, Denmark",https://sailing.org/regatta/ilca-6-youth-world-championships?ref=USA202507AJ8,231,SWE,Sweden,Max Bergvall,SWEMB45,,665,587
youth,Class Youth World Championship,ILCA 6,ILCA 6 Men,ILCA 6 Youth World Championships,USA202507AJ8,2026-08-11,2026-08-19,"Aarhus, Denmark",https://sailing.org/regatta/ilca-6-youth-world-championships?ref=USA202507AJ8,232,CHI,Chile,Santiago Gaete,CHISG5,,343,286
youth,Class Youth World Championship,ILCA 6,ILCA 6 Men,ILCA 6 Youth World Championships,USA202507AJ8,2026-08-11,2026-08-19,"Aarhus, Denmark",https://sailing.org/regatta/ilca-6-youth-world-championships?ref=USA202507AJ8,233,IRL,Ireland,Jack Ives,IRLJI1,,394,316
youth,Class Youth World Championship,ILCA 6,ILCA 6 Men,ILCA 6 Youth World Championships,USA202507AJ8,2026-08-11,2026-08-19,"Aarhus, Denmark",https://sailing.org/regatta/ilca-6-youth-world-championships?ref=USA202507AJ8,234,CAN,Canada,Ryan Coholan,CANRC36,,416,338
youth,Class Youth World Championship,ILCA 6,ILCA 6 Men,ILCA 6 Youth World Championships,USA202507AJ8,2026-08-11,2026-08-19,"Aarhus, Denmark",https://sailing.org/regatta/ilca-6-youth-world-championships?ref=USA202507AJ8,235,USA,United States of America,Pierce Weber,USAPW92,,413,343
youth,Class Youth World Championship,ILCA 6,ILCA 6 Men,ILCA 6 Youth World Championships,USA202507AJ8,2026-08-11,2026-08-19,"Aarhus, Denmark",https://sailing.org/regatta/ilca-6-youth-world-championships?ref=USA202507AJ8,236,EST,Estonia,Teodor End,ESTTE4,,409,350
youth,Class Youth World Championship,ILCA 6,ILCA 6 Men,ILCA 6 Youth World Championships,USA202507AJ8,2026-08-11,2026-08-19,"Aarhus, Denmark",https://sailing.org/regatta/ilca-6-youth-world-championships?ref=USA202507AJ8,237,GER,Germany,Arved Beutling,GERAB95,,423,358
youth,Class Youth World Championship,ILCA 6,ILCA 6 Men,ILCA 6 Youth World Championships,USA202507AJ8,2026-08-11,2026-08-19,"Aarhus, Denmark",https://sailing.org/regatta/ilca-6-youth-world-championships?ref=USA202507AJ8,238,GER,Germany,Moritz Martini,GERMM132,,426,359
youth,Class Youth World Championship,ILCA 6,ILCA 6 Men,ILCA 6 Youth World Championships,USA202507AJ8,2026-08-11,2026-08-19,"Aarhus, Denmark",https://sailing.org/regatta/ilca-6-youth-world-championships?ref=USA202507AJ8,239,GER,Germany,Jonas Belau,GERJB131,,439,361
youth,Class Youth World Championship,ILCA 6,ILCA 6 Men,ILCA 6 Youth World Championships,USA202507AJ8,2026-08-11,2026-08-19,"Aarhus, Denmark",https://sailing.org/regatta/ilca-6-youth-world-championships?ref=USA202507AJ8,240,LAT,Latvia,Rudolfs Cudars,LATRC2,,426,362
youth,Class Youth World Championship,ILCA 6,ILCA 6 Men,ILCA 6 Youth World Championships,USA202507AJ8,2026-08-11,2026-08-19,"Aarhus, Denmark",https://sailing.org/regatta/ilca-6-youth-world-championships?ref=USA202507AJ8,241,GER,Germany,Nikolas Sparisch,GERNS61,,430,363
youth,Class Youth World Championship,ILCA 6,ILCA 6 Men,ILCA 6 Youth World Championships,USA202507AJ8,2026-08-11,2026-08-19,"Aarhus, Denmark",https://sailing.org/regatta/ilca-6-youth-world-championships?ref=USA202507AJ8,242,CZE,Czechia,Václav Zákoucký,CZEVZ3,,433,364
youth,Class Youth World Championship,ILCA 6,ILCA 6 Men,ILCA 6 Youth World Championships,USA202507AJ8,2026-08-11,2026-08-19,"Aarhus, Denmark",https://sailing.org/regatta/ilca-6-youth-world-championships?ref=USA202507AJ8,243,LTU,Lithuania,Rokas Rimša,LTURR4,,446,372
youth,Class Youth World Championship,ILCA 6,ILCA 6 Men,ILCA 6 Youth World Championships,USA202507AJ8,2026-08-11,2026-08-19,"Aarhus, Denmark",https://sailing.org/regatta/ilca-6-youth-world-championships?ref=USA202507AJ8,244,FRA,France,Oscar Beuvry,FRAOB33,,454,376
youth,Class Youth World Championship,ILCA 6,ILCA 6 Men,ILCA 6 Youth World Championships,USA202507AJ8,2026-08-11,2026-08-19,"Aarhus, Denmark",https://sailing.org/regatta/ilca-6-youth-world-championships?ref=USA202507AJ8,245,USA,United States of America,Aaron Griffith,USAAG134,,447,376
youth,Class Youth World Championship,ILCA 6,ILCA 6 Men,ILCA 6 Youth World Championships,USA202507AJ8,2026-08-11,2026-08-19,"Aarhus, Denmark",https://sailing.org/regatta/ilca-6-youth-world-championships?ref=USA202507AJ8,246,GBR,Great Britain,Spirit Alderson,GBRSA53,,453,376
youth,Class Youth World Championship,ILCA 6,ILCA 6 Men,ILCA 6 Youth World Championships,USA202507AJ8,2026-08-11,2026-08-19,"Aarhus, Denmark",https://sailing.org/regatta/ilca-6-youth-world-championships?ref=USA202507AJ8,247,GBR,Great Britain,Corneillr Leprince,GBRCL76,,457,379
youth,Class Youth World Championship,ILCA 6,ILCA 6 Men,ILCA 6 Youth World Championships,USA202507AJ8,2026-08-11,2026-08-19,"Aarhus, Denmark",https://sailing.org/regatta/ilca-6-youth-world-championships?ref=USA202507AJ8,248,POL,Poland,Maksymilian Kajdy,POLMK140,,460,382
youth,Class Youth World Championship,ILCA 6,ILCA 6 Men,ILCA 6 Youth World Championships,USA202507AJ8,2026-08-11,2026-08-19,"Aarhus, Denmark",https://sailing.org/regatta/ilca-6-youth-world-championships?ref=USA202507AJ8,249,SUI,Switzerland,Aurelio Quattrini,SUIAQ3,,451,383
youth,Class Youth World Championship,ILCA 6,ILCA 6 Men,ILCA 6 Youth World Championships,USA202507AJ8,2026-08-11,2026-08-19,"Aarhus, Denmark",https://sailing.org/regatta/ilca-6-youth-world-championships?ref=USA202507AJ8,250,GER,Germany,Julian Mall,GERJM103,,457,387
youth,Class Youth World Championship,ILCA 6,ILCA 6 Men,ILCA 6 Youth World Championships,USA202507AJ8,2026-08-11,2026-08-19,"Aarhus, Denmark",https://sailing.org/regatta/ilca-6-youth-world-championships?ref=USA202507AJ8,251,FIN,Finland,Jaakko Evakoski,FINJE14,,453,387
youth,Class Youth World Championship,ILCA 6,ILCA 6 Men,ILCA 6 Youth World Championships,USA202507AJ8,2026-08-11,2026-08-19,"Aarhus, Denmark",https://sailing.org/regatta/ilca-6-youth-world-championships?ref=USA202507AJ8,252,SWE,Sweden,Victor Ericson,SWEVE4,,458,391
youth,Class Youth World Championship,ILCA 6,ILCA 6 Men,ILCA 6 Youth World Championships,USA202507AJ8,2026-08-11,2026-08-19,"Aarhus, Denmark",https://sailing.org/regatta/ilca-6-youth-world-championships?ref=USA202507AJ8,253,USA,United States of America,Caio Sullivan,USACS397,,466,396
youth,Class Youth World Championship,ILCA 6,ILCA 6 Men,ILCA 6 Youth World Championships,USA202507AJ8,2026-08-11,2026-08-19,"Aarhus, Denmark",https://sailing.org/regatta/ilca-6-youth-world-championships?ref=USA202507AJ8,254,BEL,Belgium,Emmanuel Lagrange,BELEL7,,466,399
youth,Class Youth World Championship,ILCA 6,ILCA 6 Men,ILCA 6 Youth World Championships,USA202507AJ8,2026-08-11,2026-08-19,"Aarhus, Denmark",https://sailing.org/regatta/ilca-6-youth-world-championships?ref=USA202507AJ8,255,USA,United States of America,Ethan  Lee,USAEL77,,471,404
youth,Class Youth World Championship,ILCA 6,ILCA 6 Men,ILCA 6 Youth World Championships,USA202507AJ8,2026-08-11,2026-08-19,"Aarhus, Denmark",https://sailing.org/regatta/ilca-6-youth-world-championships?ref=USA202507AJ8,256,BAH,Bahamas,Armaan Manwatkar,BAHAM3,,472,408
youth,Class Youth World Championship,ILCA 6,ILCA 6 Men,ILCA 6 Youth World Championships,USA202507AJ8,2026-08-11,2026-08-19,"Aarhus, Denmark",https://sailing.org/regatta/ilca-6-youth-world-championships?ref=USA202507AJ8,257,GER,Germany,Florian Tempel,GERFT27,,487,411
youth,Class Youth World Championship,ILCA 6,ILCA 6 Men,ILCA 6 Youth World Championships,USA202507AJ8,2026-08-11,2026-08-19,"Aarhus, Denmark",https://sailing.org/regatta/ilca-6-youth-world-championships?ref=USA202507AJ8,258,GER,Germany,Johann Quandt,GERJQ1,,479,412
youth,Class Youth World Championship,ILCA 6,ILCA 6 Men,ILCA 6 Youth World Championships,USA202507AJ8,2026-08-11,2026-08-19,"Aarhus, Denmark",https://sailing.org/regatta/ilca-6-youth-world-championships?ref=USA202507AJ8,259,GER,Germany,Timeon Rieckhof,GERTR41,,494,417
youth,Class Youth World Championship,ILCA 6,ILCA 6 Men,ILCA 6 Youth World Championships,USA202507AJ8,2026-08-11,2026-08-19,"Aarhus, Denmark",https://sailing.org/regatta/ilca-6-youth-world-championships?ref=USA202507AJ8,260,GER,Germany,Matty Urban,GERMU9,,497,420
youth,Class Youth World Championship,ILCA 6,ILCA 6 Men,ILCA 6 Youth World Championships,USA202507AJ8,2026-08-11,2026-08-19,"Aarhus, Denmark",https://sailing.org/regatta/ilca-6-youth-world-championships?ref=USA202507AJ8,261,NOR,Norway,Lasse Greidung-Strohhammer,NORLG10,,503,426
youth,Class Youth World Championship,ILCA 6,ILCA 6 Men,ILCA 6 Youth World Championships,USA202507AJ8,2026-08-11,2026-08-19,"Aarhus, Denmark",https://sailing.org/regatta/ilca-6-youth-world-championships?ref=USA202507AJ8,262,SWE,Sweden,Arvid Sandström,SWEAS38,,505,428
youth,Class Youth World Championship,ILCA 6,ILCA 6 Men,ILCA 6 Youth World Championships,USA202507AJ8,2026-08-11,2026-08-19,"Aarhus, Denmark",https://sailing.org/regatta/ilca-6-youth-world-championships?ref=USA202507AJ8,263,GER,Germany,Matti Zerson,GERMZ22,,491,428
youth,Class Youth World Championship,ILCA 6,ILCA 6 Men,ILCA 6 Youth World Championships,USA202507AJ8,2026-08-11,2026-08-19,"Aarhus, Denmark",https://sailing.org/regatta/ilca-6-youth-world-championships?ref=USA202507AJ8,264,CZE,Czechia,Richard Kovac,CZERK3,,509,431
youth,Class Youth World Championship,ILCA 6,ILCA 6 Men,ILCA 6 Youth World Championships,USA202507AJ8,2026-08-11,2026-08-19,"Aarhus, Denmark",https://sailing.org/regatta/ilca-6-youth-world-championships?ref=USA202507AJ8,265,SWE,Sweden,Stig Nicolin,SWESN13,,502,433
youth,Class Youth World Championship,ILCA 6,ILCA 6 Men,ILCA 6 Youth World Championships,USA202507AJ8,2026-08-11,2026-08-19,"Aarhus, Denmark",https://sailing.org/regatta/ilca-6-youth-world-championships?ref=USA202507AJ8,266,USA,United States of America,Jake Beaver,USAJB546,,515,438
youth,Class Youth World Championship,ILCA 6,ILCA 6 Men,ILCA 6 Youth World Championships,USA202507AJ8,2026-08-11,2026-08-19,"Aarhus, Denmark",https://sailing.org/regatta/ilca-6-youth-world-championships?ref=USA202507AJ8,267,SWE,Sweden,Viktor Elfving,SWEVE3,,517,440
youth,Class Youth World Championship,ILCA 6,ILCA 6 Men,ILCA 6 Youth World Championships,USA202507AJ8,2026-08-11,2026-08-19,"Aarhus, Denmark",https://sailing.org/regatta/ilca-6-youth-world-championships?ref=USA202507AJ8,268,GER,Germany,Theodor Waldow,GERTW49,,517,440
youth,Class Youth World Championship,ILCA 6,ILCA 6 Men,ILCA 6 Youth World Championships,USA202507AJ8,2026-08-11,2026-08-19,"Aarhus, Denmark",https://sailing.org/regatta/ilca-6-youth-world-championships?ref=USA202507AJ8,269,EST,Estonia,William Liiv,ESTWL1,,522,445
youth,Class Youth World Championship,ILCA 6,ILCA 6 Men,ILCA 6 Youth World Championships,USA202507AJ8,2026-08-11,2026-08-19,"Aarhus, Denmark",https://sailing.org/regatta/ilca-6-youth-world-championships?ref=USA202507AJ8,270,USA,United States of America,Griffin Roberts,USAGR65,,523,457
youth,Class Youth World Championship,ILCA 6,ILCA 6 Men,ILCA 6 Youth World Championships,USA202507AJ8,2026-08-11,2026-08-19,"Aarhus, Denmark",https://sailing.org/regatta/ilca-6-youth-world-championships?ref=USA202507AJ8,271,GRE,Greece,Leonidas Nterilas,GRELN5,,527,457
youth,Class Youth World Championship,ILCA 6,ILCA 6 Men,ILCA 6 Youth World Championships,USA202507AJ8,2026-08-11,2026-08-19,"Aarhus, Denmark",https://sailing.org/regatta/ilca-6-youth-world-championships?ref=USA202507AJ8,272,GER,Germany,Louis Tensmann,GERLT17,,548,471
youth,Class Youth World Championship,ILCA 6,ILCA 6 Men,ILCA 6 Youth World Championships,USA202507AJ8,2026-08-11,2026-08-19,"Aarhus, Denmark",https://sailing.org/regatta/ilca-6-youth-world-championships?ref=USA202507AJ8,273,DEN,Denmark,Frederik Børsting,DENFB9,,544,474
youth,Class Youth World Championship,ILCA 6,ILCA 6 Men,ILCA 6 Youth World Championships,USA202507AJ8,2026-08-11,2026-08-19,"Aarhus, Denmark",https://sailing.org/regatta/ilca-6-youth-world-championships?ref=USA202507AJ8,274,BAH,Bahamas,Nash  Cartwright,BAHNC2,,546,475
youth,Class Youth World Championship,ILCA 6,ILCA 6 Men,ILCA 6 Youth World Championships,USA202507AJ8,2026-08-11,2026-08-19,"Aarhus, Denmark",https://sailing.org/regatta/ilca-6-youth-world-championships?ref=USA202507AJ8,275,NED,Netherlands,Pieter de Brauw,NEDPD37,,561,484
youth,Class Youth World Championship,ILCA 6,ILCA 6 Men,ILCA 6 Youth World Championships,USA202507AJ8,2026-08-11,2026-08-19,"Aarhus, Denmark",https://sailing.org/regatta/ilca-6-youth-world-championships?ref=USA202507AJ8,276,DEN,Denmark,Ditlev Joensen,DENDJ7,,559,487
youth,Class Youth World Championship,ILCA 6,ILCA 6 Men,ILCA 6 Youth World Championships,USA202507AJ8,2026-08-11,2026-08-19,"Aarhus, Denmark",https://sailing.org/regatta/ilca-6-youth-world-championships?ref=USA202507AJ8,277,USA,United States of America,Gavin Crowell,USAGC93,,566,491
youth,Class Youth World Championship,ILCA 6,ILCA 6 Men,ILCA 6 Youth World Championships,USA202507AJ8,2026-08-11,2026-08-19,"Aarhus, Denmark",https://sailing.org/regatta/ilca-6-youth-world-championships?ref=USA202507AJ8,278,SUI,Switzerland,Filippo Santi,ITAFS157,,570,492
youth,Class Youth World Championship,ILCA 6,ILCA 6 Men,ILCA 6 Youth World Championships,USA202507AJ8,2026-08-11,2026-08-19,"Aarhus, Denmark",https://sailing.org/regatta/ilca-6-youth-world-championships?ref=USA202507AJ8,279,GER,Germany,Karl Junghanns,GERKJ16,,571,494
youth,Class Youth World Championship,ILCA 6,ILCA 6 Men,ILCA 6 Youth World Championships,USA202507AJ8,2026-08-11,2026-08-19,"Aarhus, Denmark",https://sailing.org/regatta/ilca-6-youth-world-championships?ref=USA202507AJ8,280,SWE,Sweden,Jakob Grip,SWEJG25,,577,499
youth,Class Youth World Championship,ILCA 6,ILCA 6 Men,ILCA 6 Youth World Championships,USA202507AJ8,2026-08-11,2026-08-19,"Aarhus, Denmark",https://sailing.org/regatta/ilca-6-youth-world-championships?ref=USA202507AJ8,281,USA,United States of America,Gaitan Sullivan,USAGS167,,572,501
youth,Class Youth World Championship,ILCA 6,ILCA 6 Men,ILCA 6 Youth World Championships,USA202507AJ8,2026-08-11,2026-08-19,"Aarhus, Denmark",https://sailing.org/regatta/ilca-6-youth-world-championships?ref=USA202507AJ8,282,LAT,Latvia,Niklāvs Kulbergs,LATNK1,,583,505
youth,Class Youth World Championship,ILCA 6,ILCA 6 Men,ILCA 6 Youth World Championships,USA202507AJ8,2026-08-11,2026-08-19,"Aarhus, Denmark",https://sailing.org/regatta/ilca-6-youth-world-championships?ref=USA202507AJ8,283,GER,Germany,Johann Lerch,GERJL70,,587,510
youth,Class Youth World Championship,ILCA 6,ILCA 6 Men,ILCA 6 Youth World Championships,USA202507AJ8,2026-08-11,2026-08-19,"Aarhus, Denmark",https://sailing.org/regatta/ilca-6-youth-world-championships?ref=USA202507AJ8,284,LAT,Latvia,Hugo Močans,LATHM1,,582,510
youth,Class Youth World Championship,ILCA 6,ILCA 6 Men,ILCA 6 Youth World Championships,USA202507AJ8,2026-08-11,2026-08-19,"Aarhus, Denmark",https://sailing.org/regatta/ilca-6-youth-world-championships?ref=USA202507AJ8,285,CZE,Czechia,Daniel Beroun,CZEDB7,,587,512
youth,Class Youth World Championship,ILCA 6,ILCA 6 Men,ILCA 6 Youth World Championships,USA202507AJ8,2026-08-11,2026-08-19,"Aarhus, Denmark",https://sailing.org/regatta/ilca-6-youth-world-championships?ref=USA202507AJ8,286,EST,Estonia,Karl Veetõusme,ESTKV7,,582,514
youth,Class Youth World Championship,ILCA 6,ILCA 6 Men,ILCA 6 Youth World Championships,USA202507AJ8,2026-08-11,2026-08-19,"Aarhus, Denmark",https://sailing.org/regatta/ilca-6-youth-world-championships?ref=USA202507AJ8,287,SUI,Switzerland,André Sorokin Lozano,SUIAS31,,609,536
youth,Class Youth World Championship,ILCA 6,ILCA 6 Men,ILCA 6 Youth World Championships,USA202507AJ8,2026-08-11,2026-08-19,"Aarhus, Denmark",https://sailing.org/regatta/ilca-6-youth-world-championships?ref=USA202507AJ8,288,SWE,Sweden,Gustav  Berglind,SWEGB11,,619,542
youth,Class Youth World Championship,ILCA 6,ILCA 6 Men,ILCA 6 Youth World Championships,USA202507AJ8,2026-08-11,2026-08-19,"Aarhus, Denmark",https://sailing.org/regatta/ilca-6-youth-world-championships?ref=USA202507AJ8,289,GER,Germany,Morris Mark te Dorsthorst,GERMT36,,620,545
youth,Class Youth World Championship,ILCA 6,ILCA 6 Men,ILCA 6 Youth World Championships,USA202507AJ8,2026-08-11,2026-08-19,"Aarhus, Denmark",https://sailing.org/regatta/ilca-6-youth-world-championships?ref=USA202507AJ8,290,VIN,St Vincent and the Grenadines,Kai Marks Dasent,VINKM1,,621,547
youth,Class Youth World Championship,ILCA 6,ILCA 6 Men,ILCA 6 Youth World Championships,USA202507AJ8,2026-08-11,2026-08-19,"Aarhus, Denmark",https://sailing.org/regatta/ilca-6-youth-world-championships?ref=USA202507AJ8,291,DEN,Denmark,Hannibal Morgen,DENHM8,,643,565
youth,Class Youth World Championship,ILCA 6,ILCA 6 Men,ILCA 6 Youth World Championships,USA202507AJ8,2026-08-11,2026-08-19,"Aarhus, Denmark",https://sailing.org/regatta/ilca-6-youth-world-championships?ref=USA202507AJ8,292,DEN,Denmark,Alexander  Søndergård,DENAS23,,643,566
youth,Class Youth World Championship,ILCA 6,ILCA 6 Men,ILCA 6 Youth World Championships,USA202507AJ8,2026-08-11,2026-08-19,"Aarhus, Denmark",https://sailing.org/regatta/ilca-6-youth-world-championships?ref=USA202507AJ8,293,SUI,Switzerland,Oscar Staehli,SUIOS5,,646,569
youth,Class Youth World Championship,ILCA 6,ILCA 6 Men,ILCA 6 Youth World Championships,USA202507AJ8,2026-08-11,2026-08-19,"Aarhus, Denmark",https://sailing.org/regatta/ilca-6-youth-world-championships?ref=USA202507AJ8,294,BEL,Belgium,tilwen baron,BELTB9,,646,571
youth,Class Youth World Championship,ILCA 6,ILCA 6 Men,ILCA 6 Youth World Championships,USA202507AJ8,2026-08-11,2026-08-19,"Aarhus, Denmark",https://sailing.org/regatta/ilca-6-youth-world-championships?ref=USA202507AJ8,295,NED,Netherlands,Senne Boer,NEDSB39,,652,574
youth,Class Youth World Championship,ILCA 6,ILCA 6 Men,ILCA 6 Youth World Championships,USA202507AJ8,2026-08-11,2026-08-19,"Aarhus, Denmark",https://sailing.org/regatta/ilca-6-youth-world-championships?ref=USA202507AJ8,296,SWE,Sweden,Oscar Wetter,SWEOW10,,653,576
youth,Class Youth World Championship,ILCA 6,ILCA 6 Men,ILCA 6 Youth World Championships,USA202507AJ8,2026-08-11,2026-08-19,"Aarhus, Denmark",https://sailing.org/regatta/ilca-6-youth-world-championships?ref=USA202507AJ8,297,DEN,Denmark,Alexander Fast,DENAF8,,659,585
youth,Class Youth World Championship,ILCA 6,ILCA 6 Men,ILCA 6 Youth World Championships,USA202507AJ8,2026-08-11,2026-08-19,"Aarhus, Denmark",https://sailing.org/regatta/ilca-6-youth-world-championships?ref=USA202507AJ8,298,GER,Germany,Julius Bruell,GERJB126,,662,586
youth,Class Youth World Championship,ILCA 6,ILCA 6 Men,ILCA 6 Youth World Championships,USA202507AJ8,2026-08-11,2026-08-19,"Aarhus, Denmark",https://sailing.org/regatta/ilca-6-youth-world-championships?ref=USA202507AJ8,299,GER,Germany,Johannes Gröner,GERJG53,,670,592
youth,Class Youth World Championship,ILCA 6,ILCA 6 Men,ILCA 6 Youth World Championships,USA202507AJ8,2026-08-11,2026-08-19,"Aarhus, Denmark",https://sailing.org/regatta/ilca-6-youth-world-championships?ref=USA202507AJ8,300,GER,Germany,Luca Ralph Schulze,GERLS106,,673,595
youth,Class Youth World Championship,ILCA 6,ILCA 6 Men,ILCA 6 Youth World Championships,USA202507AJ8,2026-08-11,2026-08-19,"Aarhus, Denmark",https://sailing.org/regatta/ilca-6-youth-world-championships?ref=USA202507AJ8,301,BEL,Belgium,Kaya  Lonfils,BELKL3,,682,605
youth,Class Youth World Championship,ILCA 6,ILCA 6 Men,ILCA 6 Youth World Championships,USA202507AJ8,2026-08-11,2026-08-19,"Aarhus, Denmark",https://sailing.org/regatta/ilca-6-youth-world-championships?ref=USA202507AJ8,302,GER,Germany,Matteo Giacomini,GERMG77,,689,613
youth,Class Youth World Championship,ILCA 6,ILCA 6 Men,ILCA 6 Youth World Championships,USA202507AJ8,2026-08-11,2026-08-19,"Aarhus, Denmark",https://sailing.org/regatta/ilca-6-youth-world-championships?ref=USA202507AJ8,303,GER,Germany,Noah Patrick Jonas,GERNJ8,,690,613
youth,Class Youth World Championship,ILCA 6,ILCA 6 Men,ILCA 6 Youth World Championships,USA202507AJ8,2026-08-11,2026-08-19,"Aarhus, Denmark",https://sailing.org/regatta/ilca-6-youth-world-championships?ref=USA202507AJ8,304,BEL,Belgium,Charles-henrry Bonne,BELCB9,,711,633
youth,Class Youth World Championship,ILCA 6,ILCA 6 Men,ILCA 6 Youth World Championships,USA202507AJ8,2026-08-11,2026-08-19,"Aarhus, Denmark",https://sailing.org/regatta/ilca-6-youth-world-championships?ref=USA202507AJ8,305,GRE,Greece,Dimitrios Ntoulas,GREDN2,,712,634
youth,Class Youth World Championship,ILCA 6,ILCA 6 Men,ILCA 6 Youth World Championships,USA202507AJ8,2026-08-11,2026-08-19,"Aarhus, Denmark",https://sailing.org/regatta/ilca-6-youth-world-championships?ref=USA202507AJ8,306,GER,Germany,Clemens Epe,GERCE18,,747,669
youth,Class Youth World Championship,ILCA 6,ILCA 6 Men,ILCA 6 Youth World Championships,USA202507AJ8,2026-08-11,2026-08-19,"Aarhus, Denmark",https://sailing.org/regatta/ilca-6-youth-world-championships?ref=USA202507AJ8,307,NOR,Norway,Ferdinand Toll-Kjaer,NORFT5,,776,698
