group,level_label,class_label,event_label,regatta_name,world_sailing_id,start_date,end_date,venue,source_url,rank,country,country_name,crew,world_sailing_ids,sail_number,total_points,net_points,1(US),2(US),3(SL),4(SL),5(SL),6(SL),7(SL),8(SL),9(SL),10(SL),11(SL),12(SL),13(SL),QF,SF,F1,F()
youth,Class Youth World Championship,iQFOiL Youth & Junior,iQFOiL Youth & Junior Junior Female,iQFOiL Youth & Junior World Championships,ESP202310DVU,2026-07-03,2026-07-10,"sant Pere Pescador, Spain",https://sailing.org/regatta/iqfoil-youth-and-junior-world-championships?ref=ESP202310DVU,1,TUR,Türkiye,Parla Kabasakal,TURPK2,,15,11,(1),1,1,1,1,1,1,1,1,1,1,(3),1,-,-,1,1
youth,Class Youth World Championship,iQFOiL Youth & Junior,iQFOiL Youth & Junior Junior Female,iQFOiL Youth & Junior World Championships,ESP202310DVU,2026-07-03,2026-07-10,"sant Pere Pescador, Spain",https://sailing.org/regatta/iqfoil-youth-and-junior-world-championships?ref=ESP202310DVU,2,POL,Poland,Michelle  Urzykowski,POLMU4,,73,17,5,1,(7),1,1,1,1,1,(49) DNC,1,3,1,1,-,-,5 DNC,2
youth,Class Youth World Championship,iQFOiL Youth & Junior,iQFOiL Youth & Junior Junior Female,iQFOiL Youth & Junior World Championships,ESP202310DVU,2026-07-03,2026-07-10,"sant Pere Pescador, Spain",https://sailing.org/regatta/iqfoil-youth-and-junior-world-championships?ref=ESP202310DVU,3,ISR,Israel,Noa Koren,ISRNK10,,47,27,3,(9),(11),3,3,3,1,3,1,1,5,1,3,-,1,2,3
youth,Class Youth World Championship,iQFOiL Youth & Junior,iQFOiL Youth & Junior Junior Female,iQFOiL Youth & Junior World Championships,ESP202310DVU,2026-07-03,2026-07-10,"sant Pere Pescador, Spain",https://sailing.org/regatta/iqfoil-youth-and-junior-world-championships?ref=ESP202310DVU,4,TUR,Türkiye,Nisa Üstündağ,TURNU4,,59,27,(7),1,5,1,5,5,(25),1,1,3,1,3,1,-,2,3,4
youth,Class Youth World Championship,iQFOiL Youth & Junior,iQFOiL Youth & Junior Junior Female,iQFOiL Youth & Junior World Championships,ESP202310DVU,2026-07-03,2026-07-10,"sant Pere Pescador, Spain",https://sailing.org/regatta/iqfoil-youth-and-junior-world-championships?ref=ESP202310DVU,5,NED,Netherlands,Anna Korevaar,NEDAK26,,99,71,9,7,9,3,7,11,(15),7,5,7,3,3,(13),2,3,-,-
youth,Class Youth World Championship,iQFOiL Youth & Junior,iQFOiL Youth & Junior Junior Female,iQFOiL Youth & Junior World Championships,ESP202310DVU,2026-07-03,2026-07-10,"sant Pere Pescador, Spain",https://sailing.org/regatta/iqfoil-youth-and-junior-world-championships?ref=ESP202310DVU,6,TUR,Türkiye,ECE BAŞ,TUREB10,,167,69,1,3,1,3,5,(49) DNC,5,11,3,(49) DNC,13,1,23,1,4,-,-
youth,Class Youth World Championship,iQFOiL Youth & Junior,iQFOiL Youth & Junior Junior Female,iQFOiL Youth & Junior World Championships,ESP202310DVU,2026-07-03,2026-07-10,"sant Pere Pescador, Spain",https://sailing.org/regatta/iqfoil-youth-and-junior-world-championships?ref=ESP202310DVU,7,POL,Poland,Marta Gajdzinski,POLMG79,,77,49,3,5,3,(19),(9),3,3,3,9,3,7,7,3,-,5,-,-
youth,Class Youth World Championship,iQFOiL Youth & Junior,iQFOiL Youth & Junior Junior Female,iQFOiL Youth & Junior World Championships,ESP202310DVU,2026-07-03,2026-07-10,"sant Pere Pescador, Spain",https://sailing.org/regatta/iqfoil-youth-and-junior-world-championships?ref=ESP202310DVU,8,POL,Poland,,,,123,53,1,5,1,5,1,1,9,19,7,(49) BFD,1,(21),3,3,-,-,-
youth,Class Youth World Championship,iQFOiL Youth & Junior,iQFOiL Youth & Junior Junior Female,iQFOiL Youth & Junior World Championships,ESP202310DVU,2026-07-03,2026-07-10,"sant Pere Pescador, Spain",https://sailing.org/regatta/iqfoil-youth-and-junior-world-championships?ref=ESP202310DVU,9,ITA,Italy,Elettra Fulgenzi,ITAEF35,,95,69,5,(15),7,5,(11),5,9,11,3,5,9,5,5,4,-,-,-
youth,Class Youth World Championship,iQFOiL Youth & Junior,iQFOiL Youth & Junior Junior Female,iQFOiL Youth & Junior World Championships,ESP202310DVU,2026-07-03,2026-07-10,"sant Pere Pescador, Spain",https://sailing.org/regatta/iqfoil-youth-and-junior-world-championships?ref=ESP202310DVU,10,POL,Poland,Martyna Figura,POLMF11,,139,55,3,5,7,7,3,3,(35),5,5,7,5,(49) BFD,5,5,-,-,-
youth,Class Youth World Championship,iQFOiL Youth & Junior,iQFOiL Youth & Junior Junior Female,iQFOiL Youth & Junior World Championships,ESP202310DVU,2026-07-03,2026-07-10,"sant Pere Pescador, Spain",https://sailing.org/regatta/iqfoil-youth-and-junior-world-championships?ref=ESP202310DVU,11,ITA,Italy,Elisa Bruno,ITAEB104,,143,75,5,(19),5,13,9,7,5,5,3,(49) BFD,3,11,9,-,-,-,-
youth,Class Youth World Championship,iQFOiL Youth & Junior,iQFOiL Youth & Junior Junior Female,iQFOiL Youth & Junior World Championships,ESP202310DVU,2026-07-03,2026-07-10,"sant Pere Pescador, Spain",https://sailing.org/regatta/iqfoil-youth-and-junior-world-championships?ref=ESP202310DVU,12,POL,Poland,Kalina Szostek,POLKS51,,125,87,7,9,5,11,5,11,5,7,11,(19),(19),9,7,-,-,-,-
youth,Class Youth World Championship,iQFOiL Youth & Junior,iQFOiL Youth & Junior Junior Female,iQFOiL Youth & Junior World Championships,ESP202310DVU,2026-07-03,2026-07-10,"sant Pere Pescador, Spain",https://sailing.org/regatta/iqfoil-youth-and-junior-world-championships?ref=ESP202310DVU,13,TUR,Türkiye,Zeynep Mavioglu,TURZM1,,135,89,(33),(13),3,7,11,9,7,9,13,3,7,9,11,-,-,-,-
youth,Class Youth World Championship,iQFOiL Youth & Junior,iQFOiL Youth & Junior Junior Female,iQFOiL Youth & Junior World Championships,ESP202310DVU,2026-07-03,2026-07-10,"sant Pere Pescador, Spain",https://sailing.org/regatta/iqfoil-youth-and-junior-world-championships?ref=ESP202310DVU,14,ISR,Israel,meu kauffman,ISRMK3,,169,97,11,3,3,15,3,7,(49) BFD,(23),11,5,15,5,19,-,-,-,-
youth,Class Youth World Championship,iQFOiL Youth & Junior,iQFOiL Youth & Junior Junior Female,iQFOiL Youth & Junior World Championships,ESP202310DVU,2026-07-03,2026-07-10,"sant Pere Pescador, Spain",https://sailing.org/regatta/iqfoil-youth-and-junior-world-championships?ref=ESP202310DVU,15,ESP,Spain,PATRICIA OROSA CAMPOS,ESPPO5,,185,109,15,(27),9,11,7,5,3,3,17,19,(49) BFD,9,11,-,-,-,-
youth,Class Youth World Championship,iQFOiL Youth & Junior,iQFOiL Youth & Junior Junior Female,iQFOiL Youth & Junior World Championships,ESP202310DVU,2026-07-03,2026-07-10,"sant Pere Pescador, Spain",https://sailing.org/regatta/iqfoil-youth-and-junior-world-championships?ref=ESP202310DVU,16,GRE,Greece,Iliana Panagi,GREIP21,,151.68,109.68,13,(21),11,5,11.67 RDG,11.67 RDG,11.67 RDG,11.67 RDG,(21),11,5,13,5,-,-,-,-
youth,Class Youth World Championship,iQFOiL Youth & Junior,iQFOiL Youth & Junior Junior Female,iQFOiL Youth & Junior World Championships,ESP202310DVU,2026-07-03,2026-07-10,"sant Pere Pescador, Spain",https://sailing.org/regatta/iqfoil-youth-and-junior-world-championships?ref=ESP202310DVU,17,HKG,"Hong Kong, China",Wong Cheuk Lam,HKGWC9,,169,123,13,15,(25),7,13,9,11,15,7,(21),7,17,9,-,-,-,-
youth,Class Youth World Championship,iQFOiL Youth & Junior,iQFOiL Youth & Junior Junior Female,iQFOiL Youth & Junior World Championships,ESP202310DVU,2026-07-03,2026-07-10,"sant Pere Pescador, Spain",https://sailing.org/regatta/iqfoil-youth-and-junior-world-championships?ref=ESP202310DVU,18,AIN,Individual Neutral Athletes,Mariia Tinyakova,AINXMT1,,203,131,9,13,13,(49) DNC,15,13,7,17,(23),5,9,17,13,-,-,-,-
youth,Class Youth World Championship,iQFOiL Youth & Junior,iQFOiL Youth & Junior Junior Female,iQFOiL Youth & Junior World Championships,ESP202310DVU,2026-07-03,2026-07-10,"sant Pere Pescador, Spain",https://sailing.org/regatta/iqfoil-youth-and-junior-world-championships?ref=ESP202310DVU,19,FRA,France,Capucine Bordier,FRACB129,,200,132,(19),11,17,14 STP,7,15,13,5,7,13,17,13,(49) DNC,-,-,-,-
youth,Class Youth World Championship,iQFOiL Youth & Junior,iQFOiL Youth & Junior Junior Female,iQFOiL Youth & Junior World Championships,ESP202310DVU,2026-07-03,2026-07-10,"sant Pere Pescador, Spain",https://sailing.org/regatta/iqfoil-youth-and-junior-world-championships?ref=ESP202310DVU,20,POL,Poland,Martinique Suchocka,POLMS100,,211,145,17,9,13,17,17,21,(37),13,5,(29),11,5,17,-,-,-,-
youth,Class Youth World Championship,iQFOiL Youth & Junior,iQFOiL Youth & Junior Junior Female,iQFOiL Youth & Junior World Championships,ESP202310DVU,2026-07-03,2026-07-10,"sant Pere Pescador, Spain",https://sailing.org/regatta/iqfoil-youth-and-junior-world-championships?ref=ESP202310DVU,21,TUR,Türkiye,NIL BAKAN,TURNB6,,249,151,7,7,11,(49) BFD,33,7,21,7,(49) DNF,17,11,7,23,-,-,-,-
youth,Class Youth World Championship,iQFOiL Youth & Junior,iQFOiL Youth & Junior Junior Female,iQFOiL Youth & Junior World Championships,ESP202310DVU,2026-07-03,2026-07-10,"sant Pere Pescador, Spain",https://sailing.org/regatta/iqfoil-youth-and-junior-world-championships?ref=ESP202310DVU,22,ISR,Israel,,,,189,151,11,13,15,13,17,15,13,(19),17,15,13,(19),9,-,-,-,-
youth,Class Youth World Championship,iQFOiL Youth & Junior,iQFOiL Youth & Junior Junior Female,iQFOiL Youth & Junior World Championships,ESP202310DVU,2026-07-03,2026-07-10,"sant Pere Pescador, Spain",https://sailing.org/regatta/iqfoil-youth-and-junior-world-championships?ref=ESP202310DVU,23,ISR,Israel,Daniël  Herscovitz van der niet,ISRDH6,,209,161,(25),11,21,(23),9,11,17,17,13,11,15,17,19,-,-,-,-
youth,Class Youth World Championship,iQFOiL Youth & Junior,iQFOiL Youth & Junior Junior Female,iQFOiL Youth & Junior World Championships,ESP202310DVU,2026-07-03,2026-07-10,"sant Pere Pescador, Spain",https://sailing.org/regatta/iqfoil-youth-and-junior-world-championships?ref=ESP202310DVU,24,TUR,Türkiye,Doğa Çoker,TURDC11,,211,165,(23),(23),17,9,15,9,15,21,13,15,9,21,21,-,-,-,-
youth,Class Youth World Championship,iQFOiL Youth & Junior,iQFOiL Youth & Junior Junior Female,iQFOiL Youth & Junior World Championships,ESP202310DVU,2026-07-03,2026-07-10,"sant Pere Pescador, Spain",https://sailing.org/regatta/iqfoil-youth-and-junior-world-championships?ref=ESP202310DVU,25,ISR,Israel,bar helfenbaum,ISRBH3,,275,177,9,3,13,(49) BFD,11,35,7,15,31,15,(49) DNC,23,15,-,-,-,-
youth,Class Youth World Championship,iQFOiL Youth & Junior,iQFOiL Youth & Junior Junior Female,iQFOiL Youth & Junior World Championships,ESP202310DVU,2026-07-03,2026-07-10,"sant Pere Pescador, Spain",https://sailing.org/regatta/iqfoil-youth-and-junior-world-championships?ref=ESP202310DVU,26,HKG,"Hong Kong, China",Sum Yee Cheung,HKGSC14,,251,181,17,19,15,17,19,(27),3,11,27,(43),21,19,13,-,-,-,-
youth,Class Youth World Championship,iQFOiL Youth & Junior,iQFOiL Youth & Junior Junior Female,iQFOiL Youth & Junior World Championships,ESP202310DVU,2026-07-03,2026-07-10,"sant Pere Pescador, Spain",https://sailing.org/regatta/iqfoil-youth-and-junior-world-championships?ref=ESP202310DVU,27,CHN,"China, PR",Xin Yin Zhang,CHNXZ22,,255,183,13,11,15,(49) DNF,21,21,(23),15,9,23,21,13,21,-,-,-,-
youth,Class Youth World Championship,iQFOiL Youth & Junior,iQFOiL Youth & Junior Junior Female,iQFOiL Youth & Junior World Championships,ESP202310DVU,2026-07-03,2026-07-10,"sant Pere Pescador, Spain",https://sailing.org/regatta/iqfoil-youth-and-junior-world-championships?ref=ESP202310DVU,28,ISR,Israel,Boris Greenberg,ISRBG3,,249,189,17,17,(29),9,23,17,15,21,27,7,(31),15,21,-,-,-,-
youth,Class Youth World Championship,iQFOiL Youth & Junior,iQFOiL Youth & Junior Junior Female,iQFOiL Youth & Junior World Championships,ESP202310DVU,2026-07-03,2026-07-10,"sant Pere Pescador, Spain",https://sailing.org/regatta/iqfoil-youth-and-junior-world-championships?ref=ESP202310DVU,29,ESP,Spain,CANDELA NAVARRO,ESPCN8,,281,195,21,7,9,21,27,29,9,9,25,17,21,(37),(49) DNC,-,-,-,-
youth,Class Youth World Championship,iQFOiL Youth & Junior,iQFOiL Youth & Junior Junior Female,iQFOiL Youth & Junior World Championships,ESP202310DVU,2026-07-03,2026-07-10,"sant Pere Pescador, Spain",https://sailing.org/regatta/iqfoil-youth-and-junior-world-championships?ref=ESP202310DVU,30,HKG,"Hong Kong, China",Wing Ching Ho,HKGWH5,,255,203,15,23,(25),21,23,23,21,21,15,13,17,(27),11,-,-,-,-
youth,Class Youth World Championship,iQFOiL Youth & Junior,iQFOiL Youth & Junior Junior Female,iQFOiL Youth & Junior World Championships,ESP202310DVU,2026-07-03,2026-07-10,"sant Pere Pescador, Spain",https://sailing.org/regatta/iqfoil-youth-and-junior-world-championships?ref=ESP202310DVU,31,GRE,Greece,IOANNA KAPONI,GREIK37,,301,203,27,15,19,17,(49) DNC,13,19,13,19,17,(49) DNC,15,29,-,-,-,-
youth,Class Youth World Championship,iQFOiL Youth & Junior,iQFOiL Youth & Junior Junior Female,iQFOiL Youth & Junior World Championships,ESP202310DVU,2026-07-03,2026-07-10,"sant Pere Pescador, Spain",https://sailing.org/regatta/iqfoil-youth-and-junior-world-championships?ref=ESP202310DVU,32,ITA,Italy,Giulia Maglioni,ITAGM229,,309,211,15,17,(49) DNC,(49) BFD,49 DNC,17,17,23,11,21,15,11,15,-,-,-,-
youth,Class Youth World Championship,iQFOiL Youth & Junior,iQFOiL Youth & Junior Junior Female,iQFOiL Youth & Junior World Championships,ESP202310DVU,2026-07-03,2026-07-10,"sant Pere Pescador, Spain",https://sailing.org/regatta/iqfoil-youth-and-junior-world-championships?ref=ESP202310DVU,33,NED,Netherlands,Mies Dijksterhuis,NEDMD60,,301,219,21,25,(33),(49) BFD,17,19,19,17,21,25,17,15,23,-,-,-,-
youth,Class Youth World Championship,iQFOiL Youth & Junior,iQFOiL Youth & Junior Junior Female,iQFOiL Youth & Junior World Championships,ESP202310DVU,2026-07-03,2026-07-10,"sant Pere Pescador, Spain",https://sailing.org/regatta/iqfoil-youth-and-junior-world-championships?ref=ESP202310DVU,34,LAT,Latvia,Marta Ieva Dale,LATMD4,,313,231,29,(33),19,19,19,(49) DNC,25,27,15,13,19,29,17,-,-,-,-
youth,Class Youth World Championship,iQFOiL Youth & Junior,iQFOiL Youth & Junior Junior Female,iQFOiL Youth & Junior World Championships,ESP202310DVU,2026-07-03,2026-07-10,"sant Pere Pescador, Spain",https://sailing.org/regatta/iqfoil-youth-and-junior-world-championships?ref=ESP202310DVU,35,CZE,Czechia,Ina Bauerova,CZEIB2,,295,235,19,21,17,23,(29),25,(31),19,25,23,27,11,25,-,-,-,-
youth,Class Youth World Championship,iQFOiL Youth & Junior,iQFOiL Youth & Junior Junior Female,iQFOiL Youth & Junior World Championships,ESP202310DVU,2026-07-03,2026-07-10,"sant Pere Pescador, Spain",https://sailing.org/regatta/iqfoil-youth-and-junior-world-championships?ref=ESP202310DVU,36,CZE,Czechia,Kristyna Stepankova,CZEKS8,,321,237,(41),(43),31,19,19,37,19,9,17,9,29,31,17,-,-,-,-
youth,Class Youth World Championship,iQFOiL Youth & Junior,iQFOiL Youth & Junior Junior Female,iQFOiL Youth & Junior World Championships,ESP202310DVU,2026-07-03,2026-07-10,"sant Pere Pescador, Spain",https://sailing.org/regatta/iqfoil-youth-and-junior-world-championships?ref=ESP202310DVU,37,ITA,Italy,Maria Sofia  Sabbia,ITAMS214,,325,239,31,31,29,11,13,19,11,31,(49) DNC,(37),11,27,25,-,-,-,-
youth,Class Youth World Championship,iQFOiL Youth & Junior,iQFOiL Youth & Junior Junior Female,iQFOiL Youth & Junior World Championships,ESP202310DVU,2026-07-03,2026-07-10,"sant Pere Pescador, Spain",https://sailing.org/regatta/iqfoil-youth-and-junior-world-championships?ref=ESP202310DVU,38,GRE,Greece,Vegia Oikonomou,GREVO1,,345,247,11,27,(49) DNC,13,25,13,27,39,(49) DNF,9,33,43,7,-,-,-,-
youth,Class Youth World Championship,iQFOiL Youth & Junior,iQFOiL Youth & Junior Junior Female,iQFOiL Youth & Junior World Championships,ESP202310DVU,2026-07-03,2026-07-10,"sant Pere Pescador, Spain",https://sailing.org/regatta/iqfoil-youth-and-junior-world-championships?ref=ESP202310DVU,39,ESP,Spain,,,,335,247,25,(39),23,(49) BFD,27,27,23,27,35,9,25,7,19,-,-,-,-
youth,Class Youth World Championship,iQFOiL Youth & Junior,iQFOiL Youth & Junior Junior Female,iQFOiL Youth & Junior World Championships,ESP202310DVU,2026-07-03,2026-07-10,"sant Pere Pescador, Spain",https://sailing.org/regatta/iqfoil-youth-and-junior-world-championships?ref=ESP202310DVU,40,ITA,Italy,Marta Clemente,ITAMC328,,323,249,(39),33,19,27,15,25,11,27,19,11,(35),29,33,-,-,-,-
youth,Class Youth World Championship,iQFOiL Youth & Junior,iQFOiL Youth & Junior Junior Female,iQFOiL Youth & Junior World Championships,ESP202310DVU,2026-07-03,2026-07-10,"sant Pere Pescador, Spain",https://sailing.org/regatta/iqfoil-youth-and-junior-world-championships?ref=ESP202310DVU,41,ESP,Spain,,,,365,267,27,19,35,25,33,31,(49) DNC,(49) DNC,9,27,13,21,27,-,-,-,-
youth,Class Youth World Championship,iQFOiL Youth & Junior,iQFOiL Youth & Junior Junior Female,iQFOiL Youth & Junior World Championships,ESP202310DVU,2026-07-03,2026-07-10,"sant Pere Pescador, Spain",https://sailing.org/regatta/iqfoil-youth-and-junior-world-championships?ref=ESP202310DVU,42,ITA,Italy,greta sanfilippo,ITAGS201,,343,273,(37),27,25,15,27,29,29,25,23,27,19,(33),27,-,-,-,-
youth,Class Youth World Championship,iQFOiL Youth & Junior,iQFOiL Youth & Junior Junior Female,iQFOiL Youth & Junior World Championships,ESP202310DVU,2026-07-03,2026-07-10,"sant Pere Pescador, Spain",https://sailing.org/regatta/iqfoil-youth-and-junior-world-championships?ref=ESP202310DVU,43,ESP,Spain,Derin Gokmeral,TURDG7,,363,277,23,21,29,27,25,25,(37),25,(49) DNC,25,23,19,35,-,-,-,-
youth,Class Youth World Championship,iQFOiL Youth & Junior,iQFOiL Youth & Junior Junior Female,iQFOiL Youth & Junior World Championships,ESP202310DVU,2026-07-03,2026-07-10,"sant Pere Pescador, Spain",https://sailing.org/regatta/iqfoil-youth-and-junior-world-championships?ref=ESP202310DVU,44,LAT,Latvia,PAULA RENCE,LATPR2,,377,287,33,29,21,21,23,17,29,(41),(49) DNF,25,27,31,31,-,-,-,-
youth,Class Youth World Championship,iQFOiL Youth & Junior,iQFOiL Youth & Junior Junior Female,iQFOiL Youth & Junior World Championships,ESP202310DVU,2026-07-03,2026-07-10,"sant Pere Pescador, Spain",https://sailing.org/regatta/iqfoil-youth-and-junior-world-championships?ref=ESP202310DVU,45,JPN,Japan,Nana Takahama,JPNNT12,,387,289,37,23,21,15,33,23,21,31,(49) DNF,27,29,29,(49) DNC,-,-,-,-
youth,Class Youth World Championship,iQFOiL Youth & Junior,iQFOiL Youth & Junior Junior Female,iQFOiL Youth & Junior World Championships,ESP202310DVU,2026-07-03,2026-07-10,"sant Pere Pescador, Spain",https://sailing.org/regatta/iqfoil-youth-and-junior-world-championships?ref=ESP202310DVU,46,POL,Poland,Gabriela  Grzybek,POLGG12,,405,307,37,41,27,(49) DNC,25,19,29,25,15,33,(49) DNC,41,15,-,-,-,-
youth,Class Youth World Championship,iQFOiL Youth & Junior,iQFOiL Youth & Junior Junior Female,iQFOiL Youth & Junior World Championships,ESP202310DVU,2026-07-03,2026-07-10,"sant Pere Pescador, Spain",https://sailing.org/regatta/iqfoil-youth-and-junior-world-championships?ref=ESP202310DVU,47,SUI,Switzerland,Alina Durrer,SUIAD16,,409,311,31,39,31,23,21,27,23,23,(49) DNF,37,23,33,(49) DNC,-,-,-,-
youth,Class Youth World Championship,iQFOiL Youth & Junior,iQFOiL Youth & Junior Junior Female,iQFOiL Youth & Junior World Championships,ESP202310DVU,2026-07-03,2026-07-10,"sant Pere Pescador, Spain",https://sailing.org/regatta/iqfoil-youth-and-junior-world-championships?ref=ESP202310DVU,48,POL,Poland,NATASZA DEMBOWSKA,POLND2,,415,317,21,37,23,27,21,33,33,35,(49) DNF,(49) BFD,25,31,31,-,-,-,-
youth,Class Youth World Championship,iQFOiL Youth & Junior,iQFOiL Youth & Junior Junior Female,iQFOiL Youth & Junior World Championships,ESP202310DVU,2026-07-03,2026-07-10,"sant Pere Pescador, Spain",https://sailing.org/regatta/iqfoil-youth-and-junior-world-championships?ref=ESP202310DVU,49,HUN,Hungary,Leila Körtvélyesi,HUNLK18,,423,325,25,31,23,31,37,43,17,41,(49) DNC,21,(49) DNC,23,33,-,-,-,-
youth,Class Youth World Championship,iQFOiL Youth & Junior,iQFOiL Youth & Junior Junior Female,iQFOiL Youth & Junior World Championships,ESP202310DVU,2026-07-03,2026-07-10,"sant Pere Pescador, Spain",https://sailing.org/regatta/iqfoil-youth-and-junior-world-championships?ref=ESP202310DVU,50,TUR,Türkiye,beren ulkumen,TURBU9,,435,337,23,41,(49) DNC,(49) DNC,31,29,25,29,33,33,27,37,29,-,-,-,-
youth,Class Youth World Championship,iQFOiL Youth & Junior,iQFOiL Youth & Junior Junior Female,iQFOiL Youth & Junior World Championships,ESP202310DVU,2026-07-03,2026-07-10,"sant Pere Pescador, Spain",https://sailing.org/regatta/iqfoil-youth-and-junior-world-championships?ref=ESP202310DVU,51,GER,Germany,Lena Schmäh,GERLS109,,435.5,337.5,27,25,27,33,37,21,31,39,(49) DNF,29,(49) DNC,35,33.5 RDG,-,-,-,-
youth,Class Youth World Championship,iQFOiL Youth & Junior,iQFOiL Youth & Junior Junior Female,iQFOiL Youth & Junior World Championships,ESP202310DVU,2026-07-03,2026-07-10,"sant Pere Pescador, Spain",https://sailing.org/regatta/iqfoil-youth-and-junior-world-championships?ref=ESP202310DVU,52,FRA,France,,,,439,341,35,29,33,29,31,33,31,29,(49) DNF,33,31,(49) BFD,27,-,-,-,-
youth,Class Youth World Championship,iQFOiL Youth & Junior,iQFOiL Youth & Junior Junior Female,iQFOiL Youth & Junior World Championships,ESP202310DVU,2026-07-03,2026-07-10,"sant Pere Pescador, Spain",https://sailing.org/regatta/iqfoil-youth-and-junior-world-championships?ref=ESP202310DVU,53,HUN,Hungary,Kora Polacsko-Szenasi,HUNKP7,,437,345,41,(43),37,(49) DNC,29,31,27,33,29,31,25,37,25,-,-,-,-
youth,Class Youth World Championship,iQFOiL Youth & Junior,iQFOiL Youth & Junior Junior Female,iQFOiL Youth & Junior World Championships,ESP202310DVU,2026-07-03,2026-07-10,"sant Pere Pescador, Spain",https://sailing.org/regatta/iqfoil-youth-and-junior-world-championships?ref=ESP202310DVU,54,GER,Germany,Leni Kuttruff,GERLK72,,457,359,19,17,(49) DNC,25,31,23,(49) DNF,35,29,49 BFD,33,49 DNC,49 DNC,-,-,-,-
youth,Class Youth World Championship,iQFOiL Youth & Junior,iQFOiL Youth & Junior Junior Female,iQFOiL Youth & Junior World Championships,ESP202310DVU,2026-07-03,2026-07-10,"sant Pere Pescador, Spain",https://sailing.org/regatta/iqfoil-youth-and-junior-world-championships?ref=ESP202310DVU,55,ITA,Italy,Ottavia Catania,ITAOC12,,481,383,45,39,(49) DNC,41,39,39,27,43,(49) DNC,41,35,27,7,-,-,-,-
youth,Class Youth World Championship,iQFOiL Youth & Junior,iQFOiL Youth & Junior Junior Female,iQFOiL Youth & Junior World Championships,ESP202310DVU,2026-07-03,2026-07-10,"sant Pere Pescador, Spain",https://sailing.org/regatta/iqfoil-youth-and-junior-world-championships?ref=ESP202310DVU,56,ITA,Italy,Paola Bofisè,ITAPB112,,481,383,(49) DNC,43,33,25,29,37,33,(49) DNC,31,29,49 DNC,25,49 DNC,-,-,-,-
youth,Class Youth World Championship,iQFOiL Youth & Junior,iQFOiL Youth & Junior Junior Female,iQFOiL Youth & Junior World Championships,ESP202310DVU,2026-07-03,2026-07-10,"sant Pere Pescador, Spain",https://sailing.org/regatta/iqfoil-youth-and-junior-world-championships?ref=ESP202310DVU,57,ISR,Israel,Adam Shefer,ISRAS4,,488,390,(49) DNC,25,(49) DNC,42 STP,35,31,35,33,49 DNF,31,37,23,49 DNC,-,-,-,-
youth,Class Youth World Championship,iQFOiL Youth & Junior,iQFOiL Youth & Junior Junior Female,iQFOiL Youth & Junior World Championships,ESP202310DVU,2026-07-03,2026-07-10,"sant Pere Pescador, Spain",https://sailing.org/regatta/iqfoil-youth-and-junior-world-championships?ref=ESP202310DVU,58,CZE,Czechia,Nicol Quittnerová,CZENQ2,,491,393,29,29,(49) DNC,(49) DNC,43,35,49 DNC,37,49 DNC,19,49 DNC,25,29,-,-,-,-
youth,Class Youth World Championship,iQFOiL Youth & Junior,iQFOiL Youth & Junior Junior Female,iQFOiL Youth & Junior World Championships,ESP202310DVU,2026-07-03,2026-07-10,"sant Pere Pescador, Spain",https://sailing.org/regatta/iqfoil-youth-and-junior-world-championships?ref=ESP202310DVU,59,FRA,France,LEONIE BOLLON,FRALB94,,497,399,43,33,31,(49) DNC,35,(49) DNC,39,29,45,23,23,49 DNC,49 DNC,-,-,-,-
youth,Class Youth World Championship,iQFOiL Youth & Junior,iQFOiL Youth & Junior Junior Female,iQFOiL Youth & Junior World Championships,ESP202310DVU,2026-07-03,2026-07-10,"sant Pere Pescador, Spain",https://sailing.org/regatta/iqfoil-youth-and-junior-world-championships?ref=ESP202310DVU,60,ISR,Israel,Aline Azouri,ISRAA3,,503,405,35,37,35,(49) BFD,(49) DNC,35,35,35,39,35,49 DNC,39,31,-,-,-,-
youth,Class Youth World Championship,iQFOiL Youth & Junior,iQFOiL Youth & Junior Junior Female,iQFOiL Youth & Junior World Championships,ESP202310DVU,2026-07-03,2026-07-10,"sant Pere Pescador, Spain",https://sailing.org/regatta/iqfoil-youth-and-junior-world-championships?ref=ESP202310DVU,61,HUN,Hungary,Indigo Evans,HUNIE3,,515,417,(49) DNC,45,37,29,45,41,41,39,41,31,29,39,(49) DNC,-,-,-,-
youth,Class Youth World Championship,iQFOiL Youth & Junior,iQFOiL Youth & Junior Junior Female,iQFOiL Youth & Junior World Championships,ESP202310DVU,2026-07-03,2026-07-10,"sant Pere Pescador, Spain",https://sailing.org/regatta/iqfoil-youth-and-junior-world-championships?ref=ESP202310DVU,62,ISR,Israel,ELLA HEN,ISREH2,,523,425,33,37,27,(49) BFD,41,(49) DNC,39,49 DNC,49 DNC,41,49 DNC,25,35,-,-,-,-
youth,Class Youth World Championship,iQFOiL Youth & Junior,iQFOiL Youth & Junior Junior Female,iQFOiL Youth & Junior World Championships,ESP202310DVU,2026-07-03,2026-07-10,"sant Pere Pescador, Spain",https://sailing.org/regatta/iqfoil-youth-and-junior-world-championships?ref=ESP202310DVU,63,LAT,Latvia,Estere Vilnite,LATEV2,,533,435,39,35,(49) DNC,35,39,37,33,43,(49) DNC,35,49 DNC,41,49 DNC,-,-,-,-
youth,Class Youth World Championship,iQFOiL Youth & Junior,iQFOiL Youth & Junior Junior Female,iQFOiL Youth & Junior World Championships,ESP202310DVU,2026-07-03,2026-07-10,"sant Pere Pescador, Spain",https://sailing.org/regatta/iqfoil-youth-and-junior-world-championships?ref=ESP202310DVU,64,ISR,Israel,,,,553,455,29,31,(49) DNC,31,(49) DNC,49 DNC,49 DNC,49 DNC,49 DNC,49 DNC,49 DNF,35,35,-,-,-,-
youth,Class Youth World Championship,iQFOiL Youth & Junior,iQFOiL Youth & Junior Junior Female,iQFOiL Youth & Junior World Championships,ESP202310DVU,2026-07-03,2026-07-10,"sant Pere Pescador, Spain",https://sailing.org/regatta/iqfoil-youth-and-junior-world-championships?ref=ESP202310DVU,65,POL,Poland,Pola Beck,POLPB24,,567,469,(49) DNF,45,(49) DNC,39,35,43,49 DNF,33,49 DNC,39,49 DNC,39,49 DNC,-,-,-,-
youth,Class Youth World Championship,iQFOiL Youth & Junior,iQFOiL Youth & Junior Junior Female,iQFOiL Youth & Junior World Championships,ESP202310DVU,2026-07-03,2026-07-10,"sant Pere Pescador, Spain",https://sailing.org/regatta/iqfoil-youth-and-junior-world-championships?ref=ESP202310DVU,66,NOR,Norway,Ella Viola Sternell,NORES27,,569,471,39,35,(49) DNC,(49) BFD,39,41,49 DNF,37,49 DNC,49 DNC,49 DNC,35,49 DNC,-,-,-,-
youth,Class Youth World Championship,iQFOiL Youth & Junior,iQFOiL Youth & Junior Junior Female,iQFOiL Youth & Junior World Championships,ESP202310DVU,2026-07-03,2026-07-10,"sant Pere Pescador, Spain",https://sailing.org/regatta/iqfoil-youth-and-junior-world-championships?ref=ESP202310DVU,67,NED,Netherlands,Dirkje Pol,NEDDP7,,571,473,41,(49) DNC,(49) DNC,49 DNC,37,39,49 DNC,31,49 DNC,35,49 DNC,45,49 DNC,-,-,-,-
youth,Class Youth World Championship,iQFOiL Youth & Junior,iQFOiL Youth & Junior Junior Female,iQFOiL Youth & Junior World Championships,ESP202310DVU,2026-07-03,2026-07-10,"sant Pere Pescador, Spain",https://sailing.org/regatta/iqfoil-youth-and-junior-world-championships?ref=ESP202310DVU,68,PER,Peru,Paula Ledgard,PERPL1,,571,473,43,41,(49) DNC,(49) DNC,49 DNC,49 DNC,49 DNF,37,37,37,49 DNC,33,49 DNC,-,-,-,-
youth,Class Youth World Championship,iQFOiL Youth & Junior,iQFOiL Youth & Junior Junior Female,iQFOiL Youth & Junior World Championships,ESP202310DVU,2026-07-03,2026-07-10,"sant Pere Pescador, Spain",https://sailing.org/regatta/iqfoil-youth-and-junior-world-championships?ref=ESP202310DVU,69,PER,Peru,Micaela Mazzi,PERMM4,,577,479,31,(49) DNC,39,33,(49) DNC,49 DNF,49 DNC,49 DNF,49 DNC,39,49 DNC,43,49 DNC,-,-,-,-
youth,Class Youth World Championship,iQFOiL Youth & Junior,iQFOiL Youth & Junior Junior Female,iQFOiL Youth & Junior World Championships,ESP202310DVU,2026-07-03,2026-07-10,"sant Pere Pescador, Spain",https://sailing.org/regatta/iqfoil-youth-and-junior-world-championships?ref=ESP202310DVU,70,SUI,Switzerland,,,,603,505,(49) DNC,45,(49) DNC,49 DNF,49 DNC,33,49 DNF,49 DNF,49 DNC,43,49 DNC,41,49 DNC,-,-,-,-
youth,Class Youth World Championship,iQFOiL Youth & Junior,iQFOiL Youth & Junior Junior Female,iQFOiL Youth & Junior World Championships,ESP202310DVU,2026-07-03,2026-07-10,"sant Pere Pescador, Spain",https://sailing.org/regatta/iqfoil-youth-and-junior-world-championships?ref=ESP202310DVU,71,FRA,France,DE BROUCKER EMMA,FRADE9,,603,505,35,35,(49) DNC,(49) DNC,49 DNC,49 DNC,49 DNC,49 DNC,43,49 DNC,49 DNC,49 DNC,49 DNC,-,-,-,-
