group,level_label,class_label,event_label,regatta_name,world_sailing_id,start_date,end_date,venue,source_url,rank,country,country_name,crew,world_sailing_ids,sail_number,total_points,net_points,1 (US),2 (US),3 (CR),4 (CR),5 (CR),6 (CR),7 (CR),8 (CR),9 (SL),10 (SL),11 (SL),12 (SL),13 (CR),14 (CR),15 (CR),16 (CR),QF,SF,F1,F
youth,World Championships,IQFOiL,IQFOiL Women,iQFOiL World Championships,DEN202507Z3C,2026-09-04,2026-09-12," Weymouth and Portland Sailing Academy, Great Britain",https://sailing.org/regatta/iqfoil-world-championships?ref=DEN202507Z3C,1,ISR,Israel,Tamar Steinberg,ISRTS5,,111,44,1,1,1,1,7,2,9,1,5,(29),(19),(19),12,1,2,1,-,-,1,1
youth,World Championships,IQFOiL,IQFOiL Women,iQFOiL World Championships,DEN202507Z3C,2026-09-04,2026-09-12," Weymouth and Portland Sailing Academy, Great Britain",https://sailing.org/regatta/iqfoil-world-championships?ref=DEN202507Z3C,2,ISR,Israel,Sharon Kantor,ISRSK8,,195,72,7,(27),(25),3,(71) DSQ,3,3,3,3,3,5,5,9,10,13,5,-,-,2,2
youth,World Championships,IQFOiL,IQFOiL Women,iQFOiL World Championships,DEN202507Z3C,2026-09-04,2026-09-12," Weymouth and Portland Sailing Academy, Great Britain",https://sailing.org/regatta/iqfoil-world-championships?ref=DEN202507Z3C,3,AUS,Australia,Stella Bilger,AUSSB96,,242,114,3,3,3,21,5,14,6,4,5,15,3,(31),(26),23,9,(71) UFD,-,1,3,3
youth,World Championships,IQFOiL,IQFOiL Women,iQFOiL World Championships,DEN202507Z3C,2026-09-04,2026-09-12," Weymouth and Portland Sailing Academy, Great Britain",https://sailing.org/regatta/iqfoil-world-championships?ref=DEN202507Z3C,4,ISR,Israel,Daniela Peleg,ISRDP1,,272,150,27,(33),(52),4,17,19,18,(37),1,3,23,1,15,6,8,8,2,2,5 DNC,4
youth,World Championships,IQFOiL,IQFOiL Women,iQFOiL World Championships,DEN202507Z3C,2026-09-04,2026-09-12," Weymouth and Portland Sailing Academy, Great Britain",https://sailing.org/regatta/iqfoil-world-championships?ref=DEN202507Z3C,5,NZL,New Zealand,Veerle Ten Have,NZLVT2,,233,117,(29),9,8,5,13,7,19,(38),(49) BFD,5,9,3,4,15,6,14,-,3,-,-
youth,World Championships,IQFOiL,IQFOiL Women,iQFOiL World Championships,DEN202507Z3C,2026-09-04,2026-09-12," Weymouth and Portland Sailing Academy, Great Britain",https://sailing.org/regatta/iqfoil-world-championships?ref=DEN202507Z3C,6,NED,Netherlands,Sara Wennekes,NEDSW5,,264,138,5,11,(46),2,21,17,11,16,3,19,(49) DNS,17,1,2,(31),13,1,4,-,-
youth,World Championships,IQFOiL,IQFOiL Women,iQFOiL World Championships,DEN202507Z3C,2026-09-04,2026-09-12," Weymouth and Portland Sailing Academy, Great Britain",https://sailing.org/regatta/iqfoil-world-championships?ref=DEN202507Z3C,7,ITA,Italy,Medea Marisa Falcioni,ITAMF147,,194,105,3,3,7,9,1,(38),17,6,1,(25),7,7,22,19,(26),3,-,5,-,-
youth,World Championships,IQFOiL,IQFOiL Women,iQFOiL World Championships,DEN202507Z3C,2026-09-04,2026-09-12," Weymouth and Portland Sailing Academy, Great Britain",https://sailing.org/regatta/iqfoil-world-championships?ref=DEN202507Z3C,8,POL,Poland,Anastasiya Valkevich,POLAV1,,267,141,29,9,2,11,3,6,13,(42),(35),1,(49) BFD,35,20,9,1,2,3,-,-,-
youth,World Championships,IQFOiL,IQFOiL Women,iQFOiL World Championships,DEN202507Z3C,2026-09-04,2026-09-12," Weymouth and Portland Sailing Academy, Great Britain",https://sailing.org/regatta/iqfoil-world-championships?ref=DEN202507Z3C,9,GBR,Great Britain,Islay Watson,GBRIW27,,257,120,1,5,4,12,23,(27),1,2,1,25,3,(39),17,7,19,(71) UFD,4,-,-,-
youth,World Championships,IQFOiL,IQFOiL Women,iQFOiL World Championships,DEN202507Z3C,2026-09-04,2026-09-12," Weymouth and Portland Sailing Academy, Great Britain",https://sailing.org/regatta/iqfoil-world-championships?ref=DEN202507Z3C,10,ISR,Israel,Shahar Tibi,ISRST5,,227,130,9,7,19,28,4,1,5,9,(31),(37),15,(29),6,3,12,12,5,-,-,-
youth,World Championships,IQFOiL,IQFOiL Women,iQFOiL World Championships,DEN202507Z3C,2026-09-04,2026-09-12," Weymouth and Portland Sailing Academy, Great Britain",https://sailing.org/regatta/iqfoil-world-championships?ref=DEN202507Z3C,11,FRA,France,Helene Noesmoen,FRAHN2,,227,150,17,(25),20,(24),10,20,4,(28),17,7,17,13,3,5,10,7,-,-,-,-
youth,World Championships,IQFOiL,IQFOiL Women,iQFOiL World Championships,DEN202507Z3C,2026-09-04,2026-09-12," Weymouth and Portland Sailing Academy, Great Britain",https://sailing.org/regatta/iqfoil-world-championships?ref=DEN202507Z3C,12,NOR,Norway,Tuva Oppedal,NORTO12,,281,152,11,13,(36),(44),16,12,12,7,13,17,(49) BFD,19,14,4,4,10,-,-,-,-
youth,World Championships,IQFOiL,IQFOiL Women,iQFOiL World Championships,DEN202507Z3C,2026-09-04,2026-09-12," Weymouth and Portland Sailing Academy, Great Britain",https://sailing.org/regatta/iqfoil-world-championships?ref=DEN202507Z3C,13,GER,Germany,Theresa Marie Steinlein,GERTS78,,249,158,7,1,17,(35),15,26,(27),11,25,13,1,9,(29),17,5,11,-,-,-,-
youth,World Championships,IQFOiL,IQFOiL Women,iQFOiL World Championships,DEN202507Z3C,2026-09-04,2026-09-12," Weymouth and Portland Sailing Academy, Great Britain",https://sailing.org/regatta/iqfoil-world-championships?ref=DEN202507Z3C,14,FRA,France,Manon Pianazza,FRAMP64,,324,177,11,17,(40),17,22,(36),14,8,5,5,1,21,13,21,(71) UFD,22,-,-,-,-
youth,World Championships,IQFOiL,IQFOiL Women,iQFOiL World Championships,DEN202507Z3C,2026-09-04,2026-09-12," Weymouth and Portland Sailing Academy, Great Britain",https://sailing.org/regatta/iqfoil-world-championships?ref=DEN202507Z3C,15,CHN,"China, PR",Yongqi Li,CHNYL37,,293,181,13,13,16,13,12,22,23,(36),(49) BFD,9,7,(27),8,11,25,9,-,-,-,-
youth,World Championships,IQFOiL,IQFOiL Women,iQFOiL World Championships,DEN202507Z3C,2026-09-04,2026-09-12," Weymouth and Portland Sailing Academy, Great Britain",https://sailing.org/regatta/iqfoil-world-championships?ref=DEN202507Z3C,16,GBR,Great Britain,Emma Wilson,GBREW20,,391,193,5,1,6,15,2,(71) UFD,2,46,21,39,17,7,11,(56),21,(71) UFD,-,-,-,-
youth,World Championships,IQFOiL,IQFOiL Women,iQFOiL World Championships,DEN202507Z3C,2026-09-04,2026-09-12," Weymouth and Portland Sailing Academy, Great Britain",https://sailing.org/regatta/iqfoil-world-championships?ref=DEN202507Z3C,17,ESP,Spain,Pilar Lamadrid Trueba,ESPPL14,,312,196,13,11,(38),29,11,(32),7,25,15,13,21,5,2,22,22,(46),-,-,-,-
youth,World Championships,IQFOiL,IQFOiL Women,iQFOiL World Championships,DEN202507Z3C,2026-09-04,2026-09-12," Weymouth and Portland Sailing Academy, Great Britain",https://sailing.org/regatta/iqfoil-world-championships?ref=DEN202507Z3C,18,ITA,Italy,Marta Maggetti,ITAMM249,,325,199,25,15,29,(30),19,(47),10,14,(49) BFD,1,11,11,18,12,30,4,-,-,-,-
youth,World Championships,IQFOiL,IQFOiL Women,iQFOiL World Championships,DEN202507Z3C,2026-09-04,2026-09-12," Weymouth and Portland Sailing Academy, Great Britain",https://sailing.org/regatta/iqfoil-world-championships?ref=DEN202507Z3C,19,NZL,New Zealand,Aimee Bright,NZLAB9,,356,208,1,9,(33),16,27,29,(44),22,17,3,9,23,5,29,18,(71) UFD,-,-,-,-
youth,World Championships,IQFOiL,IQFOiL Women,iQFOiL World Championships,DEN202507Z3C,2026-09-04,2026-09-12," Weymouth and Portland Sailing Academy, Great Britain",https://sailing.org/regatta/iqfoil-world-championships?ref=DEN202507Z3C,20,USA,United States of America,Dominique Stater,USADS214,,385,221,23,19,12,8,(44),31,20,5,(49) BFD,13,19,3,38,16,14,(71) UFD,-,-,-,-
youth,World Championships,IQFOiL,IQFOiL Women,iQFOiL World Championships,DEN202507Z3C,2026-09-04,2026-09-12," Weymouth and Portland Sailing Academy, Great Britain",https://sailing.org/regatta/iqfoil-world-championships?ref=DEN202507Z3C,21,CHN,"China, PR",Li Wenqi,CHNLW17,,361,222,11,(49) DSQ,28,6,(41),21,16,33,7,23,19,(49) DNS,16,33,3,6,-,-,-,-
youth,World Championships,IQFOiL,IQFOiL Women,iQFOiL World Championships,DEN202507Z3C,2026-09-04,2026-09-12," Weymouth and Portland Sailing Academy, Great Britain",https://sailing.org/regatta/iqfoil-world-championships?ref=DEN202507Z3C,22,CZE,Czechia,Nela Sadílková,CZENS2,,330,223,9,(41),9,14,30,23,28,30,3,(35),7,(31),27,18,7,18,-,-,-,-
youth,World Championships,IQFOiL,IQFOiL Women,iQFOiL World Championships,DEN202507Z3C,2026-09-04,2026-09-12," Weymouth and Portland Sailing Academy, Great Britain",https://sailing.org/regatta/iqfoil-world-championships?ref=DEN202507Z3C,23,USA,United States of America,Bryn Muller,USABM187,,348,223,(35),17,13,34,18,8,24,12,33,9,17,(49) DNS,10,13,15,(41),-,-,-,-
youth,World Championships,IQFOiL,IQFOiL Women,iQFOiL World Championships,DEN202507Z3C,2026-09-04,2026-09-12," Weymouth and Portland Sailing Academy, Great Britain",https://sailing.org/regatta/iqfoil-world-championships?ref=DEN202507Z3C,24,CRO,Croatia,Palma Cargo,CROPC4,,397,246,27,7,22,(31),24,5,26,15,(49) BFD,17,27,15,23,14,24,(71) UFD,-,-,-,-
youth,World Championships,IQFOiL,IQFOiL Women,iQFOiL World Championships,DEN202507Z3C,2026-09-04,2026-09-12," Weymouth and Portland Sailing Academy, Great Britain",https://sailing.org/regatta/iqfoil-world-championships?ref=DEN202507Z3C,25,CZE,Czechia,Barbora Svikova,CZEBS3,,372,248,19,13,5,25,8,(37),35,(40),27,5,13,35,33,(47),11,19,-,-,-,-
youth,World Championships,IQFOiL,IQFOiL Women,iQFOiL World Championships,DEN202507Z3C,2026-09-04,2026-09-12," Weymouth and Portland Sailing Academy, Great Britain",https://sailing.org/regatta/iqfoil-world-championships?ref=DEN202507Z3C,26,ITA,Italy,CAROLA COLASANTO,ITACC169,,401,268,3,5,34,20,(46),33,(39),19,37,35,5,11,32,(48),17,17,-,-,-,-
youth,World Championships,IQFOiL,IQFOiL Women,iQFOiL World Championships,DEN202507Z3C,2026-09-04,2026-09-12," Weymouth and Portland Sailing Academy, Great Britain",https://sailing.org/regatta/iqfoil-world-championships?ref=DEN202507Z3C,27,MEX,Mexico,Mariana Aguilar Chavez Peon,MEXMA3,,402,269,37,5,32,10,33,(42),8,21,19,31,27,15,7,(42),(49),24,-,-,-,-
youth,World Championships,IQFOiL,IQFOiL Women,iQFOiL World Championships,DEN202507Z3C,2026-09-04,2026-09-12," Weymouth and Portland Sailing Academy, Great Britain",https://sailing.org/regatta/iqfoil-world-championships?ref=DEN202507Z3C,28,NOR,Norway,Helle Oppedal,NORHO8,,431,275,25,35,15,(36),9,4,36,18,9,21,(49) BFD,19,25,26,33,(71) UFD,-,-,-,-
youth,World Championships,IQFOiL,IQFOiL Women,iQFOiL World Championships,DEN202507Z3C,2026-09-04,2026-09-12," Weymouth and Portland Sailing Academy, Great Britain",https://sailing.org/regatta/iqfoil-world-championships?ref=DEN202507Z3C,29,FIN,Finland,Sofia Hamalainen,FINSH10,,415,284,19,(43),10,22,14,9,(45),13,29,37,41,23,21,20,(43),26,-,-,-,-
youth,World Championships,IQFOiL,IQFOiL Women,iQFOiL World Championships,DEN202507Z3C,2026-09-04,2026-09-12," Weymouth and Portland Sailing Academy, Great Britain",https://sailing.org/regatta/iqfoil-world-championships?ref=DEN202507Z3C,30,CZE,Czechia,Katerina Svikova,CZEKS5,,420,285,25,15,11,18,20,(43),41,35,13,7,13,(49) DNS,(43),38,20,29,-,-,-,-
youth,World Championships,IQFOiL,IQFOiL Women,iQFOiL World Championships,DEN202507Z3C,2026-09-04,2026-09-12," Weymouth and Portland Sailing Academy, Great Britain",https://sailing.org/regatta/iqfoil-world-championships?ref=DEN202507Z3C,31,GRE,Greece,Danae Pontifex,GREDP28,,444,294,33,21,44,19,(47),11,34,(50),11,29,3,1,(53),35,32,21,-,-,-,-
youth,World Championships,IQFOiL,IQFOiL Women,iQFOiL World Championships,DEN202507Z3C,2026-09-04,2026-09-12," Weymouth and Portland Sailing Academy, Great Britain",https://sailing.org/regatta/iqfoil-world-championships?ref=DEN202507Z3C,32,FRA,France,Lola Sorin,FRALS26,,421,295,15,19,18,23,(38),25,21,17,(39),23,(49) DNC,9,30,32,29,34,-,-,-,-
youth,World Championships,IQFOiL,IQFOiL Women,iQFOiL World Championships,DEN202507Z3C,2026-09-04,2026-09-12," Weymouth and Portland Sailing Academy, Great Britain",https://sailing.org/regatta/iqfoil-world-championships?ref=DEN202507Z3C,33,GRE,Greece,Danai Giannouli,GREDG10,,510,315,17,7,30,7,(53),(71) UFD,25,(71) UFD,23,17,23,49 DNS,28,8,44,37,-,-,-,-
youth,World Championships,IQFOiL,IQFOiL Women,iQFOiL World Championships,DEN202507Z3C,2026-09-04,2026-09-12," Weymouth and Portland Sailing Academy, Great Britain",https://sailing.org/regatta/iqfoil-world-championships?ref=DEN202507Z3C,34,POL,Poland,Aleksandra Wasiewicz,POLAW17,,453,315,33,33,21,26,35,10,(48),31,13,(49) BFD,25,17,19,36,(41),16,-,-,-,-
youth,World Championships,IQFOiL,IQFOiL Women,iQFOiL World Championships,DEN202507Z3C,2026-09-04,2026-09-12," Weymouth and Portland Sailing Academy, Great Britain",https://sailing.org/regatta/iqfoil-world-championships?ref=DEN202507Z3C,35,FRA,France,Marion Couturier,FRAMC81,,470,328,9,29,24,37,36,(44),33,23,9,25,(49) BFD,1,(49),41,36,25,-,-,-,-
youth,World Championships,IQFOiL,IQFOiL Women,iQFOiL World Championships,DEN202507Z3C,2026-09-04,2026-09-12," Weymouth and Portland Sailing Academy, Great Britain",https://sailing.org/regatta/iqfoil-world-championships?ref=DEN202507Z3C,36,GBR,Great Britain,Jennie Roberts,GBRJR119,,504,335,13,17,(49),27,42,35,15,41,(49) BFD,7,21,9,41,28,39,(71) UFD,-,-,-,-
youth,World Championships,IQFOiL,IQFOiL Women,iQFOiL World Championships,DEN202507Z3C,2026-09-04,2026-09-12," Weymouth and Portland Sailing Academy, Great Britain",https://sailing.org/regatta/iqfoil-world-championships?ref=DEN202507Z3C,37,GBR,Great Britain,Lucy Kenyon,GBRLK16,,510,337,33,27,37,(52),26,(50),30,27,11,19,15,5,40,44,23,(71) UFD,-,-,-,-
youth,World Championships,IQFOiL,IQFOiL Women,iQFOiL World Championships,DEN202507Z3C,2026-09-04,2026-09-12," Weymouth and Portland Sailing Academy, Great Britain",https://sailing.org/regatta/iqfoil-world-championships?ref=DEN202507Z3C,38,ESP,Spain,Andrea Torres Fullana,ESPAF46,,493,337,17,25,14,38,28,(51),(55),26,23,15,13,25,45,(50),40,28,-,-,-,-
youth,World Championships,IQFOiL,IQFOiL Women,iQFOiL World Championships,DEN202507Z3C,2026-09-04,2026-09-12," Weymouth and Portland Sailing Academy, Great Britain",https://sailing.org/regatta/iqfoil-world-championships?ref=DEN202507Z3C,39,ITA,Italy,Sofia Renna,ITASR40,,497,346,21,3,(54),42,6,28,29,39,(49) BFD,33,29,7,(48),45,37,27,-,-,-,-
youth,World Championships,IQFOiL,IQFOiL Women,iQFOiL World Championships,DEN202507Z3C,2026-09-04,2026-09-12," Weymouth and Portland Sailing Academy, Great Britain",https://sailing.org/regatta/iqfoil-world-championships?ref=DEN202507Z3C,40,SLO,Slovenia,Lina Erzen,SLOLE1,,470,348,27,25,35,(40),32,(39),38,34,7,9,1,(43),37,34,34,35,-,-,-,-
youth,World Championships,IQFOiL,IQFOiL Women,iQFOiL World Championships,DEN202507Z3C,2026-09-04,2026-09-12," Weymouth and Portland Sailing Academy, Great Britain",https://sailing.org/regatta/iqfoil-world-championships?ref=DEN202507Z3C,41,EST,Estonia,Emma Viktoria Millend,ESTEM4,,501,358,(43),27,27,43,(56),30,40,(44),15,11,5,35,34,43,16,32,-,-,-,-
youth,World Championships,IQFOiL,IQFOiL Women,iQFOiL World Championships,DEN202507Z3C,2026-09-04,2026-09-12," Weymouth and Portland Sailing Academy, Great Britain",https://sailing.org/regatta/iqfoil-world-championships?ref=DEN202507Z3C,42,FRA,France,Ambar Papazian,FRAAP56,,539,359,41,23,(58),33,25,24,32,20,25,15,23,17,35,46,(51),(71) UFD,-,-,-,-
youth,World Championships,IQFOiL,IQFOiL Women,iQFOiL World Championships,DEN202507Z3C,2026-09-04,2026-09-12," Weymouth and Portland Sailing Academy, Great Britain",https://sailing.org/regatta/iqfoil-world-championships?ref=DEN202507Z3C,43,NOR,Norway,Maya Gysler,NORMG7,,459,370,49 DNE,49 DNE,71 DNE,71 DNE,(34),13,22,24,9,1,9,13,24,(27),(28),15,-,-,-,-
youth,World Championships,IQFOiL,IQFOiL Women,iQFOiL World Championships,DEN202507Z3C,2026-09-04,2026-09-12," Weymouth and Portland Sailing Academy, Great Britain",https://sailing.org/regatta/iqfoil-world-championships?ref=DEN202507Z3C,44,NED,Netherlands,Yfke van der Meer,NEDYV4,,547,372,43,21,(56),(71) DNF,40,15,47,(48),7,23,31,11,31,25,35,43,-,-,-,-
youth,World Championships,IQFOiL,IQFOiL Women,iQFOiL World Championships,DEN202507Z3C,2026-09-04,2026-09-12," Weymouth and Portland Sailing Academy, Great Britain",https://sailing.org/regatta/iqfoil-world-championships?ref=DEN202507Z3C,45,ITA,Italy,Linda Oprandi,ITALO5,,545,390,45,15,(48),(55),43,16,42,47,27,21,33,15,(52),39,27,20,-,-,-,-
youth,World Championships,IQFOiL,IQFOiL Women,iQFOiL World Championships,DEN202507Z3C,2026-09-04,2026-09-12," Weymouth and Portland Sailing Academy, Great Britain",https://sailing.org/regatta/iqfoil-world-championships?ref=DEN202507Z3C,46,GER,Germany,Sophia Meyer,GERSM58,,550,394,15,19,51,46,(52),(52),31,10,21,49 BFD,27,13,39,(52),50,23,-,-,-,-
youth,World Championships,IQFOiL,IQFOiL Women,iQFOiL World Championships,DEN202507Z3C,2026-09-04,2026-09-12," Weymouth and Portland Sailing Academy, Great Britain",https://sailing.org/regatta/iqfoil-world-championships?ref=DEN202507Z3C,47,CHN,"China, PR",Minyao Qian,CHNMQ2,,576,423,43,31,39,(53),(45),34,43,(55),43,11,11,27,36,24,45,36,-,-,-,-
youth,World Championships,IQFOiL,IQFOiL Women,iQFOiL World Championships,DEN202507Z3C,2026-09-04,2026-09-12," Weymouth and Portland Sailing Academy, Great Britain",https://sailing.org/regatta/iqfoil-world-championships?ref=DEN202507Z3C,48,ESP,Spain,Julia Gomez Roa,ESPJG114,,633,445,5,29,50,(56),39,48,37,(61),29,33,25,37,50,30,(71) UFD,33,-,-,-,-
youth,World Championships,IQFOiL,IQFOiL Women,iQFOiL World Championships,DEN202507Z3C,2026-09-04,2026-09-12," Weymouth and Portland Sailing Academy, Great Britain",https://sailing.org/regatta/iqfoil-world-championships?ref=DEN202507Z3C,49,CHN,"China, PR",Xialing Tan,CHNXT2,,629,448,21,39,45,(57),31,(71) UFD,(53),45,11,41,29,25,47,37,47,30,-,-,-,-
youth,World Championships,IQFOiL,IQFOiL Women,iQFOiL World Championships,DEN202507Z3C,2026-09-04,2026-09-12," Weymouth and Portland Sailing Academy, Great Britain",https://sailing.org/regatta/iqfoil-world-championships?ref=DEN202507Z3C,50,USA,United States of America,Brianna Orams,USABO39,,640,453,19,33,47,45,(71) UFD,53,(61),32,35,11,11,31,51,(55),38,47,-,-,-,-
youth,World Championships,IQFOiL,IQFOiL Women,iQFOiL World Championships,DEN202507Z3C,2026-09-04,2026-09-12," Weymouth and Portland Sailing Academy, Great Britain",https://sailing.org/regatta/iqfoil-world-championships?ref=DEN202507Z3C,51,FRA,France,Lucie Belbeoch,FRALB33,,616,457,31,31,23,(51),51,41,(52),51,23,19,49 BFD,3,(56),49,48,38,-,-,-,-
youth,World Championships,IQFOiL,IQFOiL Women,iQFOiL World Championships,DEN202507Z3C,2026-09-04,2026-09-12," Weymouth and Portland Sailing Academy, Great Britain",https://sailing.org/regatta/iqfoil-world-championships?ref=DEN202507Z3C,52,CZE,Czechia,Kristyna Pinosova,CZEKP2,,662,471,23,39,(71) DNF,32,37,18,46,43,(49) BFD,39,31,49 DNS,44,31,(71) UFD,39,-,-,-,-
youth,World Championships,IQFOiL,IQFOiL Women,iQFOiL World Championships,DEN202507Z3C,2026-09-04,2026-09-12," Weymouth and Portland Sailing Academy, Great Britain",https://sailing.org/regatta/iqfoil-world-championships?ref=DEN202507Z3C,53,CYP,Cyprus,Natasa Lappa,CYPNL2,,646,476,49,21,26,(58),49,46,(58),(54),17,35,35,33,42,40,52,31,-,-,-,-
youth,World Championships,IQFOiL,IQFOiL Women,iQFOiL World Championships,DEN202507Z3C,2026-09-04,2026-09-12," Weymouth and Portland Sailing Academy, Great Britain",https://sailing.org/regatta/iqfoil-world-championships?ref=DEN202507Z3C,54,SUI,Switzerland,Elena Sandera,SUIES10,,670.35,487.35,23,35,(71) DNC,(54),48.8 RDG,45 RDG,48.75 RDG,48.8 RDG,19,27,21,27,(58),51,42,51,-,-,-,-
youth,World Championships,IQFOiL,IQFOiL Women,iQFOiL World Championships,DEN202507Z3C,2026-09-04,2026-09-12," Weymouth and Portland Sailing Academy, Great Britain",https://sailing.org/regatta/iqfoil-world-championships?ref=DEN202507Z3C,55,GBR,Great Britain,Evelyn  Clark,GBREC58,,671,488,29,11,41,41,50,40,(63),29,15,39,43,43,57,(58),(62),50,-,-,-,-
youth,World Championships,IQFOiL,IQFOiL Women,iQFOiL World Championships,DEN202507Z3C,2026-09-04,2026-09-12," Weymouth and Portland Sailing Academy, Great Britain",https://sailing.org/regatta/iqfoil-world-championships?ref=DEN202507Z3C,56,ESP,Spain,Barbara Winau Ordinas,ESPBW3,,679,512,35,23,(55),50,29,(58),50,53,21,21,49 BFD,29,46,(54),54,52,-,-,-,-
youth,World Championships,IQFOiL,IQFOiL Women,iQFOiL World Championships,DEN202507Z3C,2026-09-04,2026-09-12," Weymouth and Portland Sailing Academy, Great Britain",https://sailing.org/regatta/iqfoil-world-championships?ref=DEN202507Z3C,57,AUS,Australia,Samantha Costin,AUSSC55,,715,529,21,23,31,47,(71) UFD,(56),51,(59),33,31,49 DNF,37,55,53,56,42,-,-,-,-
youth,World Championships,IQFOiL,IQFOiL Women,iQFOiL World Championships,DEN202507Z3C,2026-09-04,2026-09-12," Weymouth and Portland Sailing Academy, Great Britain",https://sailing.org/regatta/iqfoil-world-championships?ref=DEN202507Z3C,58,ESP,Spain,MARTINA  MANTOVANI BORRAS,ESPMM108,,714,532,37,43,43,48,55,55,(62),52,37,27,15,21,(63),(57),55,44,-,-,-,-
youth,World Championships,IQFOiL,IQFOiL Women,iQFOiL World Championships,DEN202507Z3C,2026-09-04,2026-09-12," Weymouth and Portland Sailing Academy, Great Britain",https://sailing.org/regatta/iqfoil-world-championships?ref=DEN202507Z3C,59,GER,Germany,Emma Schleicher,GERES37,,746,544,15,31,(71) DNF,(60),57,57,54,57,19,29,33,39,54,59,(71) UFD,40,-,-,-,-
youth,World Championships,IQFOiL,IQFOiL Women,iQFOiL World Championships,DEN202507Z3C,2026-09-04,2026-09-12," Weymouth and Portland Sailing Academy, Great Britain",https://sailing.org/regatta/iqfoil-world-championships?ref=DEN202507Z3C,60,GBR,Great Britain,Sophie Clark,GBRSC152,,770,557,7,29,57,63,(71) UFD,54,59,58,41,41,25,21,(71) DNC,(71) UFD,53,49,-,-,-,-
youth,World Championships,IQFOiL,IQFOiL Women,iQFOiL World Championships,DEN202507Z3C,2026-09-04,2026-09-12," Weymouth and Portland Sailing Academy, Great Britain",https://sailing.org/regatta/iqfoil-world-championships?ref=DEN202507Z3C,61,JPN,Japan,Junna Watanabe,JPNJW1,,763,572,41,35,53,59,54,49,(64),(64),27,27,31,45,60,(63),46,45,-,-,-,-
youth,World Championships,IQFOiL,IQFOiL Women,iQFOiL World Championships,DEN202507Z3C,2026-09-04,2026-09-12," Weymouth and Portland Sailing Academy, Great Britain",https://sailing.org/regatta/iqfoil-world-championships?ref=DEN202507Z3C,62,GBR,Great Britain,Alysia Gibson,GBRAG76,,806,605,39,41,42,39,(71) UFD,(65),(65),60,39,41,35,29,65,60,60,55,-,-,-,-
youth,World Championships,IQFOiL,IQFOiL Women,iQFOiL World Championships,DEN202507Z3C,2026-09-04,2026-09-12," Weymouth and Portland Sailing Academy, Great Britain",https://sailing.org/regatta/iqfoil-world-championships?ref=DEN202507Z3C,63,ESP,Spain,Lucía Guardiola,ESPLG28,,813,616,35,37,59,49,61,(66),(67),62,31,33,45,25,(64),62,64,53,-,-,-,-
youth,World Championships,IQFOiL,IQFOiL Women,iQFOiL World Championships,DEN202507Z3C,2026-09-04,2026-09-12," Weymouth and Portland Sailing Academy, Great Britain",https://sailing.org/regatta/iqfoil-world-championships?ref=DEN202507Z3C,64,GBR,Great Britain,Abigail Smith,GBRAS151,,826,636,31,45,(62),61,62,59,56,(63),25,37,49 BFD,33,61,(65),61,56,-,-,-,-
youth,World Championships,IQFOiL,IQFOiL Women,iQFOiL World Championships,DEN202507Z3C,2026-09-04,2026-09-12," Weymouth and Portland Sailing Academy, Great Britain",https://sailing.org/regatta/iqfoil-world-championships?ref=DEN202507Z3C,65,SGP,Singapore,Angel Chew,SGPAC1,,849,645,39,37,61,(71) DNF,63,62,60,(67),45,43,33,23,62,(66),58,59,-,-,-,-
youth,World Championships,IQFOiL,IQFOiL Women,iQFOiL World Championships,DEN202507Z3C,2026-09-04,2026-09-12," Weymouth and Portland Sailing Academy, Great Britain",https://sailing.org/regatta/iqfoil-world-championships?ref=DEN202507Z3C,66,CAN,Canada,Rebecca Heller,CANRH28,,860,652,37,41,(71) DNF,64,64,63,(68),(69),29,31,37,33,68,64,63,58,-,-,-,-
youth,World Championships,IQFOiL,IQFOiL Women,iQFOiL World Championships,DEN202507Z3C,2026-09-04,2026-09-12," Weymouth and Portland Sailing Academy, Great Britain",https://sailing.org/regatta/iqfoil-world-championships?ref=DEN202507Z3C,67,FRA,France,Juliette BABEY,FRAJB124,,860,657,39,37,(71) DNF,(71) DNF,58,60,57,56,47,49 BFD,39,49 DNC,59,(61),59,48,-,-,-,-
youth,World Championships,IQFOiL,IQFOiL Women,iQFOiL World Championships,DEN202507Z3C,2026-09-04,2026-09-12," Weymouth and Portland Sailing Academy, Great Britain",https://sailing.org/regatta/iqfoil-world-championships?ref=DEN202507Z3C,68,AUS,Australia,Amelia Wilson,AUSAW62,,875,670,41,45,60,(71) DNF,59,(67),66,66,43,43,29,41,66,(67),57,54,-,-,-,-
youth,World Championships,IQFOiL,IQFOiL Women,iQFOiL World Championships,DEN202507Z3C,2026-09-04,2026-09-12," Weymouth and Portland Sailing Academy, Great Britain",https://sailing.org/regatta/iqfoil-world-championships?ref=DEN202507Z3C,69,CZE,Czechia,Marketa Stepankova,CZEMS13,,897,687,31,39,(71) DNF,62,65,64,(70),68,41,45,37,41,(69),68,66,60,-,-,-,-
youth,World Championships,IQFOiL,IQFOiL Women,iQFOiL World Championships,DEN202507Z3C,2026-09-04,2026-09-12," Weymouth and Portland Sailing Academy, Great Britain",https://sailing.org/regatta/iqfoil-world-championships?ref=DEN202507Z3C,70,ITA,Italy,Livia Passoni,ITALP131,,929,718,45,43,(71) UFD,(71) DNF,60,61,(69),65,45,45,49 DNC,47,67,69,65,57,-,-,-,-
