group,level_label,class_label,event_label,regatta_name,world_sailing_id,start_date,end_date,venue,source_url,rank,country,country_name,crew,world_sailing_ids,sail_number,total_points,net_points,1Q(US),2Q(US),3Q(US),4Q(US),5Q(SL),6Q(SL),7Q(SL),8F(SL),9F(SL),10F(SL),11F(US),12F(US),13F(US),14F(US),15F(US),16F(SL),17F(SL),QF,SF,F1,F()
youth,Class Youth World Championship,iQFOiL Youth & Junior,iQFOiL Youth & Junior Youth Male,iQFOiL Youth & Junior World Championships,ESP202310DVU,2026-07-03,2026-07-10,"sant Pere Pescador, Spain",https://sailing.org/regatta/iqfoil-youth-and-junior-world-championships?ref=ESP202310DVU,1,ITA,Italy,Mattia Saoncella,ITAMS191,,23,14,(1),1,1,1,1,1,1,1,1,1,(5),1,(3),1,1,1,1,-,-,2,1
youth,Class Youth World Championship,iQFOiL Youth & Junior,iQFOiL Youth & Junior Youth Male,iQFOiL Youth & Junior World Championships,ESP202310DVU,2026-07-03,2026-07-10,"sant Pere Pescador, Spain",https://sailing.org/regatta/iqfoil-youth-and-junior-world-championships?ref=ESP202310DVU,2,USA,United States of America,Garrett January,USAGJ23,,113,36,3,1,1,1,1,1,(11),3,(27),7,5,3,(39) DNC,1,1,5,3,1,2,2,2
youth,Class Youth World Championship,iQFOiL Youth & Junior,iQFOiL Youth & Junior Youth Male,iQFOiL Youth & Junior World Championships,ESP202310DVU,2026-07-03,2026-07-10,"sant Pere Pescador, Spain",https://sailing.org/regatta/iqfoil-youth-and-junior-world-championships?ref=ESP202310DVU,3,POL,Poland,Leon Jankowski,POLLJ4,,32,18,1,(3),3,3,1,1,1,1,1,1,1,1,1,(3),(8) STP,1,1,-,-,3,3
youth,Class Youth World Championship,iQFOiL Youth & Junior,iQFOiL Youth & Junior Youth Male,iQFOiL Youth & Junior World Championships,ESP202310DVU,2026-07-03,2026-07-10,"sant Pere Pescador, Spain",https://sailing.org/regatta/iqfoil-youth-and-junior-world-championships?ref=ESP202310DVU,4,NED,Netherlands,Merlijn Boswijk,NEDMB63,,91,32,3,3,(5),1,1,1,1,1,9,(39) DNC,5,1,1,1,1,(15),3,-,1,4,4
youth,Class Youth World Championship,iQFOiL Youth & Junior,iQFOiL Youth & Junior Youth Male,iQFOiL Youth & Junior World Championships,ESP202310DVU,2026-07-03,2026-07-10,"sant Pere Pescador, Spain",https://sailing.org/regatta/iqfoil-youth-and-junior-world-championships?ref=ESP202310DVU,5,NED,Netherlands,Peyton Dits,NEDPD34,,71,38,3,3,1,(5),5,1,1,3,1,3,(15),3,(13),1,1,5,7,2,3,-,-
youth,Class Youth World Championship,iQFOiL Youth & Junior,iQFOiL Youth & Junior Youth Male,iQFOiL Youth & Junior World Championships,ESP202310DVU,2026-07-03,2026-07-10,"sant Pere Pescador, Spain",https://sailing.org/regatta/iqfoil-youth-and-junior-world-championships?ref=ESP202310DVU,6,TUR,Türkiye,Artun SENOL,TURAS20,,55,30,(1),1,1,1,1,1,1,1,9,1,1,3,(13),3,5,1,(11),-,4,-,-
youth,Class Youth World Championship,iQFOiL Youth & Junior,iQFOiL Youth & Junior Youth Male,iQFOiL Youth & Junior World Championships,ESP202310DVU,2026-07-03,2026-07-10,"sant Pere Pescador, Spain",https://sailing.org/regatta/iqfoil-youth-and-junior-world-championships?ref=ESP202310DVU,7,ISR,Israel,itamar levi,ISRIL3,,82,20,1,1,1,1,(6) STP,1,1,3,3,(27),1,1,1,3,(29),1,1,-,5,-,-
youth,Class Youth World Championship,iQFOiL Youth & Junior,iQFOiL Youth & Junior Youth Male,iQFOiL Youth & Junior World Championships,ESP202310DVU,2026-07-03,2026-07-10,"sant Pere Pescador, Spain",https://sailing.org/regatta/iqfoil-youth-and-junior-world-championships?ref=ESP202310DVU,8,ISR,Israel,Kfir Nov,ISRKN1,,139,80,1,(39) UFD,1,3,1,39 BFD,3,5,7,1,3,(11),7,3,3,3,(9),3,-,-,-
youth,Class Youth World Championship,iQFOiL Youth & Junior,iQFOiL Youth & Junior Youth Male,iQFOiL Youth & Junior World Championships,ESP202310DVU,2026-07-03,2026-07-10,"sant Pere Pescador, Spain",https://sailing.org/regatta/iqfoil-youth-and-junior-world-championships?ref=ESP202310DVU,9,FRA,France,,,,101,62,5,(7),5,7,3,5,3,5,3,5,3,5,3,(9),7,3,(23),4,-,-,-
youth,Class Youth World Championship,iQFOiL Youth & Junior,iQFOiL Youth & Junior Youth Male,iQFOiL Youth & Junior World Championships,ESP202310DVU,2026-07-03,2026-07-10,"sant Pere Pescador, Spain",https://sailing.org/regatta/iqfoil-youth-and-junior-world-championships?ref=ESP202310DVU,10,POL,Poland,Gustaw Trybek,POLGT1,,157,88,3,(5),3,3,1,3,1,3,9,(39) DNC,17,(25),5,5,9,19,7,5,-,-,-
youth,Class Youth World Championship,iQFOiL Youth & Junior,iQFOiL Youth & Junior Youth Male,iQFOiL Youth & Junior World Championships,ESP202310DVU,2026-07-03,2026-07-10,"sant Pere Pescador, Spain",https://sailing.org/regatta/iqfoil-youth-and-junior-world-championships?ref=ESP202310DVU,11,POR,Portugal,Diogo Borges de Sousa,PORDB11,,201,90,5,7,3,9,(39) BFD,3,7,(39) BFD,5,3,7,(33),15,13,5,7,1,-,-,-,-
youth,Class Youth World Championship,iQFOiL Youth & Junior,iQFOiL Youth & Junior Youth Male,iQFOiL Youth & Junior World Championships,ESP202310DVU,2026-07-03,2026-07-10,"sant Pere Pescador, Spain",https://sailing.org/regatta/iqfoil-youth-and-junior-world-championships?ref=ESP202310DVU,12,ISR,Israel,omri adiran,ISROA7,,177,90,7,5,1,(27),5,5,13,9,11,3,3,(29),7,7,(31),9,5,-,-,-,-
youth,Class Youth World Championship,iQFOiL Youth & Junior,iQFOiL Youth & Junior Youth Male,iQFOiL Youth & Junior World Championships,ESP202310DVU,2026-07-03,2026-07-10,"sant Pere Pescador, Spain",https://sailing.org/regatta/iqfoil-youth-and-junior-world-championships?ref=ESP202310DVU,13,NED,Netherlands,Finn Brüll,NEDFB18,,155,96,3,3,3,1,5,(9),3,(25),(25),3,9,17,19,9,7,9,5,-,-,-,-
youth,Class Youth World Championship,iQFOiL Youth & Junior,iQFOiL Youth & Junior Youth Male,iQFOiL Youth & Junior World Championships,ESP202310DVU,2026-07-03,2026-07-10,"sant Pere Pescador, Spain",https://sailing.org/regatta/iqfoil-youth-and-junior-world-championships?ref=ESP202310DVU,14,NED,Netherlands,Mika Boone,NEDMB62,,157,102,9,9,7,11,3,3,(15),7,5,5,(13),9,(27),7,13,9,5,-,-,-,-
youth,Class Youth World Championship,iQFOiL Youth & Junior,iQFOiL Youth & Junior Youth Male,iQFOiL Youth & Junior World Championships,ESP202310DVU,2026-07-03,2026-07-10,"sant Pere Pescador, Spain",https://sailing.org/regatta/iqfoil-youth-and-junior-world-championships?ref=ESP202310DVU,15,ITA,Italy,Lorenzo Maroadi,ITALM137,,155,104,11,11,(15),13,11,15,5,7,3,(13),3,7,5,7,3,(23),3,-,-,-,-
youth,Class Youth World Championship,iQFOiL Youth & Junior,iQFOiL Youth & Junior Youth Male,iQFOiL Youth & Junior World Championships,ESP202310DVU,2026-07-03,2026-07-10,"sant Pere Pescador, Spain",https://sailing.org/regatta/iqfoil-youth-and-junior-world-championships?ref=ESP202310DVU,16,FRA,France,,,,171,106,1,(27),15,5,5,27,3,5,7,5,(19),3,9,(19),5,13,3,-,-,-,-
youth,Class Youth World Championship,iQFOiL Youth & Junior,iQFOiL Youth & Junior Youth Male,iQFOiL Youth & Junior World Championships,ESP202310DVU,2026-07-03,2026-07-10,"sant Pere Pescador, Spain",https://sailing.org/regatta/iqfoil-youth-and-junior-world-championships?ref=ESP202310DVU,17,FRA,France,LEOPOLD BRISEDOU,FRALB80,,185,110,7,5,(11),5,3,5,5,5,25,(31),7,5,3,(33),9,17,9,-,-,-,-
youth,Class Youth World Championship,iQFOiL Youth & Junior,iQFOiL Youth & Junior Youth Male,iQFOiL Youth & Junior World Championships,ESP202310DVU,2026-07-03,2026-07-10,"sant Pere Pescador, Spain",https://sailing.org/regatta/iqfoil-youth-and-junior-world-championships?ref=ESP202310DVU,18,ITA,Italy,Pierluigi Caproni,ITAPC123,,179.89,110.89,3,5,11,5,(39) BFD,1,17,(17),7,(13),13,9.89 RDG,5,7,11,3,13,-,-,-,-
youth,Class Youth World Championship,iQFOiL Youth & Junior,iQFOiL Youth & Junior Youth Male,iQFOiL Youth & Junior World Championships,ESP202310DVU,2026-07-03,2026-07-10,"sant Pere Pescador, Spain",https://sailing.org/regatta/iqfoil-youth-and-junior-world-championships?ref=ESP202310DVU,19,NED,Netherlands,Milo Zaal,NEDMZ8,,179,114,5,3,9,5,(23),5,1,11,7,13,(21),(21),15,11,5,9,15,-,-,-,-
youth,Class Youth World Championship,iQFOiL Youth & Junior,iQFOiL Youth & Junior Youth Male,iQFOiL Youth & Junior World Championships,ESP202310DVU,2026-07-03,2026-07-10,"sant Pere Pescador, Spain",https://sailing.org/regatta/iqfoil-youth-and-junior-world-championships?ref=ESP202310DVU,20,ESP,Spain,Jorge Ruiz Lopez,ESPJR114,,214,126,1,3,1,1,10 STP,(14) STP,14 STP,13,21,7,9,21,9,5,(35),11,(39) BFD,-,-,-,-
youth,Class Youth World Championship,iQFOiL Youth & Junior,iQFOiL Youth & Junior Youth Male,iQFOiL Youth & Junior World Championships,ESP202310DVU,2026-07-03,2026-07-10,"sant Pere Pescador, Spain",https://sailing.org/regatta/iqfoil-youth-and-junior-world-championships?ref=ESP202310DVU,21,NZL,New Zealand,Vlad Misescu,NZLVM3,,225,126,13,(21),7,7,11,3,7,(39) DNC,15,5,1,21,1,21,11,3,(39) DNC,-,-,-,-
youth,Class Youth World Championship,iQFOiL Youth & Junior,iQFOiL Youth & Junior Youth Male,iQFOiL Youth & Junior World Championships,ESP202310DVU,2026-07-03,2026-07-10,"sant Pere Pescador, Spain",https://sailing.org/regatta/iqfoil-youth-and-junior-world-championships?ref=ESP202310DVU,22,ITA,Italy,Matteo Montanari,ITAMM404,,197,126,3,5,7,3,5,(9),3,21,1,9,21,5,23,13,(29),(33),7,-,-,-,-
youth,Class Youth World Championship,iQFOiL Youth & Junior,iQFOiL Youth & Junior Youth Male,iQFOiL Youth & Junior World Championships,ESP202310DVU,2026-07-03,2026-07-10,"sant Pere Pescador, Spain",https://sailing.org/regatta/iqfoil-youth-and-junior-world-championships?ref=ESP202310DVU,23,ISR,Israel,,,,205,134,(15),1,9,3,13,5,9,7,9,(23),5,13,9,(33),21,23,7,-,-,-,-
youth,Class Youth World Championship,iQFOiL Youth & Junior,iQFOiL Youth & Junior Youth Male,iQFOiL Youth & Junior World Championships,ESP202310DVU,2026-07-03,2026-07-10,"sant Pere Pescador, Spain",https://sailing.org/regatta/iqfoil-youth-and-junior-world-championships?ref=ESP202310DVU,24,ISR,Israel,NIR MEKEL,ISRNM4,,253,150,7,9,3,9,(39) BFD,11,3,7,5,11,23,13,7,21,(37),(27),21,-,-,-,-
youth,Class Youth World Championship,iQFOiL Youth & Junior,iQFOiL Youth & Junior Youth Male,iQFOiL Youth & Junior World Championships,ESP202310DVU,2026-07-03,2026-07-10,"sant Pere Pescador, Spain",https://sailing.org/regatta/iqfoil-youth-and-junior-world-championships?ref=ESP202310DVU,25,FRA,France,Justin Spriet,FRAJS49,,243,156,5,(21),5,7,15,19,5,13,(39) DNC,9,21,17,11,(27),7,5,17,-,-,-,-
youth,Class Youth World Championship,iQFOiL Youth & Junior,iQFOiL Youth & Junior Youth Male,iQFOiL Youth & Junior World Championships,ESP202310DVU,2026-07-03,2026-07-10,"sant Pere Pescador, Spain",https://sailing.org/regatta/iqfoil-youth-and-junior-world-championships?ref=ESP202310DVU,26,HKG,"Hong Kong, China",Tsz Ho Wong,HKGTW3,,221,156,11,(25),13,15,7,9,9,11,11,(17),15,(23),11,13,13,7,11,-,-,-,-
youth,Class Youth World Championship,iQFOiL Youth & Junior,iQFOiL Youth & Junior Youth Male,iQFOiL Youth & Junior World Championships,ESP202310DVU,2026-07-03,2026-07-10,"sant Pere Pescador, Spain",https://sailing.org/regatta/iqfoil-youth-and-junior-world-championships?ref=ESP202310DVU,27,CHN,"China, PR",,,,241,162,7,7,21,(39) UFD,11,7,5,(19),13,19,19,9,7,(21),17,7,13,-,-,-,-
youth,Class Youth World Championship,iQFOiL Youth & Junior,iQFOiL Youth & Junior Youth Male,iQFOiL Youth & Junior World Championships,ESP202310DVU,2026-07-03,2026-07-10,"sant Pere Pescador, Spain",https://sailing.org/regatta/iqfoil-youth-and-junior-world-championships?ref=ESP202310DVU,28,ITA,Italy,Leonardo Bertugelli,ITALB140,,253,166,11,9,(13),7,3,5,5,27,3,33,(35),9,(39) DNC,15,11,15,13,-,-,-,-
youth,Class Youth World Championship,iQFOiL Youth & Junior,iQFOiL Youth & Junior Youth Male,iQFOiL Youth & Junior World Championships,ESP202310DVU,2026-07-03,2026-07-10,"sant Pere Pescador, Spain",https://sailing.org/regatta/iqfoil-youth-and-junior-world-championships?ref=ESP202310DVU,29,FRA,France,Elemiah Richard,FRAER21,,268.67,169.67,1,5,5,6.67 RDG,5,(21),3,(39) DNC,5,(39) DNC,33,7,19,25,33,17,5,-,-,-,-
youth,Class Youth World Championship,iQFOiL Youth & Junior,iQFOiL Youth & Junior Youth Male,iQFOiL Youth & Junior World Championships,ESP202310DVU,2026-07-03,2026-07-10,"sant Pere Pescador, Spain",https://sailing.org/regatta/iqfoil-youth-and-junior-world-championships?ref=ESP202310DVU,30,FRA,France,Lucas gardais,FRALG66,,258,173,9,11,(33),23,12 STP,9,7,21,19,19,9,5,5,(29),9,(23),15,-,-,-,-
youth,Class Youth World Championship,iQFOiL Youth & Junior,iQFOiL Youth & Junior Youth Male,iQFOiL Youth & Junior World Championships,ESP202310DVU,2026-07-03,2026-07-10,"sant Pere Pescador, Spain",https://sailing.org/regatta/iqfoil-youth-and-junior-world-championships?ref=ESP202310DVU,31,NED,Netherlands,Joep Havik,NEDJH58,,279,174,13,5,7,5,(39) BFD,7,9,17,(39) DNC,11,(27),11,17,15,13,25,19,-,-,-,-
youth,Class Youth World Championship,iQFOiL Youth & Junior,iQFOiL Youth & Junior Youth Male,iQFOiL Youth & Junior World Championships,ESP202310DVU,2026-07-03,2026-07-10,"sant Pere Pescador, Spain",https://sailing.org/regatta/iqfoil-youth-and-junior-world-championships?ref=ESP202310DVU,32,GBR,Great Britain,Beau Handley,GBRBH51,,259,182,13,15,17,(23),7,9,5,9,11,21,15,13,19,(27),15,13,(27),-,-,-,-
youth,Class Youth World Championship,iQFOiL Youth & Junior,iQFOiL Youth & Junior Youth Male,iQFOiL Youth & Junior World Championships,ESP202310DVU,2026-07-03,2026-07-10,"sant Pere Pescador, Spain",https://sailing.org/regatta/iqfoil-youth-and-junior-world-championships?ref=ESP202310DVU,33,FRA,France,TITOUAN DIZET,FRATD57,,306,189,7,1,3,3,(39) BFD,3,3,14 STP,28 STP,34 STP,(39) DNC,19,13,5,25,31,(39) BFD,-,-,-,-
youth,Class Youth World Championship,iQFOiL Youth & Junior,iQFOiL Youth & Junior Youth Male,iQFOiL Youth & Junior World Championships,ESP202310DVU,2026-07-03,2026-07-10,"sant Pere Pescador, Spain",https://sailing.org/regatta/iqfoil-youth-and-junior-world-championships?ref=ESP202310DVU,34,ESP,Spain,Jorge Momparler,ESPJM150,,277,190,5,1,7,(9),3,3,9,19,19,15,25,21,(39) DNC,17,13,33,(39) BFD,-,-,-,-
youth,Class Youth World Championship,iQFOiL Youth & Junior,iQFOiL Youth & Junior Youth Male,iQFOiL Youth & Junior World Championships,ESP202310DVU,2026-07-03,2026-07-10,"sant Pere Pescador, Spain",https://sailing.org/regatta/iqfoil-youth-and-junior-world-championships?ref=ESP202310DVU,35,FRA,France,Noa GOURHAND,FRANG26,,277,194,13,(21),7,17,15,13,11,13,13,7,23,(31),11,(31),21,5,25,-,-,-,-
youth,Class Youth World Championship,iQFOiL Youth & Junior,iQFOiL Youth & Junior Youth Male,iQFOiL Youth & Junior World Championships,ESP202310DVU,2026-07-03,2026-07-10,"sant Pere Pescador, Spain",https://sailing.org/regatta/iqfoil-youth-and-junior-world-championships?ref=ESP202310DVU,36,NED,Netherlands,,,,283,196,15,(17),15,15,15,17,7,19,15,9,(31),9,15,11,15,(39) DNC,19,-,-,-,-
youth,Class Youth World Championship,iQFOiL Youth & Junior,iQFOiL Youth & Junior Youth Male,iQFOiL Youth & Junior World Championships,ESP202310DVU,2026-07-03,2026-07-10,"sant Pere Pescador, Spain",https://sailing.org/regatta/iqfoil-youth-and-junior-world-championships?ref=ESP202310DVU,37,GRE,Greece,Chrysovalantis Karastamatis,GRECK13,,297,202,13,3,3,5,3,11,(17),(39) DNC,(39) DNC,39 DNC,9,35,17,11,7,13,33,-,-,-,-
youth,Class Youth World Championship,iQFOiL Youth & Junior,iQFOiL Youth & Junior Youth Male,iQFOiL Youth & Junior World Championships,ESP202310DVU,2026-07-03,2026-07-10,"sant Pere Pescador, Spain",https://sailing.org/regatta/iqfoil-youth-and-junior-world-championships?ref=ESP202310DVU,38,FRA,France,Oscar Florin,FRAOF9,,305,202,11,9,13,13,7,7,(39) DNC,11,13,11,25,(29),21,23,19,(35),19,-,-,-,-
youth,Class Youth World Championship,iQFOiL Youth & Junior,iQFOiL Youth & Junior Youth Male,iQFOiL Youth & Junior World Championships,ESP202310DVU,2026-07-03,2026-07-10,"sant Pere Pescador, Spain",https://sailing.org/regatta/iqfoil-youth-and-junior-world-championships?ref=ESP202310DVU,39,NED,Netherlands,Thibbes Dijksterhuis,NEDTD18,,323,206,9,9,25,11,(39) BFD,11,11,13,17,(39) DNC,7,27,11,9,21,(39) DNC,25,-,-,-,-
youth,Class Youth World Championship,iQFOiL Youth & Junior,iQFOiL Youth & Junior Youth Male,iQFOiL Youth & Junior World Championships,ESP202310DVU,2026-07-03,2026-07-10,"sant Pere Pescador, Spain",https://sailing.org/regatta/iqfoil-youth-and-junior-world-championships?ref=ESP202310DVU,40,ITA,Italy,,,,319,212,7,15,9,13,(39) BFD,7,5,23,23,(29),(39) DNC,15,27,15,3,21,29,-,-,-,-
youth,Class Youth World Championship,iQFOiL Youth & Junior,iQFOiL Youth & Junior Youth Male,iQFOiL Youth & Junior World Championships,ESP202310DVU,2026-07-03,2026-07-10,"sant Pere Pescador, Spain",https://sailing.org/regatta/iqfoil-youth-and-junior-world-championships?ref=ESP202310DVU,41,GBR,Great Britain,George Ebdon,GBRGE25,,293,214,19,(21),19,21,13,5,7,15,13,15,25,(29),9,27,11,15,(29),-,-,-,-
youth,Class Youth World Championship,iQFOiL Youth & Junior,iQFOiL Youth & Junior Youth Male,iQFOiL Youth & Junior World Championships,ESP202310DVU,2026-07-03,2026-07-10,"sant Pere Pescador, Spain",https://sailing.org/regatta/iqfoil-youth-and-junior-world-championships?ref=ESP202310DVU,42,CHN,"China, PR",,,,309,220,5,1,5,7,3,3,(11),(39) DNC,(39) DNC,19,7,35,39 DNC,35,17,31,13,-,-,-,-
youth,Class Youth World Championship,iQFOiL Youth & Junior,iQFOiL Youth & Junior Youth Male,iQFOiL Youth & Junior World Championships,ESP202310DVU,2026-07-03,2026-07-10,"sant Pere Pescador, Spain",https://sailing.org/regatta/iqfoil-youth-and-junior-world-championships?ref=ESP202310DVU,43,HKG,"Hong Kong, China",San Yui Lau,HKGSL11,,339,222,11,11,5,17,(39) BFD,13,25,(39) BFD,21,(39) DNC,23,27,3,5,15,31,15,-,-,-,-
youth,Class Youth World Championship,iQFOiL Youth & Junior,iQFOiL Youth & Junior Youth Male,iQFOiL Youth & Junior World Championships,ESP202310DVU,2026-07-03,2026-07-10,"sant Pere Pescador, Spain",https://sailing.org/regatta/iqfoil-youth-and-junior-world-championships?ref=ESP202310DVU,44,FRA,France,Thibault MORITZ,FRATM50,,309,224,27,7,15,(33),13,13,19,17,11,15,13,7,19,(25),23,25,(27),-,-,-,-
youth,Class Youth World Championship,iQFOiL Youth & Junior,iQFOiL Youth & Junior Youth Male,iQFOiL Youth & Junior World Championships,ESP202310DVU,2026-07-03,2026-07-10,"sant Pere Pescador, Spain",https://sailing.org/regatta/iqfoil-youth-and-junior-world-championships?ref=ESP202310DVU,45,CHN,"China, PR",,,,313,230,19,15,15,7,(39) BFD,21,21,15,(19),15,17,15,17,19,17,(25),17,-,-,-,-
youth,Class Youth World Championship,iQFOiL Youth & Junior,iQFOiL Youth & Junior Youth Male,iQFOiL Youth & Junior World Championships,ESP202310DVU,2026-07-03,2026-07-10,"sant Pere Pescador, Spain",https://sailing.org/regatta/iqfoil-youth-and-junior-world-championships?ref=ESP202310DVU,46,AIN,Individual Neutral Athletes,Dmitrii Nesterenko,AINXDN2,,335,232,17,(25),13,19,7,7,11,(39) BFD,(39) DNC,7,17,33,39 DNF,17,25,11,9,-,-,-,-
youth,Class Youth World Championship,iQFOiL Youth & Junior,iQFOiL Youth & Junior Youth Male,iQFOiL Youth & Junior World Championships,ESP202310DVU,2026-07-03,2026-07-10,"sant Pere Pescador, Spain",https://sailing.org/regatta/iqfoil-youth-and-junior-world-championships?ref=ESP202310DVU,47,FRA,France,Arthus Chatelier-Daisay,FRAAC117,,325,232,9,15,11,11,9,(31),15,23,21,(25),21,19,17,(37),23,17,21,-,-,-,-
youth,Class Youth World Championship,iQFOiL Youth & Junior,iQFOiL Youth & Junior Youth Male,iQFOiL Youth & Junior World Championships,ESP202310DVU,2026-07-03,2026-07-10,"sant Pere Pescador, Spain",https://sailing.org/regatta/iqfoil-youth-and-junior-world-championships?ref=ESP202310DVU,48,ITA,Italy,Enrico Razzetti,ITAER28,,339,238,15,13,7,9,5,9,(23),(39) BFD,23,(39) DNC,29,19,15,37,17,21,19,-,-,-,-
youth,Class Youth World Championship,iQFOiL Youth & Junior,iQFOiL Youth & Junior Youth Male,iQFOiL Youth & Junior World Championships,ESP202310DVU,2026-07-03,2026-07-10,"sant Pere Pescador, Spain",https://sailing.org/regatta/iqfoil-youth-and-junior-world-championships?ref=ESP202310DVU,49,ESP,Spain,Enrique PARRES PEREZ,ESPPP50,,343,238,19,15,19,19,(39) BFD,21,9,(29),17,25,23,23,13,15,(37),11,9,-,-,-,-
youth,Class Youth World Championship,iQFOiL Youth & Junior,iQFOiL Youth & Junior Youth Male,iQFOiL Youth & Junior World Championships,ESP202310DVU,2026-07-03,2026-07-10,"sant Pere Pescador, Spain",https://sailing.org/regatta/iqfoil-youth-and-junior-world-championships?ref=ESP202310DVU,50,POL,Poland,Józef  Lessnau,POLJL12,,341,244,23,(29),19,19,19,5,5,(29),15,21,19,19,23,9,19,29,(39) DNC,-,-,-,-
youth,Class Youth World Championship,iQFOiL Youth & Junior,iQFOiL Youth & Junior Youth Male,iQFOiL Youth & Junior World Championships,ESP202310DVU,2026-07-03,2026-07-10,"sant Pere Pescador, Spain",https://sailing.org/regatta/iqfoil-youth-and-junior-world-championships?ref=ESP202310DVU,51,HKG,"Hong Kong, China",Cheng Hei tat,HKG H1,,367,250,3,5,15,15,7,19,(39) DNC,31,27,11,29,25,(39) DNC,(39) DNC,33,15,15,-,-,-,-
youth,Class Youth World Championship,iQFOiL Youth & Junior,iQFOiL Youth & Junior Youth Male,iQFOiL Youth & Junior World Championships,ESP202310DVU,2026-07-03,2026-07-10,"sant Pere Pescador, Spain",https://sailing.org/regatta/iqfoil-youth-and-junior-world-championships?ref=ESP202310DVU,52,ITA,Italy,PAOLO   FUMAGALLI,ITAPF54,,353,250,21,15,17,21,17,(39) BFD,13,11,15,9,(29),(35),21,29,19,17,25,-,-,-,-
youth,Class Youth World Championship,iQFOiL Youth & Junior,iQFOiL Youth & Junior Youth Male,iQFOiL Youth & Junior World Championships,ESP202310DVU,2026-07-03,2026-07-10,"sant Pere Pescador, Spain",https://sailing.org/regatta/iqfoil-youth-and-junior-world-championships?ref=ESP202310DVU,53,ITA,Italy,Davide Scarlata,ITADS73,,365,260,7,7,17,3,7,(27),25,(39) BFD,17,23,11,17,35,33,35,(39) DNC,23,-,-,-,-
youth,Class Youth World Championship,iQFOiL Youth & Junior,iQFOiL Youth & Junior Youth Male,iQFOiL Youth & Junior World Championships,ESP202310DVU,2026-07-03,2026-07-10,"sant Pere Pescador, Spain",https://sailing.org/regatta/iqfoil-youth-and-junior-world-championships?ref=ESP202310DVU,54,ISR,Israel,Itay Kliger,ISRIK5,,347,260,21,(27),23,21,11,7,17,15,17,13,19,25,25,(29),27,19,(31),-,-,-,-
youth,Class Youth World Championship,iQFOiL Youth & Junior,iQFOiL Youth & Junior Youth Male,iQFOiL Youth & Junior World Championships,ESP202310DVU,2026-07-03,2026-07-10,"sant Pere Pescador, Spain",https://sailing.org/regatta/iqfoil-youth-and-junior-world-championships?ref=ESP202310DVU,55,ESP,Spain,jordi cerdà alorda,ESPJC160,,361,260,15,13,9,9,9,(23),15,23,(39) DNC,17,13,13,(39) DNC,39 DNC,27,19,39 DNC,-,-,-,-
youth,Class Youth World Championship,iQFOiL Youth & Junior,iQFOiL Youth & Junior Youth Male,iQFOiL Youth & Junior World Championships,ESP202310DVU,2026-07-03,2026-07-10,"sant Pere Pescador, Spain",https://sailing.org/regatta/iqfoil-youth-and-junior-world-championships?ref=ESP202310DVU,56,FRA,France,,,,377,262,17,(39) UFD,11,25,11,13,9,17,23,(39) DNC,(37),15,25,31,23,21,21,-,-,-,-
youth,Class Youth World Championship,iQFOiL Youth & Junior,iQFOiL Youth & Junior Youth Male,iQFOiL Youth & Junior World Championships,ESP202310DVU,2026-07-03,2026-07-10,"sant Pere Pescador, Spain",https://sailing.org/regatta/iqfoil-youth-and-junior-world-championships?ref=ESP202310DVU,57,PER,Peru,Bruno Mariano Orihuela,PERBO1,,387,270,7,7,7,7,11,23,(39) DNC,21,(39) DNC,(39) DNC,17,27,39 DNC,17,33,23,31,-,-,-,-
youth,Class Youth World Championship,iQFOiL Youth & Junior,iQFOiL Youth & Junior Youth Male,iQFOiL Youth & Junior World Championships,ESP202310DVU,2026-07-03,2026-07-10,"sant Pere Pescador, Spain",https://sailing.org/regatta/iqfoil-youth-and-junior-world-championships?ref=ESP202310DVU,58,NZL,New Zealand,Josh Tuck,NZLJT13,,389,272,11,11,5,5,23,3,(39) DNC,9,(39) DNC,21,33,37,(39) DNC,11,27,37,39 BFD,-,-,-,-
youth,Class Youth World Championship,iQFOiL Youth & Junior,iQFOiL Youth & Junior Youth Male,iQFOiL Youth & Junior World Championships,ESP202310DVU,2026-07-03,2026-07-10,"sant Pere Pescador, Spain",https://sailing.org/regatta/iqfoil-youth-and-junior-world-championships?ref=ESP202310DVU,59,NZL,New Zealand,Benjamin Rist,NZLBR3,,373,272,13,7,11,21,9,21,(27),15,29,17,11,(35),(39) DNC,35,35,19,29,-,-,-,-
youth,Class Youth World Championship,iQFOiL Youth & Junior,iQFOiL Youth & Junior Youth Male,iQFOiL Youth & Junior World Championships,ESP202310DVU,2026-07-03,2026-07-10,"sant Pere Pescador, Spain",https://sailing.org/regatta/iqfoil-youth-and-junior-world-championships?ref=ESP202310DVU,60,TUR,Türkiye,Devrim Karatas,TURDK9,,391,274,5,3,9,15,9,(39) DNC,27,(39) DNC,(39) DNC,39 DNC,31,7,31,17,31,27,23,-,-,-,-
youth,Class Youth World Championship,iQFOiL Youth & Junior,iQFOiL Youth & Junior Youth Male,iQFOiL Youth & Junior World Championships,ESP202310DVU,2026-07-03,2026-07-10,"sant Pere Pescador, Spain",https://sailing.org/regatta/iqfoil-youth-and-junior-world-championships?ref=ESP202310DVU,61,SUI,Switzerland,Philip Klarer,SUIPK12,,375,276,13,15,17,15,17,9,(21),(39) DNC,21,(39) DNC,11,39 DSQ,39 DNC,19,9,13,39 BFD,-,-,-,-
youth,Class Youth World Championship,iQFOiL Youth & Junior,iQFOiL Youth & Junior Youth Male,iQFOiL Youth & Junior World Championships,ESP202310DVU,2026-07-03,2026-07-10,"sant Pere Pescador, Spain",https://sailing.org/regatta/iqfoil-youth-and-junior-world-championships?ref=ESP202310DVU,62,GBR,Great Britain,,,,383,278,11,25,13,9,(27),15,11,21,(39) DNC,27,11,15,(39) DNC,23,31,27,39 BFD,-,-,-,-
youth,Class Youth World Championship,iQFOiL Youth & Junior,iQFOiL Youth & Junior Youth Male,iQFOiL Youth & Junior World Championships,ESP202310DVU,2026-07-03,2026-07-10,"sant Pere Pescador, Spain",https://sailing.org/regatta/iqfoil-youth-and-junior-world-championships?ref=ESP202310DVU,63,GER,Germany,Matti Winkler,GERMW89,,397,280,9,13,3,3,33,17,(39) DNC,(39) DNC,(39) DNC,39 DNC,15,23,39 DNC,13,39 DNC,7,27,-,-,-,-
youth,Class Youth World Championship,iQFOiL Youth & Junior,iQFOiL Youth & Junior Youth Male,iQFOiL Youth & Junior World Championships,ESP202310DVU,2026-07-03,2026-07-10,"sant Pere Pescador, Spain",https://sailing.org/regatta/iqfoil-youth-and-junior-world-championships?ref=ESP202310DVU,64,LAT,Latvia,Gustavs Mengelsons,LATGM3,,393,280,15,(35),19,11,7,27,23,33,19,(39) DNC,31,25,(39) DNC,25,23,11,11,-,-,-,-
youth,Class Youth World Championship,iQFOiL Youth & Junior,iQFOiL Youth & Junior Youth Male,iQFOiL Youth & Junior World Championships,ESP202310DVU,2026-07-03,2026-07-10,"sant Pere Pescador, Spain",https://sailing.org/regatta/iqfoil-youth-and-junior-world-championships?ref=ESP202310DVU,65,SUI,Switzerland,Yoan Györvary Denys,SUIYG5,,391,290,15,13,(27),21,17,23,13,31,(39) DNC,27,27,11,23,33,19,(35),17,-,-,-,-
youth,Class Youth World Championship,iQFOiL Youth & Junior,iQFOiL Youth & Junior Youth Male,iQFOiL Youth & Junior World Championships,ESP202310DVU,2026-07-03,2026-07-10,"sant Pere Pescador, Spain",https://sailing.org/regatta/iqfoil-youth-and-junior-world-championships?ref=ESP202310DVU,66,GBR,Great Britain,milo shaw,GBRMS148,,395,296,9,9,(21),13,9,15,9,27,(39) DNC,35,35,27,(39) DNC,27,21,35,25,-,-,-,-
youth,Class Youth World Championship,iQFOiL Youth & Junior,iQFOiL Youth & Junior Youth Male,iQFOiL Youth & Junior World Championships,ESP202310DVU,2026-07-03,2026-07-10,"sant Pere Pescador, Spain",https://sailing.org/regatta/iqfoil-youth-and-junior-world-championships?ref=ESP202310DVU,67,LAT,Latvia,Davis SKUTANS,LATDS1,,415,298,5,7,9,7,13,19,(39) DNC,(39) DNC,(39) DNC,39 DNC,33,33,39 DNC,19,15,33,27,-,-,-,-
youth,Class Youth World Championship,iQFOiL Youth & Junior,iQFOiL Youth & Junior Youth Male,iQFOiL Youth & Junior World Championships,ESP202310DVU,2026-07-03,2026-07-10,"sant Pere Pescador, Spain",https://sailing.org/regatta/iqfoil-youth-and-junior-world-championships?ref=ESP202310DVU,68,TUR,Türkiye,Doruk Can,TURDC10,,405,302,23,17,23,17,13,11,(25),25,(39) DNC,(39) DNC,25,17,39 DNF,23,29,29,11,-,-,-,-
youth,Class Youth World Championship,iQFOiL Youth & Junior,iQFOiL Youth & Junior Youth Male,iQFOiL Youth & Junior World Championships,ESP202310DVU,2026-07-03,2026-07-10,"sant Pere Pescador, Spain",https://sailing.org/regatta/iqfoil-youth-and-junior-world-championships?ref=ESP202310DVU,69,HKG,"Hong Kong, China",Tzar sum Jason  Yung,HKGTY4,,399,304,13,13,11,9,9,(17),15,33,(39) DNC,23,33,31,(39) DNF,35,27,31,21,-,-,-,-
youth,Class Youth World Championship,iQFOiL Youth & Junior,iQFOiL Youth & Junior Youth Male,iQFOiL Youth & Junior World Championships,ESP202310DVU,2026-07-03,2026-07-10,"sant Pere Pescador, Spain",https://sailing.org/regatta/iqfoil-youth-and-junior-world-championships?ref=ESP202310DVU,70,POL,Poland,Antoni Myszka,POLAM36,,415,306,9,21,17,15,21,15,(39) DNC,19,25,(39) DNC,29,(31),21,31,31,21,31,-,-,-,-
youth,Class Youth World Championship,iQFOiL Youth & Junior,iQFOiL Youth & Junior Youth Male,iQFOiL Youth & Junior World Championships,ESP202310DVU,2026-07-03,2026-07-10,"sant Pere Pescador, Spain",https://sailing.org/regatta/iqfoil-youth-and-junior-world-championships?ref=ESP202310DVU,71,GER,Germany,Levi Sümmchen,GERLS110,,409,308,11,13,15,13,17,(23),17,(39) BFD,(39) DNC,25,27,11,39 DNC,31,25,29,35,-,-,-,-
youth,Class Youth World Championship,iQFOiL Youth & Junior,iQFOiL Youth & Junior Youth Male,iQFOiL Youth & Junior World Championships,ESP202310DVU,2026-07-03,2026-07-10,"sant Pere Pescador, Spain",https://sailing.org/regatta/iqfoil-youth-and-junior-world-championships?ref=ESP202310DVU,72,ESP,Spain,,,,421,320,17,17,(27),19,9,13,17,(35),(39) DNC,33,31,31,21,23,29,27,33,-,-,-,-
youth,Class Youth World Championship,iQFOiL Youth & Junior,iQFOiL Youth & Junior Youth Male,iQFOiL Youth & Junior World Championships,ESP202310DVU,2026-07-03,2026-07-10,"sant Pere Pescador, Spain",https://sailing.org/regatta/iqfoil-youth-and-junior-world-championships?ref=ESP202310DVU,73,ESP,Spain,Jan Casañas,ESPJC144,,439,332,25,9,19,11,3,25,(29),(39) BFD,(39) DNC,31,35,33,29,29,33,33,17,-,-,-,-
youth,Class Youth World Championship,iQFOiL Youth & Junior,iQFOiL Youth & Junior Youth Male,iQFOiL Youth & Junior World Championships,ESP202310DVU,2026-07-03,2026-07-10,"sant Pere Pescador, Spain",https://sailing.org/regatta/iqfoil-youth-and-junior-world-championships?ref=ESP202310DVU,74,SGP,Singapore,John Wong,SGPJW1,,445,336,21,13,(31),21,11,7,13,(39) BFD,(39) DNC,39 BFD,27,37,33,25,25,25,39 DNC,-,-,-,-
youth,Class Youth World Championship,iQFOiL Youth & Junior,iQFOiL Youth & Junior Youth Male,iQFOiL Youth & Junior World Championships,ESP202310DVU,2026-07-03,2026-07-10,"sant Pere Pescador, Spain",https://sailing.org/regatta/iqfoil-youth-and-junior-world-championships?ref=ESP202310DVU,75,SWE,Sweden,,,,463,346,9,11,19,15,25,17,(39) DNC,(39) DNC,(39) DNC,39 DNC,37,23,39 DNC,21,39 DNC,29,23,-,-,-,-
youth,Class Youth World Championship,iQFOiL Youth & Junior,iQFOiL Youth & Junior Youth Male,iQFOiL Youth & Junior World Championships,ESP202310DVU,2026-07-03,2026-07-10,"sant Pere Pescador, Spain",https://sailing.org/regatta/iqfoil-youth-and-junior-world-championships?ref=ESP202310DVU,76,GRE,Greece,Michael Korovesis,GREMK30,,157,118,21,19,21,23,9,19,(39) DNF,3,3,-,-,-,-,-,-,-,-,-,-,-,-
youth,Class Youth World Championship,iQFOiL Youth & Junior,iQFOiL Youth & Junior Youth Male,iQFOiL Youth & Junior World Championships,ESP202310DVU,2026-07-03,2026-07-10,"sant Pere Pescador, Spain",https://sailing.org/regatta/iqfoil-youth-and-junior-world-championships?ref=ESP202310DVU,77,GBR,Great Britain,Oliver Ebdon,GBROE9,,159,120,23,19,11,31,(39) BFD,21,11,1,3,-,-,-,-,-,-,-,-,-,-,-,-
youth,Class Youth World Championship,iQFOiL Youth & Junior,iQFOiL Youth & Junior Youth Male,iQFOiL Youth & Junior World Championships,ESP202310DVU,2026-07-03,2026-07-10,"sant Pere Pescador, Spain",https://sailing.org/regatta/iqfoil-youth-and-junior-world-championships?ref=ESP202310DVU,78,JPN,Japan,Masato Kozono,JPNMK47,,151,124,17,(27),25,17,21,17,21,5,1,-,-,-,-,-,-,-,-,-,-,-,-
youth,Class Youth World Championship,iQFOiL Youth & Junior,iQFOiL Youth & Junior Youth Male,iQFOiL Youth & Junior World Championships,ESP202310DVU,2026-07-03,2026-07-10,"sant Pere Pescador, Spain",https://sailing.org/regatta/iqfoil-youth-and-junior-world-championships?ref=ESP202310DVU,79,GRE,Greece,Evagelos Giannakopoulos,GREEG10,,161,130,(31),29,29,15,11,17,15,9,5,-,-,-,-,-,-,-,-,-,-,-,-
youth,Class Youth World Championship,iQFOiL Youth & Junior,iQFOiL Youth & Junior Youth Male,iQFOiL Youth & Junior World Championships,ESP202310DVU,2026-07-03,2026-07-10,"sant Pere Pescador, Spain",https://sailing.org/regatta/iqfoil-youth-and-junior-world-championships?ref=ESP202310DVU,80,GER,Germany,Paul Regber,GERPR36,,171,132,31,11,9,13,(39) BFD,21,39 DNC,3,5,-,-,-,-,-,-,-,-,-,-,-,-
youth,Class Youth World Championship,iQFOiL Youth & Junior,iQFOiL Youth & Junior Youth Male,iQFOiL Youth & Junior World Championships,ESP202310DVU,2026-07-03,2026-07-10,"sant Pere Pescador, Spain",https://sailing.org/regatta/iqfoil-youth-and-junior-world-championships?ref=ESP202310DVU,81,GER,Germany,Noah Schmäh,GERNS62,,165,134,21,23,29,13,17,(31),13,9,9,-,-,-,-,-,-,-,-,-,-,-,-
youth,Class Youth World Championship,iQFOiL Youth & Junior,iQFOiL Youth & Junior Youth Male,iQFOiL Youth & Junior World Championships,ESP202310DVU,2026-07-03,2026-07-10,"sant Pere Pescador, Spain",https://sailing.org/regatta/iqfoil-youth-and-junior-world-championships?ref=ESP202310DVU,82,GRE,Greece,DIMITRIOS EVANGELLOS MORAITIS,GREDM14,,173,134,15,25,13,13,15,25,(39) DNF,19,9,-,-,-,-,-,-,-,-,-,-,-,-
youth,Class Youth World Championship,iQFOiL Youth & Junior,iQFOiL Youth & Junior Youth Male,iQFOiL Youth & Junior World Championships,ESP202310DVU,2026-07-03,2026-07-10,"sant Pere Pescador, Spain",https://sailing.org/regatta/iqfoil-youth-and-junior-world-championships?ref=ESP202310DVU,83,ISR,Israel,Shahar Sherf,ISRSS12,,175,136,(39) UFD,39 UFD,39 DNC,9,13,11,19,5,1,-,-,-,-,-,-,-,-,-,-,-,-
youth,Class Youth World Championship,iQFOiL Youth & Junior,iQFOiL Youth & Junior Youth Male,iQFOiL Youth & Junior World Championships,ESP202310DVU,2026-07-03,2026-07-10,"sant Pere Pescador, Spain",https://sailing.org/regatta/iqfoil-youth-and-junior-world-championships?ref=ESP202310DVU,84,ESP,Spain,,,,165,136,15,(29),17,21,21,13,21,11,17,-,-,-,-,-,-,-,-,-,-,-,-
youth,Class Youth World Championship,iQFOiL Youth & Junior,iQFOiL Youth & Junior Youth Male,iQFOiL Youth & Junior World Championships,ESP202310DVU,2026-07-03,2026-07-10,"sant Pere Pescador, Spain",https://sailing.org/regatta/iqfoil-youth-and-junior-world-championships?ref=ESP202310DVU,85,SUI,Switzerland,Mark Benczur,SUIMB45,,177,138,25,27,23,19,(39) BFD,23,7,3,11,-,-,-,-,-,-,-,-,-,-,-,-
youth,Class Youth World Championship,iQFOiL Youth & Junior,iQFOiL Youth & Junior Youth Male,iQFOiL Youth & Junior World Championships,ESP202310DVU,2026-07-03,2026-07-10,"sant Pere Pescador, Spain",https://sailing.org/regatta/iqfoil-youth-and-junior-world-championships?ref=ESP202310DVU,86,PHI,Philippines,dhenver john castillo,PHIDC1,,179,140,(39) DNC,19,19,37,19,23,13,9,1,-,-,-,-,-,-,-,-,-,-,-,-
youth,Class Youth World Championship,iQFOiL Youth & Junior,iQFOiL Youth & Junior Youth Male,iQFOiL Youth & Junior World Championships,ESP202310DVU,2026-07-03,2026-07-10,"sant Pere Pescador, Spain",https://sailing.org/regatta/iqfoil-youth-and-junior-world-championships?ref=ESP202310DVU,87,SUI,Switzerland,Luca Györvary Denys,SUILG13,,165,140,19,11,21,(25),21,19,19,15,15,-,-,-,-,-,-,-,-,-,-,-,-
youth,Class Youth World Championship,iQFOiL Youth & Junior,iQFOiL Youth & Junior Youth Male,iQFOiL Youth & Junior World Championships,ESP202310DVU,2026-07-03,2026-07-10,"sant Pere Pescador, Spain",https://sailing.org/regatta/iqfoil-youth-and-junior-world-championships?ref=ESP202310DVU,88,AUT,Austria,Georg Böckl,AUTGB7,,181,142,25 RDG,(39) UFD,5,39 UFD,39 BFD,21,7,3,3,-,-,-,-,-,-,-,-,-,-,-,-
youth,Class Youth World Championship,iQFOiL Youth & Junior,iQFOiL Youth & Junior Youth Male,iQFOiL Youth & Junior World Championships,ESP202310DVU,2026-07-03,2026-07-10,"sant Pere Pescador, Spain",https://sailing.org/regatta/iqfoil-youth-and-junior-world-championships?ref=ESP202310DVU,89,GER,Germany,Gustav Pöschke,GERGP14,,181,142,29,9,23,(39) DSQ,15,17,31,7,11,-,-,-,-,-,-,-,-,-,-,-,-
youth,Class Youth World Championship,iQFOiL Youth & Junior,iQFOiL Youth & Junior Youth Male,iQFOiL Youth & Junior World Championships,ESP202310DVU,2026-07-03,2026-07-10,"sant Pere Pescador, Spain",https://sailing.org/regatta/iqfoil-youth-and-junior-world-championships?ref=ESP202310DVU,90,SUI,Switzerland,Raphaël Kobel,SUIRK4,,185,146,(39) DSQ,25,29,17,23,15,25,7,5,-,-,-,-,-,-,-,-,-,-,-,-
youth,Class Youth World Championship,iQFOiL Youth & Junior,iQFOiL Youth & Junior Youth Male,iQFOiL Youth & Junior World Championships,ESP202310DVU,2026-07-03,2026-07-10,"sant Pere Pescador, Spain",https://sailing.org/regatta/iqfoil-youth-and-junior-world-championships?ref=ESP202310DVU,91,ESP,Spain,Miquel Servera,ESPMS65,,177,146,29,17,(31),27,15,15,17,21,5,-,-,-,-,-,-,-,-,-,-,-,-
youth,Class Youth World Championship,iQFOiL Youth & Junior,iQFOiL Youth & Junior Youth Male,iQFOiL Youth & Junior World Championships,ESP202310DVU,2026-07-03,2026-07-10,"sant Pere Pescador, Spain",https://sailing.org/regatta/iqfoil-youth-and-junior-world-championships?ref=ESP202310DVU,92,URU,Uruguay,Máximo Ortiz,URUMO1,,179,148,19,(31),17,25,19,31,29,1,7,-,-,-,-,-,-,-,-,-,-,-,-
youth,Class Youth World Championship,iQFOiL Youth & Junior,iQFOiL Youth & Junior Youth Male,iQFOiL Youth & Junior World Championships,ESP202310DVU,2026-07-03,2026-07-10,"sant Pere Pescador, Spain",https://sailing.org/regatta/iqfoil-youth-and-junior-world-championships?ref=ESP202310DVU,93,FRA,France,Brieuc Sibé,FRABS25,,179,148,(31),19,21,25,23,25,7,17,11,-,-,-,-,-,-,-,-,-,-,-,-
youth,Class Youth World Championship,iQFOiL Youth & Junior,iQFOiL Youth & Junior Youth Male,iQFOiL Youth & Junior World Championships,ESP202310DVU,2026-07-03,2026-07-10,"sant Pere Pescador, Spain",https://sailing.org/regatta/iqfoil-youth-and-junior-world-championships?ref=ESP202310DVU,94,ISR,Israel,Rotem Levi,ISRRL6,,189,150,25,15,21,11,31,13,(39) DNF,27,7,-,-,-,-,-,-,-,-,-,-,-,-
youth,Class Youth World Championship,iQFOiL Youth & Junior,iQFOiL Youth & Junior Youth Male,iQFOiL Youth & Junior World Championships,ESP202310DVU,2026-07-03,2026-07-10,"sant Pere Pescador, Spain",https://sailing.org/regatta/iqfoil-youth-and-junior-world-championships?ref=ESP202310DVU,95,ESP,Spain,,,,185,150,17,19,(35),19,29,25,21,7,13,-,-,-,-,-,-,-,-,-,-,-,-
youth,Class Youth World Championship,iQFOiL Youth & Junior,iQFOiL Youth & Junior Youth Male,iQFOiL Youth & Junior World Championships,ESP202310DVU,2026-07-03,2026-07-10,"sant Pere Pescador, Spain",https://sailing.org/regatta/iqfoil-youth-and-junior-world-championships?ref=ESP202310DVU,96,GER,Germany,Marius  Müller,GERMM123,,179,150,19,25,(29),23,23,11,15,13,21,-,-,-,-,-,-,-,-,-,-,-,-
youth,Class Youth World Championship,iQFOiL Youth & Junior,iQFOiL Youth & Junior Youth Male,iQFOiL Youth & Junior World Championships,ESP202310DVU,2026-07-03,2026-07-10,"sant Pere Pescador, Spain",https://sailing.org/regatta/iqfoil-youth-and-junior-world-championships?ref=ESP202310DVU,97,GER,Germany,Philipp Köhlert,GERPK49,,183,152,29,(31),27,27,27,29,11,1,1,-,-,-,-,-,-,-,-,-,-,-,-
youth,Class Youth World Championship,iQFOiL Youth & Junior,iQFOiL Youth & Junior Youth Male,iQFOiL Youth & Junior World Championships,ESP202310DVU,2026-07-03,2026-07-10,"sant Pere Pescador, Spain",https://sailing.org/regatta/iqfoil-youth-and-junior-world-championships?ref=ESP202310DVU,98,THA,Thailand,Wachirawit Manbumrung,THAWM3,,183,152,29,(31),23,23,19,19,23,5,11,-,-,-,-,-,-,-,-,-,-,-,-
youth,Class Youth World Championship,iQFOiL Youth & Junior,iQFOiL Youth & Junior Youth Male,iQFOiL Youth & Junior World Championships,ESP202310DVU,2026-07-03,2026-07-10,"sant Pere Pescador, Spain",https://sailing.org/regatta/iqfoil-youth-and-junior-world-championships?ref=ESP202310DVU,99,HUN,Hungary,Kristóf Jancsó,HUNKJ3,,179,152,(27),23,19,25,27,15,21,5,17,-,-,-,-,-,-,-,-,-,-,-,-
youth,Class Youth World Championship,iQFOiL Youth & Junior,iQFOiL Youth & Junior Youth Male,iQFOiL Youth & Junior World Championships,ESP202310DVU,2026-07-03,2026-07-10,"sant Pere Pescador, Spain",https://sailing.org/regatta/iqfoil-youth-and-junior-world-championships?ref=ESP202310DVU,100,FRA,France,Marius Polo,FRAMP84,,193,154,(39) UFD,39 UFD,39 UFD,1,13,11,23,1,27,-,-,-,-,-,-,-,-,-,-,-,-
youth,Class Youth World Championship,iQFOiL Youth & Junior,iQFOiL Youth & Junior Youth Male,iQFOiL Youth & Junior World Championships,ESP202310DVU,2026-07-03,2026-07-10,"sant Pere Pescador, Spain",https://sailing.org/regatta/iqfoil-youth-and-junior-world-championships?ref=ESP202310DVU,101,TUR,Türkiye,Mert  Günel,TURMG15,,193,154,17,33,9,29,25,27,(39) DNF,11,3,-,-,-,-,-,-,-,-,-,-,-,-
youth,Class Youth World Championship,iQFOiL Youth & Junior,iQFOiL Youth & Junior Youth Male,iQFOiL Youth & Junior World Championships,ESP202310DVU,2026-07-03,2026-07-10,"sant Pere Pescador, Spain",https://sailing.org/regatta/iqfoil-youth-and-junior-world-championships?ref=ESP202310DVU,102,ITA,Italy,Mathias Bortolotti,ITAMB297,,195,156,21,17,25,21,29,(39) BFD,21,9,13,-,-,-,-,-,-,-,-,-,-,-,-
youth,Class Youth World Championship,iQFOiL Youth & Junior,iQFOiL Youth & Junior Youth Male,iQFOiL Youth & Junior World Championships,ESP202310DVU,2026-07-03,2026-07-10,"sant Pere Pescador, Spain",https://sailing.org/regatta/iqfoil-youth-and-junior-world-championships?ref=ESP202310DVU,103,POL,Poland,Karol Nowacki,POLKN9,,197,158,(39) DNC,23,23,29,17,7,15,13,31,-,-,-,-,-,-,-,-,-,-,-,-
youth,Class Youth World Championship,iQFOiL Youth & Junior,iQFOiL Youth & Junior Youth Male,iQFOiL Youth & Junior World Championships,ESP202310DVU,2026-07-03,2026-07-10,"sant Pere Pescador, Spain",https://sailing.org/regatta/iqfoil-youth-and-junior-world-championships?ref=ESP202310DVU,104,THA,Thailand,WACHIRAWIT THONUP,THAWT2,,203,164,19,33,15,35,(39) BFD,15,27,13,7,-,-,-,-,-,-,-,-,-,-,-,-
youth,Class Youth World Championship,iQFOiL Youth & Junior,iQFOiL Youth & Junior Youth Male,iQFOiL Youth & Junior World Championships,ESP202310DVU,2026-07-03,2026-07-10,"sant Pere Pescador, Spain",https://sailing.org/regatta/iqfoil-youth-and-junior-world-championships?ref=ESP202310DVU,105,ITA,Italy,,,,201,168,(33),21,27,29,19,19,13,15,25,-,-,-,-,-,-,-,-,-,-,-,-
youth,Class Youth World Championship,iQFOiL Youth & Junior,iQFOiL Youth & Junior Youth Male,iQFOiL Youth & Junior World Championships,ESP202310DVU,2026-07-03,2026-07-10,"sant Pere Pescador, Spain",https://sailing.org/regatta/iqfoil-youth-and-junior-world-championships?ref=ESP202310DVU,106,POL,Poland,Piotr Grendziak,POLPG19,,193,168,21,19,(25),19,17,25,19,21,27,-,-,-,-,-,-,-,-,-,-,-,-
youth,Class Youth World Championship,iQFOiL Youth & Junior,iQFOiL Youth & Junior Youth Male,iQFOiL Youth & Junior World Championships,ESP202310DVU,2026-07-03,2026-07-10,"sant Pere Pescador, Spain",https://sailing.org/regatta/iqfoil-youth-and-junior-world-championships?ref=ESP202310DVU,107,GBR,Great Britain,Charlie Baker,GBRCB137,,209,170,17,35,11,11,21,(39) DNF,39 DNC,7,29,-,-,-,-,-,-,-,-,-,-,-,-
youth,Class Youth World Championship,iQFOiL Youth & Junior,iQFOiL Youth & Junior Youth Male,iQFOiL Youth & Junior World Championships,ESP202310DVU,2026-07-03,2026-07-10,"sant Pere Pescador, Spain",https://sailing.org/regatta/iqfoil-youth-and-junior-world-championships?ref=ESP202310DVU,108,POL,Poland,Jakub Beta,POLJB27,,211,172,23,17,13,(39) UFD,25,39 BFD,17,11,27,-,-,-,-,-,-,-,-,-,-,-,-
youth,Class Youth World Championship,iQFOiL Youth & Junior,iQFOiL Youth & Junior Youth Male,iQFOiL Youth & Junior World Championships,ESP202310DVU,2026-07-03,2026-07-10,"sant Pere Pescador, Spain",https://sailing.org/regatta/iqfoil-youth-and-junior-world-championships?ref=ESP202310DVU,109,ITA,Italy,Alberto Madinelli,ITAAM304,,195,172,21,21,21,19,17,13,(23),21,39 DNC,-,-,-,-,-,-,-,-,-,-,-,-
youth,Class Youth World Championship,iQFOiL Youth & Junior,iQFOiL Youth & Junior Youth Male,iQFOiL Youth & Junior World Championships,ESP202310DVU,2026-07-03,2026-07-10,"sant Pere Pescador, Spain",https://sailing.org/regatta/iqfoil-youth-and-junior-world-championships?ref=ESP202310DVU,110,GER,Germany,,,,205,176,23,(29),17,17,19,17,27,19,37,-,-,-,-,-,-,-,-,-,-,-,-
youth,Class Youth World Championship,iQFOiL Youth & Junior,iQFOiL Youth & Junior Youth Male,iQFOiL Youth & Junior World Championships,ESP202310DVU,2026-07-03,2026-07-10,"sant Pere Pescador, Spain",https://sailing.org/regatta/iqfoil-youth-and-junior-world-championships?ref=ESP202310DVU,111,NED,Netherlands,,,,213,182,(31),23,27,29,25,31,27,11,9,-,-,-,-,-,-,-,-,-,-,-,-
youth,Class Youth World Championship,iQFOiL Youth & Junior,iQFOiL Youth & Junior Youth Male,iQFOiL Youth & Junior World Championships,ESP202310DVU,2026-07-03,2026-07-10,"sant Pere Pescador, Spain",https://sailing.org/regatta/iqfoil-youth-and-junior-world-championships?ref=ESP202310DVU,112,IND,India,Aryan  Patidar,INDAP21,,217,186,29,17,25,29,(31),29,29,21,7,-,-,-,-,-,-,-,-,-,-,-,-
youth,Class Youth World Championship,iQFOiL Youth & Junior,iQFOiL Youth & Junior Youth Male,iQFOiL Youth & Junior World Championships,ESP202310DVU,2026-07-03,2026-07-10,"sant Pere Pescador, Spain",https://sailing.org/regatta/iqfoil-youth-and-junior-world-championships?ref=ESP202310DVU,113,GBR,Great Britain,Harry Webb,GBRHW58,,225,186,23,25,31,17,(39) BFD,33,25,13,19,-,-,-,-,-,-,-,-,-,-,-,-
youth,Class Youth World Championship,iQFOiL Youth & Junior,iQFOiL Youth & Junior Youth Male,iQFOiL Youth & Junior World Championships,ESP202310DVU,2026-07-03,2026-07-10,"sant Pere Pescador, Spain",https://sailing.org/regatta/iqfoil-youth-and-junior-world-championships?ref=ESP202310DVU,114,POL,Poland,Stanisław Sułkowski,POLSS21,,227,188,33,11,35,23,19,25,(39) DNC,29,13,-,-,-,-,-,-,-,-,-,-,-,-
youth,Class Youth World Championship,iQFOiL Youth & Junior,iQFOiL Youth & Junior Youth Male,iQFOiL Youth & Junior World Championships,ESP202310DVU,2026-07-03,2026-07-10,"sant Pere Pescador, Spain",https://sailing.org/regatta/iqfoil-youth-and-junior-world-championships?ref=ESP202310DVU,115,LAT,Latvia,,,,227,188,19,19,33,(39) UFD,33,27,27,15,15,-,-,-,-,-,-,-,-,-,-,-,-
youth,Class Youth World Championship,iQFOiL Youth & Junior,iQFOiL Youth & Junior Youth Male,iQFOiL Youth & Junior World Championships,ESP202310DVU,2026-07-03,2026-07-10,"sant Pere Pescador, Spain",https://sailing.org/regatta/iqfoil-youth-and-junior-world-championships?ref=ESP202310DVU,116,CZE,Czechia,Stepan Louzek,CZESL3,,227,188,25,23,25,31,33,21,(39) DNC,15,15,-,-,-,-,-,-,-,-,-,-,-,-
youth,Class Youth World Championship,iQFOiL Youth & Junior,iQFOiL Youth & Junior Youth Male,iQFOiL Youth & Junior World Championships,ESP202310DVU,2026-07-03,2026-07-10,"sant Pere Pescador, Spain",https://sailing.org/regatta/iqfoil-youth-and-junior-world-championships?ref=ESP202310DVU,117,NOR,Norway,Jan Burski,NORJB21,,229,190,25,27,21,27,29,11,(39) DNC,25,25,-,-,-,-,-,-,-,-,-,-,-,-
youth,Class Youth World Championship,iQFOiL Youth & Junior,iQFOiL Youth & Junior Youth Male,iQFOiL Youth & Junior World Championships,ESP202310DVU,2026-07-03,2026-07-10,"sant Pere Pescador, Spain",https://sailing.org/regatta/iqfoil-youth-and-junior-world-championships?ref=ESP202310DVU,118,FRA,France,Timothy BARBARIN,FRATB58,,225,190,25,25,33,(35),15,19,25,25,23,-,-,-,-,-,-,-,-,-,-,-,-
youth,Class Youth World Championship,iQFOiL Youth & Junior,iQFOiL Youth & Junior Youth Male,iQFOiL Youth & Junior World Championships,ESP202310DVU,2026-07-03,2026-07-10,"sant Pere Pescador, Spain",https://sailing.org/regatta/iqfoil-youth-and-junior-world-championships?ref=ESP202310DVU,119,NOR,Norway,Axel Espeli-Blankholm,NORAE7,,225,192,27,(33),27,25,29,25,23,19,17,-,-,-,-,-,-,-,-,-,-,-,-
youth,Class Youth World Championship,iQFOiL Youth & Junior,iQFOiL Youth & Junior Youth Male,iQFOiL Youth & Junior World Championships,ESP202310DVU,2026-07-03,2026-07-10,"sant Pere Pescador, Spain",https://sailing.org/regatta/iqfoil-youth-and-junior-world-championships?ref=ESP202310DVU,120,TPE,TPE-Chinese Taipei,DAO CHEN,TPEDC1,,233,194,35,13,13,27,(39) DNC,39 DNC,29,23,15,-,-,-,-,-,-,-,-,-,-,-,-
youth,Class Youth World Championship,iQFOiL Youth & Junior,iQFOiL Youth & Junior Youth Male,iQFOiL Youth & Junior World Championships,ESP202310DVU,2026-07-03,2026-07-10,"sant Pere Pescador, Spain",https://sailing.org/regatta/iqfoil-youth-and-junior-world-championships?ref=ESP202310DVU,121,CRO,Croatia,Karlo Ugrin,CROKU1,,227,196,27,19,29,(31),21,25,23,17,35,-,-,-,-,-,-,-,-,-,-,-,-
youth,Class Youth World Championship,iQFOiL Youth & Junior,iQFOiL Youth & Junior Youth Male,iQFOiL Youth & Junior World Championships,ESP202310DVU,2026-07-03,2026-07-10,"sant Pere Pescador, Spain",https://sailing.org/regatta/iqfoil-youth-and-junior-world-championships?ref=ESP202310DVU,122,ESP,Spain,,,,235,196,33,31,27,23,21,(39) DNC,19,23,19,-,-,-,-,-,-,-,-,-,-,-,-
youth,Class Youth World Championship,iQFOiL Youth & Junior,iQFOiL Youth & Junior Youth Male,iQFOiL Youth & Junior World Championships,ESP202310DVU,2026-07-03,2026-07-10,"sant Pere Pescador, Spain",https://sailing.org/regatta/iqfoil-youth-and-junior-world-championships?ref=ESP202310DVU,123,SUI,Switzerland,Ben Coldebella,SUIBC7,,229,198,27,29,23,(31),27,29,19,27,17,-,-,-,-,-,-,-,-,-,-,-,-
youth,Class Youth World Championship,iQFOiL Youth & Junior,iQFOiL Youth & Junior Youth Male,iQFOiL Youth & Junior World Championships,ESP202310DVU,2026-07-03,2026-07-10,"sant Pere Pescador, Spain",https://sailing.org/regatta/iqfoil-youth-and-junior-world-championships?ref=ESP202310DVU,124,FRA,France,Lucien Samarcq,FRALS49,,243,204,25,31,23,25,31,31,(39) DNC,19,19,-,-,-,-,-,-,-,-,-,-,-,-
youth,Class Youth World Championship,iQFOiL Youth & Junior,iQFOiL Youth & Junior Youth Male,iQFOiL Youth & Junior World Championships,ESP202310DVU,2026-07-03,2026-07-10,"sant Pere Pescador, Spain",https://sailing.org/regatta/iqfoil-youth-and-junior-world-championships?ref=ESP202310DVU,125,ESP,Spain,,,,233,206,(27),23,25,25,21,23,19,31,39 DNC,-,-,-,-,-,-,-,-,-,-,-,-
youth,Class Youth World Championship,iQFOiL Youth & Junior,iQFOiL Youth & Junior Youth Male,iQFOiL Youth & Junior World Championships,ESP202310DVU,2026-07-03,2026-07-10,"sant Pere Pescador, Spain",https://sailing.org/regatta/iqfoil-youth-and-junior-world-championships?ref=ESP202310DVU,126,GBR,Great Britain,William Heath,GBRWH35,,243,206,23,31,31,29,19,(37),25,25,23,-,-,-,-,-,-,-,-,-,-,-,-
youth,Class Youth World Championship,iQFOiL Youth & Junior,iQFOiL Youth & Junior Youth Male,iQFOiL Youth & Junior World Championships,ESP202310DVU,2026-07-03,2026-07-10,"sant Pere Pescador, Spain",https://sailing.org/regatta/iqfoil-youth-and-junior-world-championships?ref=ESP202310DVU,127,USA,United States of America,Rohan Desjardins,USARD176,,247,208,17,33,35,11,27,(39) DNC,39 DNC,23,23,-,-,-,-,-,-,-,-,-,-,-,-
youth,Class Youth World Championship,iQFOiL Youth & Junior,iQFOiL Youth & Junior Youth Male,iQFOiL Youth & Junior World Championships,ESP202310DVU,2026-07-03,2026-07-10,"sant Pere Pescador, Spain",https://sailing.org/regatta/iqfoil-youth-and-junior-world-championships?ref=ESP202310DVU,128,GBR,Great Britain,Aarian Rexha,GBRAR110,,249,210,23,17,33,17,29,(39) DNC,39 DNC,39 DNC,13,-,-,-,-,-,-,-,-,-,-,-,-
youth,Class Youth World Championship,iQFOiL Youth & Junior,iQFOiL Youth & Junior Youth Male,iQFOiL Youth & Junior World Championships,ESP202310DVU,2026-07-03,2026-07-10,"sant Pere Pescador, Spain",https://sailing.org/regatta/iqfoil-youth-and-junior-world-championships?ref=ESP202310DVU,129,ESP,Spain,,,,253,214,29,27,29,29,23,35,(39) DNC,17,25,-,-,-,-,-,-,-,-,-,-,-,-
youth,Class Youth World Championship,iQFOiL Youth & Junior,iQFOiL Youth & Junior Youth Male,iQFOiL Youth & Junior World Championships,ESP202310DVU,2026-07-03,2026-07-10,"sant Pere Pescador, Spain",https://sailing.org/regatta/iqfoil-youth-and-junior-world-championships?ref=ESP202310DVU,130,ESP,Spain,Beltrán Parrado,ESPBP17,,251,218,27,27,31,27,(33),29,27,27,23,-,-,-,-,-,-,-,-,-,-,-,-
youth,Class Youth World Championship,iQFOiL Youth & Junior,iQFOiL Youth & Junior Youth Male,iQFOiL Youth & Junior World Championships,ESP202310DVU,2026-07-03,2026-07-10,"sant Pere Pescador, Spain",https://sailing.org/regatta/iqfoil-youth-and-junior-world-championships?ref=ESP202310DVU,131,FRA,France,Cesar Gaveriaux,FRACG93,,261,222,(39) UFD,21,31,39 UFD,13,39 DNF,31,17,31,-,-,-,-,-,-,-,-,-,-,-,-
youth,Class Youth World Championship,iQFOiL Youth & Junior,iQFOiL Youth & Junior Youth Male,iQFOiL Youth & Junior World Championships,ESP202310DVU,2026-07-03,2026-07-10,"sant Pere Pescador, Spain",https://sailing.org/regatta/iqfoil-youth-and-junior-world-championships?ref=ESP202310DVU,132,NZL,New Zealand,Finn Davies,NZLFD2,,269,230,27,23,29,35,31,35,(39) DNC,29,21,-,-,-,-,-,-,-,-,-,-,-,-
youth,Class Youth World Championship,iQFOiL Youth & Junior,iQFOiL Youth & Junior Youth Male,iQFOiL Youth & Junior World Championships,ESP202310DVU,2026-07-03,2026-07-10,"sant Pere Pescador, Spain",https://sailing.org/regatta/iqfoil-youth-and-junior-world-championships?ref=ESP202310DVU,133,ESP,Spain,David Ramos,ESPDR16,,271,232,33,27,25,23,(39) BFD,39 DNC,39 DNC,27,19,-,-,-,-,-,-,-,-,-,-,-,-
youth,Class Youth World Championship,iQFOiL Youth & Junior,iQFOiL Youth & Junior Youth Male,iQFOiL Youth & Junior World Championships,ESP202310DVU,2026-07-03,2026-07-10,"sant Pere Pescador, Spain",https://sailing.org/regatta/iqfoil-youth-and-junior-world-championships?ref=ESP202310DVU,134,AUT,Austria,Jakob Kammerer,AUTJK13,,277,238,31,35,29,31,25,(39) BFD,39 DNF,39 DNC,9,-,-,-,-,-,-,-,-,-,-,-,-
youth,Class Youth World Championship,iQFOiL Youth & Junior,iQFOiL Youth & Junior Youth Male,iQFOiL Youth & Junior World Championships,ESP202310DVU,2026-07-03,2026-07-10,"sant Pere Pescador, Spain",https://sailing.org/regatta/iqfoil-youth-and-junior-world-championships?ref=ESP202310DVU,135,IND,India,Stefano Alvares,INDSA8,,277,238,29,33,35,33,35,23,(39) DNF,29,21,-,-,-,-,-,-,-,-,-,-,-,-
youth,Class Youth World Championship,iQFOiL Youth & Junior,iQFOiL Youth & Junior Youth Male,iQFOiL Youth & Junior World Championships,ESP202310DVU,2026-07-03,2026-07-10,"sant Pere Pescador, Spain",https://sailing.org/regatta/iqfoil-youth-and-junior-world-championships?ref=ESP202310DVU,136,LAT,Latvia,Marts Olbiks,LATMO4,,275,240,(35),33,33,35,25,35,15,31,33,-,-,-,-,-,-,-,-,-,-,-,-
youth,Class Youth World Championship,iQFOiL Youth & Junior,iQFOiL Youth & Junior Youth Male,iQFOiL Youth & Junior World Championships,ESP202310DVU,2026-07-03,2026-07-10,"sant Pere Pescador, Spain",https://sailing.org/regatta/iqfoil-youth-and-junior-world-championships?ref=ESP202310DVU,137,ESP,Spain,,,,281,242,31,23,27,33,(39) BFD,29,29,39 DNC,31,-,-,-,-,-,-,-,-,-,-,-,-
youth,Class Youth World Championship,iQFOiL Youth & Junior,iQFOiL Youth & Junior Youth Male,iQFOiL Youth & Junior World Championships,ESP202310DVU,2026-07-03,2026-07-10,"sant Pere Pescador, Spain",https://sailing.org/regatta/iqfoil-youth-and-junior-world-championships?ref=ESP202310DVU,138,ITA,Italy,Tommaso Verticchio,ITATV11,,283,244,35,29,31,27,31,(39) BFD,13,39 DNC,39 DNC,-,-,-,-,-,-,-,-,-,-,-,-
youth,Class Youth World Championship,iQFOiL Youth & Junior,iQFOiL Youth & Junior Youth Male,iQFOiL Youth & Junior World Championships,ESP202310DVU,2026-07-03,2026-07-10,"sant Pere Pescador, Spain",https://sailing.org/regatta/iqfoil-youth-and-junior-world-championships?ref=ESP202310DVU,139,POL,Poland,Aleksander Luchowski,POLAL20,,291,252,29,29,33,27,37,35,(39) DNC,33,29,-,-,-,-,-,-,-,-,-,-,-,-
youth,Class Youth World Championship,iQFOiL Youth & Junior,iQFOiL Youth & Junior Youth Male,iQFOiL Youth & Junior World Championships,ESP202310DVU,2026-07-03,2026-07-10,"sant Pere Pescador, Spain",https://sailing.org/regatta/iqfoil-youth-and-junior-world-championships?ref=ESP202310DVU,140,HUN,Hungary,Andras Ruszty,HUNAR5,,293,254,35,33,37,37,27,27,(39) DNF,33,25,-,-,-,-,-,-,-,-,-,-,-,-
youth,Class Youth World Championship,iQFOiL Youth & Junior,iQFOiL Youth & Junior Youth Male,iQFOiL Youth & Junior World Championships,ESP202310DVU,2026-07-03,2026-07-10,"sant Pere Pescador, Spain",https://sailing.org/regatta/iqfoil-youth-and-junior-world-championships?ref=ESP202310DVU,141,GBR,Great Britain,Robin Maspero,GBRRM165,,295,256,35,29,31,33,29,(39) DNC,39 DNF,31,29,-,-,-,-,-,-,-,-,-,-,-,-
youth,Class Youth World Championship,iQFOiL Youth & Junior,iQFOiL Youth & Junior Youth Male,iQFOiL Youth & Junior World Championships,ESP202310DVU,2026-07-03,2026-07-10,"sant Pere Pescador, Spain",https://sailing.org/regatta/iqfoil-youth-and-junior-world-championships?ref=ESP202310DVU,142,HUN,Hungary,Gusztav   Szendefy,HUNGS16,,297,258,31,31,33,35,23,(39) BFD,39 DNC,39 DNF,27,-,-,-,-,-,-,-,-,-,-,-,-
youth,Class Youth World Championship,iQFOiL Youth & Junior,iQFOiL Youth & Junior Youth Male,iQFOiL Youth & Junior World Championships,ESP202310DVU,2026-07-03,2026-07-10,"sant Pere Pescador, Spain",https://sailing.org/regatta/iqfoil-youth-and-junior-world-championships?ref=ESP202310DVU,143,SUI,Switzerland,Neo Bork Rubio,SUINB20,,297,258,33,35,35,33,35,33,(39) DNC,25,29,-,-,-,-,-,-,-,-,-,-,-,-
youth,Class Youth World Championship,iQFOiL Youth & Junior,iQFOiL Youth & Junior Youth Male,iQFOiL Youth & Junior World Championships,ESP202310DVU,2026-07-03,2026-07-10,"sant Pere Pescador, Spain",https://sailing.org/regatta/iqfoil-youth-and-junior-world-championships?ref=ESP202310DVU,144,ESP,Spain,Tiago Henriques - Finsterwald,ESPTH2,,299,260,(39) DNC,39 DNC,39 DNC,39 DNC,27,27,39 DNC,29,21,-,-,-,-,-,-,-,-,-,-,-,-
youth,Class Youth World Championship,iQFOiL Youth & Junior,iQFOiL Youth & Junior Youth Male,iQFOiL Youth & Junior World Championships,ESP202310DVU,2026-07-03,2026-07-10,"sant Pere Pescador, Spain",https://sailing.org/regatta/iqfoil-youth-and-junior-world-championships?ref=ESP202310DVU,145,ESP,Spain,,,,303,264,35,35,35,31,25,(39) DNC,39 DNC,33,31,-,-,-,-,-,-,-,-,-,-,-,-
youth,Class Youth World Championship,iQFOiL Youth & Junior,iQFOiL Youth & Junior Youth Male,iQFOiL Youth & Junior World Championships,ESP202310DVU,2026-07-03,2026-07-10,"sant Pere Pescador, Spain",https://sailing.org/regatta/iqfoil-youth-and-junior-world-championships?ref=ESP202310DVU,146,SUI,Switzerland,,,,305,266,31,37,37,33,15,(39) DNC,39 DNC,39 DNC,35,-,-,-,-,-,-,-,-,-,-,-,-
youth,Class Youth World Championship,iQFOiL Youth & Junior,iQFOiL Youth & Junior Youth Male,iQFOiL Youth & Junior World Championships,ESP202310DVU,2026-07-03,2026-07-10,"sant Pere Pescador, Spain",https://sailing.org/regatta/iqfoil-youth-and-junior-world-championships?ref=ESP202310DVU,147,ITA,Italy,Giulio Centanni,ITAGC260,,305,266,33,(39) UFD,35,35,35,33,39 DNC,23,33,-,-,-,-,-,-,-,-,-,-,-,-
youth,Class Youth World Championship,iQFOiL Youth & Junior,iQFOiL Youth & Junior Youth Male,iQFOiL Youth & Junior World Championships,ESP202310DVU,2026-07-03,2026-07-10,"sant Pere Pescador, Spain",https://sailing.org/regatta/iqfoil-youth-and-junior-world-championships?ref=ESP202310DVU,148,HUN,Hungary,Péter Bató,HUNPB11,,319,280,33,35,37,29,35,(39) DNC,39 DNC,39 DNF,33,-,-,-,-,-,-,-,-,-,-,-,-
youth,Class Youth World Championship,iQFOiL Youth & Junior,iQFOiL Youth & Junior Youth Male,iQFOiL Youth & Junior World Championships,ESP202310DVU,2026-07-03,2026-07-10,"sant Pere Pescador, Spain",https://sailing.org/regatta/iqfoil-youth-and-junior-world-championships?ref=ESP202310DVU,149,ESP,Spain,,,,335,296,(39) DNC,37,39 DNC,37,37,33,39 DNC,39 DNC,35,-,-,-,-,-,-,-,-,-,-,-,-
