group,level_label,class_label,event_label,regatta_name,world_sailing_id,start_date,end_date,year,venue,source_url,event_api_url,regatta_query_url,event_id,csv,raw_json,classified_crews
youth,Continental,IQFOiL,IQFOiL Men,iQFOiL North American Championship,USA202607WN0,2026-07-25,2026-07-27,2026,"Alamitos Bay Yacht Club, United States of America",https://sailing.org/regatta/iqfoil-north-american-championship?ref=USA202607WN0,https://datafeed.sailing.org/stats/api/event/6506fe05-99e7-4d5d-969b-4deff104a629?include=crews.country%2Ccrews.sailors.crewRole%2Craces.raceResults.crew.country%2Craces.raceResults.crew.sailors%2Craces.raceResults.crewCompetingStatus%2Craces.status,https://datafeed.sailing.org/stats/api/regatta?filter%5Blevel.id%5D=b5bca920-933a-4845-9063-5e9f0952020e&filter%5Bevents.boatClass.id%5D=97f58788-3109-408a-a3c3-9addf8a145a1&include=venue.country%2Clevel%2Cseason%2Cevents%2Cevents.boatClass%2Cevents.grade&sort%5BstartDate%5D=desc&paginate=50,6506fe05-99e7-4d5d-969b-4deff104a629,IQFOiL__Continental__2026__IQFOiL-Men__iQFOiL-North-American-Championship__6506fe05.csv,IQFOiL__Continental__2026__IQFOiL-Men__iQFOiL-North-American-Championship__6506fe05.json,13
youth,Continental,IQFOiL,IQFOiL Women,iQFOiL North American Championship,USA202607WN0,2026-07-25,2026-07-27,2026,"Alamitos Bay Yacht Club, United States of America",https://sailing.org/regatta/iqfoil-north-american-championship?ref=USA202607WN0,https://datafeed.sailing.org/stats/api/event/dc238c18-788a-4a8d-b989-944b04874742?include=crews.country%2Ccrews.sailors.crewRole%2Craces.raceResults.crew.country%2Craces.raceResults.crew.sailors%2Craces.raceResults.crewCompetingStatus%2Craces.status,https://datafeed.sailing.org/stats/api/regatta?filter%5Blevel.id%5D=b5bca920-933a-4845-9063-5e9f0952020e&filter%5Bevents.boatClass.id%5D=97f58788-3109-408a-a3c3-9addf8a145a1&include=venue.country%2Clevel%2Cseason%2Cevents%2Cevents.boatClass%2Cevents.grade&sort%5BstartDate%5D=desc&paginate=50,dc238c18-788a-4a8d-b989-944b04874742,IQFOiL__Continental__2026__IQFOiL-Women__iQFOiL-North-American-Championship__dc238c18.csv,IQFOiL__Continental__2026__IQFOiL-Women__iQFOiL-North-American-Championship__dc238c18.json,14
youth,Class Youth World Championship,iQFOiL Youth & Junior,iQFOiL Youth & Junior Junior Male,iQFOiL Youth & Junior World Championships,ESP202310DVU,2026-07-03,2026-07-10,2026,"sant Pere Pescador, Spain",https://sailing.org/regatta/iqfoil-youth-and-junior-world-championships?ref=ESP202310DVU,https://datafeed.sailing.org/stats/api/event/2969587e-4c52-456d-ae4b-f69a3a0fee6d?include=crews.country%2Ccrews.sailors.crewRole%2Craces.raceResults.crew.country%2Craces.raceResults.crew.sailors%2Craces.raceResults.crewCompetingStatus%2Craces.status,https://datafeed.sailing.org/stats/api/regatta?filter%5Blevel.id%5D=3f04830f-4b04-11ed-8d4b-0a5fae879f4b&filter%5Bevents.boatClass.id%5D=8f7556e7-83f2-4a7b-a22f-da804a6ea13d&include=venue.country%2Clevel%2Cseason%2Cevents%2Cevents.boatClass%2Cevents.grade&sort%5BstartDate%5D=desc&paginate=50,2969587e-4c52-456d-ae4b-f69a3a0fee6d,iQFOiL-Youth-Junior__Class-Youth-World-Championship__2026__iQFOiL-Youth-and-Junior-Junior-Male__iQFOiL-Youth-and-Junior-World-Championships__2969587e.csv,iQFOiL-Youth-Junior__Class-Youth-World-Championship__2026__iQFOiL-Youth-and-Junior-Junior-Male__iQFOiL-Youth-and-Junior-World-Championships__2969587e.json,111
youth,Class Youth World Championship,iQFOiL Youth & Junior,iQFOiL Youth & Junior Junior Female,iQFOiL Youth & Junior World Championships,ESP202310DVU,2026-07-03,2026-07-10,2026,"sant Pere Pescador, Spain",https://sailing.org/regatta/iqfoil-youth-and-junior-world-championships?ref=ESP202310DVU,https://datafeed.sailing.org/stats/api/event/4e2ac09c-dc8a-4163-8946-72da64f40a02?include=crews.country%2Ccrews.sailors.crewRole%2Craces.raceResults.crew.country%2Craces.raceResults.crew.sailors%2Craces.raceResults.crewCompetingStatus%2Craces.status,https://datafeed.sailing.org/stats/api/regatta?filter%5Blevel.id%5D=3f04830f-4b04-11ed-8d4b-0a5fae879f4b&filter%5Bevents.boatClass.id%5D=8f7556e7-83f2-4a7b-a22f-da804a6ea13d&include=venue.country%2Clevel%2Cseason%2Cevents%2Cevents.boatClass%2Cevents.grade&sort%5BstartDate%5D=desc&paginate=50,4e2ac09c-dc8a-4163-8946-72da64f40a02,iQFOiL-Youth-Junior__Class-Youth-World-Championship__2026__iQFOiL-Youth-and-Junior-Junior-Female__iQFOiL-Youth-and-Junior-World-Championships__4e2ac09c.csv,iQFOiL-Youth-Junior__Class-Youth-World-Championship__2026__iQFOiL-Youth-and-Junior-Junior-Female__iQFOiL-Youth-and-Junior-World-Championships__4e2ac09c.json,71
youth,Class Youth World Championship,iQFOiL Youth & Junior,iQFOiL Youth & Junior Youth Male,iQFOiL Youth & Junior World Championships,ESP202310DVU,2026-07-03,2026-07-10,2026,"sant Pere Pescador, Spain",https://sailing.org/regatta/iqfoil-youth-and-junior-world-championships?ref=ESP202310DVU,https://datafeed.sailing.org/stats/api/event/ba15b853-903a-43a7-89d6-93134a078f74?include=crews.country%2Ccrews.sailors.crewRole%2Craces.raceResults.crew.country%2Craces.raceResults.crew.sailors%2Craces.raceResults.crewCompetingStatus%2Craces.status,https://datafeed.sailing.org/stats/api/regatta?filter%5Blevel.id%5D=3f04830f-4b04-11ed-8d4b-0a5fae879f4b&filter%5Bevents.boatClass.id%5D=8f7556e7-83f2-4a7b-a22f-da804a6ea13d&include=venue.country%2Clevel%2Cseason%2Cevents%2Cevents.boatClass%2Cevents.grade&sort%5BstartDate%5D=desc&paginate=50,ba15b853-903a-43a7-89d6-93134a078f74,iQFOiL-Youth-Junior__Class-Youth-World-Championship__2026__iQFOiL-Youth-and-Junior-Youth-Male__iQFOiL-Youth-and-Junior-World-Championships__ba15b853.csv,iQFOiL-Youth-Junior__Class-Youth-World-Championship__2026__iQFOiL-Youth-and-Junior-Youth-Male__iQFOiL-Youth-and-Junior-World-Championships__ba15b853.json,149
youth,Class Youth World Championship,iQFOiL Youth & Junior,iQFOiL Youth & Junior Youth Female,iQFOiL Youth & Junior World Championships,ESP202310DVU,2026-07-03,2026-07-10,2026,"sant Pere Pescador, Spain",https://sailing.org/regatta/iqfoil-youth-and-junior-world-championships?ref=ESP202310DVU,https://datafeed.sailing.org/stats/api/event/e76135ba-0791-4ca6-ac31-376cd2f1c5a0?include=crews.country%2Ccrews.sailors.crewRole%2Craces.raceResults.crew.country%2Craces.raceResults.crew.sailors%2Craces.raceResults.crewCompetingStatus%2Craces.status,https://datafeed.sailing.org/stats/api/regatta?filter%5Blevel.id%5D=3f04830f-4b04-11ed-8d4b-0a5fae879f4b&filter%5Bevents.boatClass.id%5D=8f7556e7-83f2-4a7b-a22f-da804a6ea13d&include=venue.country%2Clevel%2Cseason%2Cevents%2Cevents.boatClass%2Cevents.grade&sort%5BstartDate%5D=desc&paginate=50,e76135ba-0791-4ca6-ac31-376cd2f1c5a0,iQFOiL-Youth-Junior__Class-Youth-World-Championship__2026__iQFOiL-Youth-and-Junior-Youth-Female__iQFOiL-Youth-and-Junior-World-Championships__e76135ba.csv,iQFOiL-Youth-Junior__Class-Youth-World-Championship__2026__iQFOiL-Youth-and-Junior-Youth-Female__iQFOiL-Youth-and-Junior-World-Championships__e76135ba.json,62
youth,Class Youth World Championship,ILCA 4,ILCA 4 Youth Female,ILCA 4 Youth World Championships,USA202507JTY,2026-08-01,2026-08-09,2026,"Aarhus, Denmark",https://sailing.org/regatta/ilca-4-youth-world-championships?ref=USA202507JTY,https://datafeed.sailing.org/stats/api/event/0b0f6391-c3fc-4704-a75f-1cbcf615f38e?include=crews.country%2Ccrews.sailors.crewRole%2Craces.raceResults.crew.country%2Craces.raceResults.crew.sailors%2Craces.raceResults.crewCompetingStatus%2Craces.status,https://datafeed.sailing.org/stats/api/regatta?filter%5Blevel.id%5D=3f04830f-4b04-11ed-8d4b-0a5fae879f4b&filter%5Bevents.boatClass.id%5D=e030abed-ca01-43fb-855c-17b3ac99489a&include=venue.country%2Clevel%2Cseason%2Cevents%2Cevents.boatClass%2Cevents.grade&sort%5BstartDate%5D=desc&paginate=50,0b0f6391-c3fc-4704-a75f-1cbcf615f38e,ILCA-4__Class-Youth-World-Championship__2026__ILCA-4-Youth-Female__ILCA-4-Youth-World-Championships__0b0f6391.csv,ILCA-4__Class-Youth-World-Championship__2026__ILCA-4-Youth-Female__ILCA-4-Youth-World-Championships__0b0f6391.json,150
youth,Class Youth World Championship,ILCA 4,ILCA 4 Youth Male,ILCA 4 Youth World Championships,USA202507JTY,2026-08-01,2026-08-09,2026,"Aarhus, Denmark",https://sailing.org/regatta/ilca-4-youth-world-championships?ref=USA202507JTY,https://datafeed.sailing.org/stats/api/event/e8565226-adee-4d00-ae9a-19b62c26e9f7?include=crews.country%2Ccrews.sailors.crewRole%2Craces.raceResults.crew.country%2Craces.raceResults.crew.sailors%2Craces.raceResults.crewCompetingStatus%2Craces.status,https://datafeed.sailing.org/stats/api/regatta?filter%5Blevel.id%5D=3f04830f-4b04-11ed-8d4b-0a5fae879f4b&filter%5Bevents.boatClass.id%5D=e030abed-ca01-43fb-855c-17b3ac99489a&include=venue.country%2Clevel%2Cseason%2Cevents%2Cevents.boatClass%2Cevents.grade&sort%5BstartDate%5D=desc&paginate=50,e8565226-adee-4d00-ae9a-19b62c26e9f7,ILCA-4__Class-Youth-World-Championship__2026__ILCA-4-Youth-Male__ILCA-4-Youth-World-Championships__e8565226.csv,ILCA-4__Class-Youth-World-Championship__2026__ILCA-4-Youth-Male__ILCA-4-Youth-World-Championships__e8565226.json,298
youth,Class Youth World Championship,ILCA 6,ILCA 6 Women,ILCA 6 Youth World Championships,USA202507AJ8,2026-08-11,2026-08-19,2026,"Aarhus, Denmark",https://sailing.org/regatta/ilca-6-youth-world-championships?ref=USA202507AJ8,https://datafeed.sailing.org/stats/api/event/774549de-ebfc-4f6a-99c6-c657c56faa58?include=crews.country%2Ccrews.sailors.crewRole%2Craces.raceResults.crew.country%2Craces.raceResults.crew.sailors%2Craces.raceResults.crewCompetingStatus%2Craces.status,https://datafeed.sailing.org/stats/api/regatta?filter%5Blevel.id%5D=3f04830f-4b04-11ed-8d4b-0a5fae879f4b&filter%5Bevents.boatClass.id%5D=bfa92fb9-2ef1-450a-b292-29cbf4f6d755&include=venue.country%2Clevel%2Cseason%2Cevents%2Cevents.boatClass%2Cevents.grade&sort%5BstartDate%5D=desc&paginate=50,774549de-ebfc-4f6a-99c6-c657c56faa58,ILCA-6-Youth__Class-Youth-World-Championship__2026__ILCA-6-Women__ILCA-6-Youth-World-Championships__774549de.csv,ILCA-6-Youth__Class-Youth-World-Championship__2026__ILCA-6-Women__ILCA-6-Youth-World-Championships__774549de.json,122
youth,Class Youth World Championship,ILCA 6,ILCA 6 Men,ILCA 6 Youth World Championships,USA202507AJ8,2026-08-11,2026-08-19,2026,"Aarhus, Denmark",https://sailing.org/regatta/ilca-6-youth-world-championships?ref=USA202507AJ8,https://datafeed.sailing.org/stats/api/event/f0001562-d9d2-46b7-87ff-6e8f5a0dd1a3?include=crews.country%2Ccrews.sailors.crewRole%2Craces.raceResults.crew.country%2Craces.raceResults.crew.sailors%2Craces.raceResults.crewCompetingStatus%2Craces.status,https://datafeed.sailing.org/stats/api/regatta?filter%5Blevel.id%5D=3f04830f-4b04-11ed-8d4b-0a5fae879f4b&filter%5Bevents.boatClass.id%5D=bfa92fb9-2ef1-450a-b292-29cbf4f6d755&include=venue.country%2Clevel%2Cseason%2Cevents%2Cevents.boatClass%2Cevents.grade&sort%5BstartDate%5D=desc&paginate=50,f0001562-d9d2-46b7-87ff-6e8f5a0dd1a3,ILCA-6-Youth__Class-Youth-World-Championship__2026__ILCA-6-Men__ILCA-6-Youth-World-Championships__f0001562.csv,ILCA-6-Youth__Class-Youth-World-Championship__2026__ILCA-6-Men__ILCA-6-Youth-World-Championships__f0001562.json,307
youth,World Championships,29er,29er Open,29er World Championship,DEN202407EDB,2026-07-02,2026-07-09,2026,"Kieler Yacht Club, Germany",https://sailing.org/regatta/29er-world-championship?ref=DEN202407EDB,https://datafeed.sailing.org/stats/api/event/a9aa96b9-3a9f-4cec-8855-bf5dd4071a55?include=crews.country%2Ccrews.sailors.crewRole%2Craces.raceResults.crew.country%2Craces.raceResults.crew.sailors%2Craces.raceResults.crewCompetingStatus%2Craces.status,https://datafeed.sailing.org/stats/api/regatta?filter%5Blevel.id%5D=568d0c5a-aa65-43b1-b9f0-a32f0b569a64&filter%5Bevents.boatClass.id%5D=d5757b58-d5cc-4c60-95a5-a757fc942f80&include=venue.country%2Clevel%2Cseason%2Cevents%2Cevents.boatClass%2Cevents.grade&sort%5BstartDate%5D=desc&paginate=50,a9aa96b9-3a9f-4cec-8855-bf5dd4071a55,29er__World-Championships__2026__29er-Open__29er-World-Championship__a9aa96b9.csv,29er__World-Championships__2026__29er-Open__29er-World-Championship__a9aa96b9.json,276
youth,Continental,IKA - Formula Kite,IKA - Formula Kite Women,Formula Kite North American Championships,USA2021017CM,2026-07-18,2026-07-19,2026,"Alamitos Bay YC, Long Beach, CA, United States of America",https://sailing.org/regatta/formula-kite-north-american-championships?ref=USA2021017CM,https://datafeed.sailing.org/stats/api/event/8c37ee25-e1c6-4cae-9a84-7c303c8eec67?include=crews.country%2Ccrews.sailors.crewRole%2Craces.raceResults.crew.country%2Craces.raceResults.crew.sailors%2Craces.raceResults.crewCompetingStatus%2Craces.status,https://datafeed.sailing.org/stats/api/regatta?filter%5Blevel.id%5D=b5bca920-933a-4845-9063-5e9f0952020e&filter%5Bevents.boatClass.id%5D=4e1f06bf-915e-404c-8d1a-aa6b83ae5d60&include=venue.country%2Clevel%2Cseason%2Cevents%2Cevents.boatClass%2Cevents.grade&sort%5BstartDate%5D=desc&paginate=50,8c37ee25-e1c6-4cae-9a84-7c303c8eec67,Formula-Kite-Youth__Continental__2026__IKA-Formula-Kite-Women__Formula-Kite-North-American-Championships__8c37ee25.csv,Formula-Kite-Youth__Continental__2026__IKA-Formula-Kite-Women__Formula-Kite-North-American-Championships__8c37ee25.json,21
youth,Continental,IKA - Formula Kite,IKA - Formula Kite Men,Formula Kite North American Championships,USA2021017CM,2026-07-18,2026-07-19,2026,"Alamitos Bay YC, Long Beach, CA, United States of America",https://sailing.org/regatta/formula-kite-north-american-championships?ref=USA2021017CM,https://datafeed.sailing.org/stats/api/event/d7981d2e-1e30-4eaa-b1f3-ef71cf2c4ecf?include=crews.country%2Ccrews.sailors.crewRole%2Craces.raceResults.crew.country%2Craces.raceResults.crew.sailors%2Craces.raceResults.crewCompetingStatus%2Craces.status,https://datafeed.sailing.org/stats/api/regatta?filter%5Blevel.id%5D=b5bca920-933a-4845-9063-5e9f0952020e&filter%5Bevents.boatClass.id%5D=4e1f06bf-915e-404c-8d1a-aa6b83ae5d60&include=venue.country%2Clevel%2Cseason%2Cevents%2Cevents.boatClass%2Cevents.grade&sort%5BstartDate%5D=desc&paginate=50,d7981d2e-1e30-4eaa-b1f3-ef71cf2c4ecf,Formula-Kite-Youth__Continental__2026__IKA-Formula-Kite-Men__Formula-Kite-North-American-Championships__d7981d2e.csv,Formula-Kite-Youth__Continental__2026__IKA-Formula-Kite-Men__Formula-Kite-North-American-Championships__d7981d2e.json,34
para,Para World Sailing Competition,2.4 Metre,Para Inclusive One Person Keelboat (2.4 Metre) - Inclusive,Sneekweek - Hansa Liberty / 2.4 Metre,NED202607RTS,2026-08-01,2026-08-06,2026,"Koninklijke Watersportvereniging Sneek, Netherlands",https://sailing.org/regatta/sneekweek-hansa-liberty-2-4-metre?ref=NED202607RTS,https://datafeed.sailing.org/stats/api/event/ca936851-e01f-417e-b69a-31fe0c377cf2?include=crews.country%2Ccrews.sailors.crewRole%2Craces.raceResults.crew.country%2Craces.raceResults.crew.sailors%2Craces.raceResults.crewCompetingStatus%2Craces.status,https://datafeed.sailing.org/stats/api/regatta?filter%5Blevel.id%5D=c41e3b16-591c-43cc-9441-2dbb7c790bdb&filter%5Bevents.boatClass.id%5D=149beb76-b125-4958-9110-0be26db56e9a&include=venue.country%2Clevel%2Cseason%2Cevents%2Cevents.boatClass%2Cevents.grade&sort%5BstartDate%5D=desc&paginate=50,ca936851-e01f-417e-b69a-31fe0c377cf2,24-Metre__Para-World-Sailing-Competition__2026__Para-Inclusive-One-Person-Keelboat-2-4-Metre-Inclusive__Sneekweek-Hansa-Liberty-2-4-Metre__ca936851.csv,24-Metre__Para-World-Sailing-Competition__2026__Para-Inclusive-One-Person-Keelboat-2-4-Metre-Inclusive__Sneekweek-Hansa-Liberty-2-4-Metre__ca936851.json,13
para,Para World Sailing Competition,2.4 Metre,Para Inclusive One Person Keelboat (2.4 Metre) - Para Men,Sneekweek - Hansa Liberty / 2.4 Metre,NED202607RTS,2026-08-01,2026-08-06,2026,"Koninklijke Watersportvereniging Sneek, Netherlands",https://sailing.org/regatta/sneekweek-hansa-liberty-2-4-metre?ref=NED202607RTS,https://datafeed.sailing.org/stats/api/event/f9c05f04-29b4-43c8-b82a-a2451c6459ae?include=crews.country%2Ccrews.sailors.crewRole%2Craces.raceResults.crew.country%2Craces.raceResults.crew.sailors%2Craces.raceResults.crewCompetingStatus%2Craces.status,https://datafeed.sailing.org/stats/api/regatta?filter%5Blevel.id%5D=c41e3b16-591c-43cc-9441-2dbb7c790bdb&filter%5Bevents.boatClass.id%5D=149beb76-b125-4958-9110-0be26db56e9a&include=venue.country%2Clevel%2Cseason%2Cevents%2Cevents.boatClass%2Cevents.grade&sort%5BstartDate%5D=desc&paginate=50,f9c05f04-29b4-43c8-b82a-a2451c6459ae,24-Metre__Para-World-Sailing-Competition__2026__Para-Inclusive-One-Person-Keelboat-2-4-Metre-Para-Men__Sneekweek-Hansa-Liberty-2-4-Metre__f9c05f04.csv,24-Metre__Para-World-Sailing-Competition__2026__Para-Inclusive-One-Person-Keelboat-2-4-Metre-Para-Men__Sneekweek-Hansa-Liberty-2-4-Metre__f9c05f04.json,2
