series_label,event_label,regatta_name,world_sailing_id,start_date,end_date,venue,source_url,rank,country,country_name,crew,world_sailing_ids,sail_number,total_points,net_points,1P ,2P ,3P ,4P ,5P 
Kieler Woche,ILCA 7 Men,Kieler Woche,GER202506ET2,2026-06-20,2026-06-28,"Kiel-Schilksee, Germany",https://sailing.org/regatta/kieler-woche?ref=GER202506ET2,1,ITA,Italy,Attilio Borio,ITAAB230,ITA 213031,31,16,(15),3,1,10,2
Kieler Woche,ILCA 7 Men,Kieler Woche,GER202506ET2,2026-06-20,2026-06-28,"Kiel-Schilksee, Germany",https://sailing.org/regatta/kieler-woche?ref=GER202506ET2,2,FRA,France,Lorenzo MAYER,FRALM63,FRA 218833,31,20,4,6,2,8,(11)
Kieler Woche,ILCA 7 Men,Kieler Woche,GER202506ET2,2026-06-20,2026-06-28,"Kiel-Schilksee, Germany",https://sailing.org/regatta/kieler-woche?ref=GER202506ET2,3,DEN,Denmark,John Wolff,DENJW7,DEN 226431,58,20,5,7,3,(38),5
Kieler Woche,ILCA 7 Men,Kieler Woche,GER202506ET2,2026-06-20,2026-06-28,"Kiel-Schilksee, Germany",https://sailing.org/regatta/kieler-woche?ref=GER202506ET2,4,GER,Germany,Ole Schweckendiek,GEROS26,GER 211416,32,21,8,1,1,(11),11
Kieler Woche,ILCA 7 Men,Kieler Woche,GER202506ET2,2026-06-20,2026-06-28,"Kiel-Schilksee, Germany",https://sailing.org/regatta/kieler-woche?ref=GER202506ET2,5,GER,Germany,Philipp Buhl,GERPB8,GER 191131,34,25,8,(9),6,7,4
Kieler Woche,ILCA 7 Men,Kieler Woche,GER202506ET2,2026-06-20,2026-06-28,"Kiel-Schilksee, Germany",https://sailing.org/regatta/kieler-woche?ref=GER202506ET2,6,IND,India,Vishnu Saravanan,INDVS4,IND 191191,57,28,3,9,2,(29),14
Kieler Woche,ILCA 7 Men,Kieler Woche,GER202506ET2,2026-06-20,2026-06-28,"Kiel-Schilksee, Germany",https://sailing.org/regatta/kieler-woche?ref=GER202506ET2,7,USA,United States of America,Daniel Escudero,GERDE12,USA 221611,92,32,7,8,7,(60) DNC,10
Kieler Woche,ILCA 7 Men,Kieler Woche,GER202506ET2,2026-06-20,2026-06-28,"Kiel-Schilksee, Germany",https://sailing.org/regatta/kieler-woche?ref=GER202506ET2,8,DEN,Denmark,Marius Hedegaard,DENMH42,DEN 225110,50,33,3,(17),12,17,1
Kieler Woche,ILCA 7 Men,Kieler Woche,GER202506ET2,2026-06-20,2026-06-28,"Kiel-Schilksee, Germany",https://sailing.org/regatta/kieler-woche?ref=GER202506ET2,9,GER,Germany,Philip Walkenbach,GERPW19,GER 191899,60,34,1,20,8,5,(26)
Kieler Woche,ILCA 7 Men,Kieler Woche,GER202506ET2,2026-06-20,2026-06-28,"Kiel-Schilksee, Germany",https://sailing.org/regatta/kieler-woche?ref=GER202506ET2,10,ITA,Italy,Kenje Werpers,ITAKW1,ITA 224710,53,34,18,10,(19),1,5
Kieler Woche,ILCA 7 Men,Kieler Woche,GER202506ET2,2026-06-20,2026-06-28,"Kiel-Schilksee, Germany",https://sailing.org/regatta/kieler-woche?ref=GER202506ET2,11,NOR,Norway,Christoffer Sørlie,NORCS8,NOR 223393,57,35,11,6,5,(22),13
Kieler Woche,ILCA 7 Men,Kieler Woche,GER202506ET2,2026-06-20,2026-06-28,"Kiel-Schilksee, Germany",https://sailing.org/regatta/kieler-woche?ref=GER202506ET2,12,GER,Germany,Nik Aaron Willim,GERNW5,GER 211241,56,37,6,12,4,(19),15
Kieler Woche,ILCA 7 Men,Kieler Woche,GER202506ET2,2026-06-20,2026-06-28,"Kiel-Schilksee, Germany",https://sailing.org/regatta/kieler-woche?ref=GER202506ET2,13,ITA,Italy,Cesare Barabino,ITACB84,ITA 221701,63,37,9,5,(26),9,14
Kieler Woche,ILCA 7 Men,Kieler Woche,GER202506ET2,2026-06-20,2026-06-28,"Kiel-Schilksee, Germany",https://sailing.org/regatta/kieler-woche?ref=GER202506ET2,14,ARG,Argentina,Francisco Guaragna Rigonat,ARGFG13,ARG 222111,70,39,10,2,14,(31),13
Kieler Woche,ILCA 7 Men,Kieler Woche,GER202506ET2,2026-06-20,2026-06-28,"Kiel-Schilksee, Germany",https://sailing.org/regatta/kieler-woche?ref=GER202506ET2,15,UKR,Ukraine,Oskar Madonich,UKROM11,UKR 222721,61,39,7,16,13,3,(22) STP
Kieler Woche,ILCA 7 Men,Kieler Woche,GER202506ET2,2026-06-20,2026-06-28,"Kiel-Schilksee, Germany",https://sailing.org/regatta/kieler-woche?ref=GER202506ET2,16,POL,Poland,Tadeusz Kubiak,POLTK5,POL 228441,61,39,(22),5,6,10,18
Kieler Woche,ILCA 7 Men,Kieler Woche,GER202506ET2,2026-06-20,2026-06-28,"Kiel-Schilksee, Germany",https://sailing.org/regatta/kieler-woche?ref=GER202506ET2,17,FRA,France,Theo Peyre,FRATP34,FRA 218241,66,39,9,8,10,(27),12
Kieler Woche,ILCA 7 Men,Kieler Woche,GER202506ET2,2026-06-20,2026-06-28,"Kiel-Schilksee, Germany",https://sailing.org/regatta/kieler-woche?ref=GER202506ET2,18,ITA,Italy,Paolo Freddi,ITAPF49,ITA 197471,63,40,19,(23),8,12,1
Kieler Woche,ILCA 7 Men,Kieler Woche,GER202506ET2,2026-06-20,2026-06-28,"Kiel-Schilksee, Germany",https://sailing.org/regatta/kieler-woche?ref=GER202506ET2,19,FRA,France,Alexandre Kowalski,FRAAK11,FRA 222930,74,42,5 STP,2,15,20,(32)
Kieler Woche,ILCA 7 Men,Kieler Woche,GER202506ET2,2026-06-20,2026-06-28,"Kiel-Schilksee, Germany",https://sailing.org/regatta/kieler-woche?ref=GER202506ET2,20,GBR,Great Britain,James Foster,GBRJF96,GBR 212907,76,45,(31),7,16,14,8
Kieler Woche,ILCA 7 Men,Kieler Woche,GER202506ET2,2026-06-20,2026-06-28,"Kiel-Schilksee, Germany",https://sailing.org/regatta/kieler-woche?ref=GER202506ET2,21,ITA,Italy,Matteo Bertacchi,ITAMB255,ITA 216995,73,46,23 STP,13,4,(27),6
Kieler Woche,ILCA 7 Men,Kieler Woche,GER202506ET2,2026-06-20,2026-06-28,"Kiel-Schilksee, Germany",https://sailing.org/regatta/kieler-woche?ref=GER202506ET2,22,UKR,Ukraine,Andriy Verdysh,UKRAV3,UKR 217723,85,48,5,(37),19,4,20
Kieler Woche,ILCA 7 Men,Kieler Woche,GER202506ET2,2026-06-20,2026-06-28,"Kiel-Schilksee, Germany",https://sailing.org/regatta/kieler-woche?ref=GER202506ET2,23,HKG,"Hong Kong, China",Nicholas Halliday,HKGNH5,HKG 171979,112,51,13,14,18,6,(61) RET
Kieler Woche,ILCA 7 Men,Kieler Woche,GER202506ET2,2026-06-20,2026-06-28,"Kiel-Schilksee, Germany",https://sailing.org/regatta/kieler-woche?ref=GER202506ET2,24,ESP,Spain,Marc O'Connor,ESPMO16,ESP 210172,112,52,18,(60) BFD,9,1,24
Kieler Woche,ILCA 7 Men,Kieler Woche,GER202506ET2,2026-06-20,2026-06-28,"Kiel-Schilksee, Germany",https://sailing.org/regatta/kieler-woche?ref=GER202506ET2,25,NOR,Norway,Theodor Middelthon,NORTM11,NOR 224254,81,52,22,(29),20,3,7
Kieler Woche,ILCA 7 Men,Kieler Woche,GER202506ET2,2026-06-20,2026-06-28,"Kiel-Schilksee, Germany",https://sailing.org/regatta/kieler-woche?ref=GER202506ET2,26,ITA,Italy,ALESSANDRO CIRINEI,ITAAC349,ITA 226312,81,52,(29),15,14,15,8
Kieler Woche,ILCA 7 Men,Kieler Woche,GER202506ET2,2026-06-20,2026-06-28,"Kiel-Schilksee, Germany",https://sailing.org/regatta/kieler-woche?ref=GER202506ET2,27,POL,Poland,Jan Rohde,POLJR21,POL 221482,89,56,13,19,(33),21,3
Kieler Woche,ILCA 7 Men,Kieler Woche,GER202506ET2,2026-06-20,2026-06-28,"Kiel-Schilksee, Germany",https://sailing.org/regatta/kieler-woche?ref=GER202506ET2,28,DEN,Denmark,Mark Hestbæk,DENMH41,DEN 212566,118,57,(61) UFD,1,3,26,27
Kieler Woche,ILCA 7 Men,Kieler Woche,GER202506ET2,2026-06-20,2026-06-28,"Kiel-Schilksee, Germany",https://sailing.org/regatta/kieler-woche?ref=GER202506ET2,29,SWE,Sweden,Erik Norlén,SWEEN8,SWE 221474,91,57,17,11,(34),9,20
Kieler Woche,ILCA 7 Men,Kieler Woche,GER202506ET2,2026-06-20,2026-06-28,"Kiel-Schilksee, Germany",https://sailing.org/regatta/kieler-woche?ref=GER202506ET2,30,FRA,France,Ethan Chauvry,FRAEC48,FRA 222594,100,59,14,12,(41),12,21
Kieler Woche,ILCA 7 Men,Kieler Woche,GER202506ET2,2026-06-20,2026-06-28,"Kiel-Schilksee, Germany",https://sailing.org/regatta/kieler-woche?ref=GER202506ET2,31,ITA,Italy,Dimitri Peroni,ITADP40,ITA 221118,120,60,2,(60) BFD,12,33,13 STP
Kieler Woche,ILCA 7 Men,Kieler Woche,GER202506ET2,2026-06-20,2026-06-28,"Kiel-Schilksee, Germany",https://sailing.org/regatta/kieler-woche?ref=GER202506ET2,32,ISR,Israel,Rem Pulci magen,ISRRP3,ISR 220251,122,61,2,31,25,(61) RET,3
Kieler Woche,ILCA 7 Men,Kieler Woche,GER202506ET2,2026-06-20,2026-06-28,"Kiel-Schilksee, Germany",https://sailing.org/regatta/kieler-woche?ref=GER202506ET2,33,ITA,Italy,Antonio Barabino,ITAAB267,ITA 211712,92,61,30,4,(31),2,25
Kieler Woche,ILCA 7 Men,Kieler Woche,GER202506ET2,2026-06-20,2026-06-28,"Kiel-Schilksee, Germany",https://sailing.org/regatta/kieler-woche?ref=GER202506ET2,34,GBR,Great Britain,Arthur Farley,GBRAF70,GBR 223073,89,63,16,(26),7,16,24 STP
Kieler Woche,ILCA 7 Men,Kieler Woche,GER202506ET2,2026-06-20,2026-06-28,"Kiel-Schilksee, Germany",https://sailing.org/regatta/kieler-woche?ref=GER202506ET2,35,DEN,Denmark,Mads Larsen,DENML33,DEN 227215,125,65,1,19,5,(60) DNC,40
Kieler Woche,ILCA 7 Men,Kieler Woche,GER202506ET2,2026-06-20,2026-06-28,"Kiel-Schilksee, Germany",https://sailing.org/regatta/kieler-woche?ref=GER202506ET2,36,DEN,Denmark,Carl Brinck,DENCB20,DEN 227845,112,65,26,14,(47),18,7
Kieler Woche,ILCA 7 Men,Kieler Woche,GER202506ET2,2026-06-20,2026-06-28,"Kiel-Schilksee, Germany",https://sailing.org/regatta/kieler-woche?ref=GER202506ET2,37,ITA,Italy,PIETRO GIACOMONI,ITAPG38,ITA 218461,92,66,19,(26),24,2,21
Kieler Woche,ILCA 7 Men,Kieler Woche,GER202506ET2,2026-06-20,2026-06-28,"Kiel-Schilksee, Germany",https://sailing.org/regatta/kieler-woche?ref=GER202506ET2,38,MON,Monaco,Jeremy Moutout,MONJM1,MON 227755,107,68,12,17,10,29,(39)
Kieler Woche,ILCA 7 Men,Kieler Woche,GER202506ET2,2026-06-20,2026-06-28,"Kiel-Schilksee, Germany",https://sailing.org/regatta/kieler-woche?ref=GER202506ET2,39,BRA,Brazil,Frederico Siebert Francavilla,BRAFS45,BRA 219912,112,71,6,(41),11,35,19
Kieler Woche,ILCA 7 Men,Kieler Woche,GER202506ET2,2026-06-20,2026-06-28,"Kiel-Schilksee, Germany",https://sailing.org/regatta/kieler-woche?ref=GER202506ET2,40,SWE,Sweden,Wilhelm Kark,SWEWK1,SWE 211567,106,76,24,11,11,(30),30
Kieler Woche,ILCA 7 Men,Kieler Woche,GER202506ET2,2026-06-20,2026-06-28,"Kiel-Schilksee, Germany",https://sailing.org/regatta/kieler-woche?ref=GER202506ET2,41,FRA,France,Raphaël OLSTHOORN,FRARO10,FRA 218837,111,77,29,4,21,23,(34)
Kieler Woche,ILCA 7 Men,Kieler Woche,GER202506ET2,2026-06-20,2026-06-28,"Kiel-Schilksee, Germany",https://sailing.org/regatta/kieler-woche?ref=GER202506ET2,42,UKR,Ukraine,Nazar Artiukh,UKRNA3,UKR 217519,126,77,21,(49),9,7,40
Kieler Woche,ILCA 7 Men,Kieler Woche,GER202506ET2,2026-06-20,2026-06-28,"Kiel-Schilksee, Germany",https://sailing.org/regatta/kieler-woche?ref=GER202506ET2,43,FIN,Finland,Nooa Henrik Laukkanen,FINNL2,FIN 227852,116,78,11,21,32,14,(38)
Kieler Woche,ILCA 7 Men,Kieler Woche,GER202506ET2,2026-06-20,2026-06-28,"Kiel-Schilksee, Germany",https://sailing.org/regatta/kieler-woche?ref=GER202506ET2,44,CYP,Cyprus,Emilios Max BOEROS,CYPEB1,CYP 217660,139,79,10,(60) BFD,35,6 STP,28
Kieler Woche,ILCA 7 Men,Kieler Woche,GER202506ET2,2026-06-20,2026-06-28,"Kiel-Schilksee, Germany",https://sailing.org/regatta/kieler-woche?ref=GER202506ET2,45,ITA,Italy,Mattia Santostefano,ITAMS170,ITA 204251,124,79,35,18,17,(45),9
Kieler Woche,ILCA 7 Men,Kieler Woche,GER202506ET2,2026-06-20,2026-06-28,"Kiel-Schilksee, Germany",https://sailing.org/regatta/kieler-woche?ref=GER202506ET2,46,GBR,Great Britain,Ralph musto,GBRRM159,GBR 219833,115,81,33,(34),15,4,29
Kieler Woche,ILCA 7 Men,Kieler Woche,GER202506ET2,2026-06-20,2026-06-28,"Kiel-Schilksee, Germany",https://sailing.org/regatta/kieler-woche?ref=GER202506ET2,47,GER,Germany,Max Stiff,GERMS157,GER 217200,137,82,12,13,35,(55),22
Kieler Woche,ILCA 7 Men,Kieler Woche,GER202506ET2,2026-06-20,2026-06-28,"Kiel-Schilksee, Germany",https://sailing.org/regatta/kieler-woche?ref=GER202506ET2,48,POL,Poland,Filip Olszewski,POLFO3,POL 226455,142,82,(60) BFD,28,21,15,18
Kieler Woche,ILCA 7 Men,Kieler Woche,GER202506ET2,2026-06-20,2026-06-28,"Kiel-Schilksee, Germany",https://sailing.org/regatta/kieler-woche?ref=GER202506ET2,49,POL,Poland,Filip Ciszkiewicz,POLFC1,POL 210788,118,84,(34),24,30,21,9
Kieler Woche,ILCA 7 Men,Kieler Woche,GER202506ET2,2026-06-20,2026-06-28,"Kiel-Schilksee, Germany",https://sailing.org/regatta/kieler-woche?ref=GER202506ET2,50,GER,Germany,Franz Lasch,GERFL22,GER 223435,112,84,21,22,(28),24,17
Kieler Woche,ILCA 7 Men,Kieler Woche,GER202506ET2,2026-06-20,2026-06-28,"Kiel-Schilksee, Germany",https://sailing.org/regatta/kieler-woche?ref=GER202506ET2,51,GER,Germany,Maximilian Reger,GERMR74,GER 191711,131,86,25,(45),39,20,2
Kieler Woche,ILCA 7 Men,Kieler Woche,GER202506ET2,2026-06-20,2026-06-28,"Kiel-Schilksee, Germany",https://sailing.org/regatta/kieler-woche?ref=GER202506ET2,52,FRA,France,thomas flachon,FRATF10,FRA 211191,151,91,27,15,(60) DSQ,33,16
Kieler Woche,ILCA 7 Men,Kieler Woche,GER202506ET2,2026-06-20,2026-06-28,"Kiel-Schilksee, Germany",https://sailing.org/regatta/kieler-woche?ref=GER202506ET2,53,FIN,Finland,Aaro Rantanen,FINAR8,FIN 225057,123,92,23,30 STP,(31),29 STP,10
Kieler Woche,ILCA 7 Men,Kieler Woche,GER202506ET2,2026-06-20,2026-06-28,"Kiel-Schilksee, Germany",https://sailing.org/regatta/kieler-woche?ref=GER202506ET2,54,GBR,Great Britain,Alastair Brown,GBRAB199,GBR 223070,153,93,24,(60) BFD,25,19,25
Kieler Woche,ILCA 7 Men,Kieler Woche,GER202506ET2,2026-06-20,2026-06-28,"Kiel-Schilksee, Germany",https://sailing.org/regatta/kieler-woche?ref=GER202506ET2,55,ITA,Italy,Antonio Pascali,ITAAP210,ITA 219260,143,97,(46),27,23,31,16
Kieler Woche,ILCA 7 Men,Kieler Woche,GER202506ET2,2026-06-20,2026-06-28,"Kiel-Schilksee, Germany",https://sailing.org/regatta/kieler-woche?ref=GER202506ET2,56,GBR,Great Britain,Hugh  Andrews,GBRHA19,GBR 201872,151,100,16,40,(51),38 STP,6
Kieler Woche,ILCA 7 Men,Kieler Woche,GER202506ET2,2026-06-20,2026-06-28,"Kiel-Schilksee, Germany",https://sailing.org/regatta/kieler-woche?ref=GER202506ET2,57,DEN,Denmark,Andreas Pedersen,DENAP4,DEN 219839,143,100,23,18,16,(43),43 STP
Kieler Woche,ILCA 7 Men,Kieler Woche,GER202506ET2,2026-06-20,2026-06-28,"Kiel-Schilksee, Germany",https://sailing.org/regatta/kieler-woche?ref=GER202506ET2,58,MNE,Montenegro,Ilija Markovic,MNEIM1,MNE 224085,145,100,(45),38,17,18,27
Kieler Woche,ILCA 7 Men,Kieler Woche,GER202506ET2,2026-06-20,2026-06-28,"Kiel-Schilksee, Germany",https://sailing.org/regatta/kieler-woche?ref=GER202506ET2,59,GBR,Great Britain,Robin Phipps,GBRRP112,GBR 226480,147,100,(47),20,27,17,36
Kieler Woche,ILCA 7 Men,Kieler Woche,GER202506ET2,2026-06-20,2026-06-28,"Kiel-Schilksee, Germany",https://sailing.org/regatta/kieler-woche?ref=GER202506ET2,60,GBR,Great Britain,Samuel Grayton,GBRSG74,GBR 227539,145,101,(44),24,38,16,23
Kieler Woche,ILCA 7 Men,Kieler Woche,GER202506ET2,2026-06-20,2026-06-28,"Kiel-Schilksee, Germany",https://sailing.org/regatta/kieler-woche?ref=GER202506ET2,61,GBR,Great Britain,Kai Wolgram,GBRKW39,GBR 224700,162,102,(60) BFD,10,22,37,33
Kieler Woche,ILCA 7 Men,Kieler Woche,GER202506ET2,2026-06-20,2026-06-28,"Kiel-Schilksee, Germany",https://sailing.org/regatta/kieler-woche?ref=GER202506ET2,62,GBR,Great Britain,Archibald Munro-Price,GBRAM139,GBR 226628,154,104,17,(50),23,40,24
Kieler Woche,ILCA 7 Men,Kieler Woche,GER202506ET2,2026-06-20,2026-06-28,"Kiel-Schilksee, Germany",https://sailing.org/regatta/kieler-woche?ref=GER202506ET2,63,ITA,Italy,Leonardo Locci,ITALL63,ITA 224302,140,105,25,27,28,25,(35)
Kieler Woche,ILCA 7 Men,Kieler Woche,GER202506ET2,2026-06-20,2026-06-28,"Kiel-Schilksee, Germany",https://sailing.org/regatta/kieler-woche?ref=GER202506ET2,64,GER,Germany,Fritz Bohlke,GERFB53,GER 222984,140,106,(34),30,13,32,31
Kieler Woche,ILCA 7 Men,Kieler Woche,GER202506ET2,2026-06-20,2026-06-28,"Kiel-Schilksee, Germany",https://sailing.org/regatta/kieler-woche?ref=GER202506ET2,65,FRA,France,Nathan WEHRLE,FRANW3,FRA 228330,166,106,(60) BFD,21,24,23,38
Kieler Woche,ILCA 7 Men,Kieler Woche,GER202506ET2,2026-06-20,2026-06-28,"Kiel-Schilksee, Germany",https://sailing.org/regatta/kieler-woche?ref=GER202506ET2,66,GBR,Great Britain,James Percival-Cooke,GBRJP113,GBR 219895,149,108,30,32,38,8,(41)
Kieler Woche,ILCA 7 Men,Kieler Woche,GER202506ET2,2026-06-20,2026-06-28,"Kiel-Schilksee, Germany",https://sailing.org/regatta/kieler-woche?ref=GER202506ET2,67,FRA,France,Guillermo DOMINGUEZ MARVILLET,FRAGD66,FRA 226430,166,112,36,22,41,13,(54)
Kieler Woche,ILCA 7 Men,Kieler Woche,GER202506ET2,2026-06-20,2026-06-28,"Kiel-Schilksee, Germany",https://sailing.org/regatta/kieler-woche?ref=GER202506ET2,68,GBR,Great Britain,Joe Rowe,GBRJR136,GBR 227327,172,112,(60) BFD,37,20,38,17
Kieler Woche,ILCA 7 Men,Kieler Woche,GER202506ET2,2026-06-20,2026-06-28,"Kiel-Schilksee, Germany",https://sailing.org/regatta/kieler-woche?ref=GER202506ET2,69,FIN,Finland,Atte Virtanen,FINAV9,FIN 222921,145,112,20,(33),33,27 STP,32
Kieler Woche,ILCA 7 Men,Kieler Woche,GER202506ET2,2026-06-20,2026-06-28,"Kiel-Schilksee, Germany",https://sailing.org/regatta/kieler-woche?ref=GER202506ET2,70,ITA,Italy,anatol sassi,ITAAS189,ITA 193144,154,113,15,28,36,(41),34
Kieler Woche,ILCA 7 Men,Kieler Woche,GER202506ET2,2026-06-20,2026-06-28,"Kiel-Schilksee, Germany",https://sailing.org/regatta/kieler-woche?ref=GER202506ET2,71,SWE,Sweden,Alfons Sellin,SWEAS34,SWE 216413,175,114,37,33,18,(61) DNC,26
Kieler Woche,ILCA 7 Men,Kieler Woche,GER202506ET2,2026-06-20,2026-06-28,"Kiel-Schilksee, Germany",https://sailing.org/regatta/kieler-woche?ref=GER202506ET2,72,FRA,France,Eliott Barré,FRAEB56,FRA 227247,165,115,35,25,49,6,(50)
Kieler Woche,ILCA 7 Men,Kieler Woche,GER202506ET2,2026-06-20,2026-06-28,"Kiel-Schilksee, Germany",https://sailing.org/regatta/kieler-woche?ref=GER202506ET2,73,SWE,Sweden,Rasmus Granzin,SWERG5,SWE 225914,162,119,36,3,37,(43),43
Kieler Woche,ILCA 7 Men,Kieler Woche,GER202506ET2,2026-06-20,2026-06-28,"Kiel-Schilksee, Germany",https://sailing.org/regatta/kieler-woche?ref=GER202506ET2,74,SUI,Switzerland,Lars Dittel,SUILD10,SUI 221735,165,119,40,35,(46),25,19
Kieler Woche,ILCA 7 Men,Kieler Woche,GER202506ET2,2026-06-20,2026-06-28,"Kiel-Schilksee, Germany",https://sailing.org/regatta/kieler-woche?ref=GER202506ET2,75,DEN,Denmark,Oscar Thule,DENOT1,DEN 226896,163,120,37,32,(43),36,15
Kieler Woche,ILCA 7 Men,Kieler Woche,GER202506ET2,2026-06-20,2026-06-28,"Kiel-Schilksee, Germany",https://sailing.org/regatta/kieler-woche?ref=GER202506ET2,76,GER,Germany,Morten Borchardt,GERMB125,GER 217201,167,122,26,23,34,39,(45)
Kieler Woche,ILCA 7 Men,Kieler Woche,GER202506ET2,2026-06-20,2026-06-28,"Kiel-Schilksee, Germany",https://sailing.org/regatta/kieler-woche?ref=GER202506ET2,77,FRA,France,Luka Moreau Dhallenne,FRALM81,FRA 221208,166,124,27,39,29,(42),29
Kieler Woche,ILCA 7 Men,Kieler Woche,GER202506ET2,2026-06-20,2026-06-28,"Kiel-Schilksee, Germany",https://sailing.org/regatta/kieler-woche?ref=GER202506ET2,78,POL,Poland,Piotr Malinowski,POLPM12,POL 224193,174,128,28,(46),22,41,37
Kieler Woche,ILCA 7 Men,Kieler Woche,GER202506ET2,2026-06-20,2026-06-28,"Kiel-Schilksee, Germany",https://sailing.org/regatta/kieler-woche?ref=GER202506ET2,79,GBR,Great Britain,Nathan Russell,GBRNR26,GBR 224336,186,131,41,30,(55),11,49
Kieler Woche,ILCA 7 Men,Kieler Woche,GER202506ET2,2026-06-20,2026-06-28,"Kiel-Schilksee, Germany",https://sailing.org/regatta/kieler-woche?ref=GER202506ET2,80,GBR,Great Britain,Oliver Mayo,GBROM20,GBR 228326,191,131,(60) DSQ,16,45,28,42
Kieler Woche,ILCA 7 Men,Kieler Woche,GER202506ET2,2026-06-20,2026-06-28,"Kiel-Schilksee, Germany",https://sailing.org/regatta/kieler-woche?ref=GER202506ET2,81,FRA,France,JULES FORTUNATI,FRAJF44,FRA 228290,178,131,32 STP,43,32,24,(47)
Kieler Woche,ILCA 7 Men,Kieler Woche,GER202506ET2,2026-06-20,2026-06-28,"Kiel-Schilksee, Germany",https://sailing.org/regatta/kieler-woche?ref=GER202506ET2,82,GBR,Great Britain,Leo Yates,GBRLY7,GBR 226479,196,136,32,25,39,40,(60) DNC
Kieler Woche,ILCA 7 Men,Kieler Woche,GER202506ET2,2026-06-20,2026-06-28,"Kiel-Schilksee, Germany",https://sailing.org/regatta/kieler-woche?ref=GER202506ET2,83,FIN,Finland,Alex Tammi,FINAT14,FIN 222910,191,139,20,(52),40,30,49 STP
Kieler Woche,ILCA 7 Men,Kieler Woche,GER202506ET2,2026-06-20,2026-06-28,"Kiel-Schilksee, Germany",https://sailing.org/regatta/kieler-woche?ref=GER202506ET2,84,CZE,Czechia,Jan Valenta,CZEJV4,CZE 223824,200,140,(60) BFD,47,29,33 STP,31
Kieler Woche,ILCA 7 Men,Kieler Woche,GER202506ET2,2026-06-20,2026-06-28,"Kiel-Schilksee, Germany",https://sailing.org/regatta/kieler-woche?ref=GER202506ET2,85,AUT,Austria,Clemens Kuebber,AUTCK11,AUT 191101,187,142,32,42,27,(45),41
Kieler Woche,ILCA 7 Men,Kieler Woche,GER202506ET2,2026-06-20,2026-06-28,"Kiel-Schilksee, Germany",https://sailing.org/regatta/kieler-woche?ref=GER202506ET2,86,UKR,Ukraine,Semen Khashina,UKRSK13,UKR 217791,194,143,41,36,30,36,(51)
Kieler Woche,ILCA 7 Men,Kieler Woche,GER202506ET2,2026-06-20,2026-06-28,"Kiel-Schilksee, Germany",https://sailing.org/regatta/kieler-woche?ref=GER202506ET2,87,GER,Germany,Niklas Ambos,GERNA12,GER 226617,192,145,38,40,37,(47),30
Kieler Woche,ILCA 7 Men,Kieler Woche,GER202506ET2,2026-06-20,2026-06-28,"Kiel-Schilksee, Germany",https://sailing.org/regatta/kieler-woche?ref=GER202506ET2,88,FIN,Finland,Fredrik Westman,FINFW1,FIN 215016,199,150,42,38,48,(49),22
Kieler Woche,ILCA 7 Men,Kieler Woche,GER202506ET2,2026-06-20,2026-06-28,"Kiel-Schilksee, Germany",https://sailing.org/regatta/kieler-woche?ref=GER202506ET2,89,FRA,France,Aubry Martin,FRAAM109,FRA 225048,202,150,28,(52),44,35,43
Kieler Woche,ILCA 7 Men,Kieler Woche,GER202506ET2,2026-06-20,2026-06-28,"Kiel-Schilksee, Germany",https://sailing.org/regatta/kieler-woche?ref=GER202506ET2,90,GER,Germany,Till Heimann,GERTH59,GER 220717,215,155,(60) BFD,46,54,22,33
Kieler Woche,ILCA 7 Men,Kieler Woche,GER202506ET2,2026-06-20,2026-06-28,"Kiel-Schilksee, Germany",https://sailing.org/regatta/kieler-woche?ref=GER202506ET2,91,GBR,Great Britain,Luke Anstey,GBRLA13,GBR 221798,209,158,38,35,40,(51),45
Kieler Woche,ILCA 7 Men,Kieler Woche,GER202506ET2,2026-06-20,2026-06-28,"Kiel-Schilksee, Germany",https://sailing.org/regatta/kieler-woche?ref=GER202506ET2,92,SWE,Sweden,Alexander Hargefors,SWEAH39,SWE 217882,223,162,50,57,42,13,(61) DNC
Kieler Woche,ILCA 7 Men,Kieler Woche,GER202506ET2,2026-06-20,2026-06-28,"Kiel-Schilksee, Germany",https://sailing.org/regatta/kieler-woche?ref=GER202506ET2,93,ITA,Italy,Manuel Scacciati,ITAMS249,ITA 228192,220,162,40,39,(58),46,37
Kieler Woche,ILCA 7 Men,Kieler Woche,GER202506ET2,2026-06-20,2026-06-28,"Kiel-Schilksee, Germany",https://sailing.org/regatta/kieler-woche?ref=GER202506ET2,94,LUX,Luxembourg,Gabriel Medeiros Königsfeld,BRAGS16,LUX 202039,224,164,(60) BFD,31,44,42,47
Kieler Woche,ILCA 7 Men,Kieler Woche,GER202506ET2,2026-06-20,2026-06-28,"Kiel-Schilksee, Germany",https://sailing.org/regatta/kieler-woche?ref=GER202506ET2,95,POL,Poland,Maciej Dudek,POLMD23,POL 226036,227,166,43,36,26,(61) DNC,61 DNE
Kieler Woche,ILCA 7 Men,Kieler Woche,GER202506ET2,2026-06-20,2026-06-28,"Kiel-Schilksee, Germany",https://sailing.org/regatta/kieler-woche?ref=GER202506ET2,96,AUS,Australia,Hamish Gilsenan,AUSHG6,AUS 216366,229,168,39,44,(61) DNC,34,51 STP
Kieler Woche,ILCA 7 Men,Kieler Woche,GER202506ET2,2026-06-20,2026-06-28,"Kiel-Schilksee, Germany",https://sailing.org/regatta/kieler-woche?ref=GER202506ET2,97,GER,Germany,Tom Struve,GERTS98,GER 217085,228,174,39,41,50,(54),44
Kieler Woche,ILCA 7 Men,Kieler Woche,GER202506ET2,2026-06-20,2026-06-28,"Kiel-Schilksee, Germany",https://sailing.org/regatta/kieler-woche?ref=GER202506ET2,98,BRA,Brazil,Stefano Siebert Francavilla,BRASS11,BRA 226502,229,175,42,(54),36,46,51
Kieler Woche,ILCA 7 Men,Kieler Woche,GER202506ET2,2026-06-20,2026-06-28,"Kiel-Schilksee, Germany",https://sailing.org/regatta/kieler-woche?ref=GER202506ET2,99,FIN,Finland,Vilho Mykkänen,FINVM11,FIN 224469,236,176,33,35 STP,48 STP,(60) DNC,60 DNE
Kieler Woche,ILCA 7 Men,Kieler Woche,GER202506ET2,2026-06-20,2026-06-28,"Kiel-Schilksee, Germany",https://sailing.org/regatta/kieler-woche?ref=GER202506ET2,100,EST,Estonia,Karel Ratnik,ESTKR8,EST 218430,238,178,(60) BFD,60 BFD,43,47,28
Kieler Woche,ILCA 7 Men,Kieler Woche,GER202506ET2,2026-06-20,2026-06-28,"Kiel-Schilksee, Germany",https://sailing.org/regatta/kieler-woche?ref=GER202506ET2,101,CAN,Canada,LOUIS HUPE,FRALH16,CAN 227465,232,178,(54),48,52,39,39
Kieler Woche,ILCA 7 Men,Kieler Woche,GER202506ET2,2026-06-20,2026-06-28,"Kiel-Schilksee, Germany",https://sailing.org/regatta/kieler-woche?ref=GER202506ET2,102,AUS,Australia,Xavier Bates,AUSXB2,AUS 217271,240,180,51,51,(60) STP,34,44
Kieler Woche,ILCA 7 Men,Kieler Woche,GER202506ET2,2026-06-20,2026-06-28,"Kiel-Schilksee, Germany",https://sailing.org/regatta/kieler-woche?ref=GER202506ET2,103,CZE,Czechia,Jan Belik,CZEJB6,CZE 221634,237,181,53,47,45,(56) STP,36
Kieler Woche,ILCA 7 Men,Kieler Woche,GER202506ET2,2026-06-20,2026-06-28,"Kiel-Schilksee, Germany",https://sailing.org/regatta/kieler-woche?ref=GER202506ET2,104,CZE,Czechia,Federico  Falc,CZEFF2,CZE 216804,245,185,(60) BFD,48,49,53 STP,35
Kieler Woche,ILCA 7 Men,Kieler Woche,GER202506ET2,2026-06-20,2026-06-28,"Kiel-Schilksee, Germany",https://sailing.org/regatta/kieler-woche?ref=GER202506ET2,105,GER,Germany,Sebastian Rode,GERSR44,GER 223706,239,185,44,51,42,48,(54)
Kieler Woche,ILCA 7 Men,Kieler Woche,GER202506ET2,2026-06-20,2026-06-28,"Kiel-Schilksee, Germany",https://sailing.org/regatta/kieler-woche?ref=GER202506ET2,106,FRA,France,Mathis GAMIN,FRAMG97,FRA 223809,242,187,(55),42,48,50,47 STP
Kieler Woche,ILCA 7 Men,Kieler Woche,GER202506ET2,2026-06-20,2026-06-28,"Kiel-Schilksee, Germany",https://sailing.org/regatta/kieler-woche?ref=GER202506ET2,107,FIN,Finland,Maximilian Sergelius,FINMS31,FIN 222065,245,190,46,44,(55),45 STP,55
Kieler Woche,ILCA 7 Men,Kieler Woche,GER202506ET2,2026-06-20,2026-06-28,"Kiel-Schilksee, Germany",https://sailing.org/regatta/kieler-woche?ref=GER202506ET2,108,NED,Netherlands,Tim Lambers,NEDTL9,NED 224269,255,195,(60) BFD,45,50,48,52
Kieler Woche,ILCA 7 Men,Kieler Woche,GER202506ET2,2026-06-20,2026-06-28,"Kiel-Schilksee, Germany",https://sailing.org/regatta/kieler-woche?ref=GER202506ET2,109,FRA,France,Martin Kowalski,FRAMK8,FRA 222924,260,199,43,43,52,(61) DNC,61 DNC
Kieler Woche,ILCA 7 Men,Kieler Woche,GER202506ET2,2026-06-20,2026-06-28,"Kiel-Schilksee, Germany",https://sailing.org/regatta/kieler-woche?ref=GER202506ET2,110,GER,Germany,Pierre-Philipp Schaber,GERPS74,GER 219055,253,199,49,53,46,(54),51 STP
Kieler Woche,ILCA 7 Men,Kieler Woche,GER202506ET2,2026-06-20,2026-06-28,"Kiel-Schilksee, Germany",https://sailing.org/regatta/kieler-woche?ref=GER202506ET2,111,GER,Germany,Felix Bonhagen,GERFB48,GER 217093,256,200,45,50,(56),49,56
Kieler Woche,ILCA 7 Men,Kieler Woche,GER202506ET2,2026-06-20,2026-06-28,"Kiel-Schilksee, Germany",https://sailing.org/regatta/kieler-woche?ref=GER202506ET2,112,GER,Germany,Jan Cegielski,GERJC15,GER 218465,262,202,(60) BFD,54,57,44,47 STP
Kieler Woche,ILCA 7 Men,Kieler Woche,GER202506ET2,2026-06-20,2026-06-28,"Kiel-Schilksee, Germany",https://sailing.org/regatta/kieler-woche?ref=GER202506ET2,113,GER,Germany,Can Bekis,GERCB48,GER 198979,264,206,48,(58),57,53,48
Kieler Woche,ILCA 7 Men,Kieler Woche,GER202506ET2,2026-06-20,2026-06-28,"Kiel-Schilksee, Germany",https://sailing.org/regatta/kieler-woche?ref=GER202506ET2,114,SWE,Sweden,Simon Linse,SWESL24,SWE 216957,264,208,(56),49,53,53,53
Kieler Woche,ILCA 7 Men,Kieler Woche,GER202506ET2,2026-06-20,2026-06-28,"Kiel-Schilksee, Germany",https://sailing.org/regatta/kieler-woche?ref=GER202506ET2,115,GER,Germany,Nico Schäfferling,GERNS13,GER 217147,265,210,52,(55),54 STP,52 STP,52
Kieler Woche,ILCA 7 Men,Kieler Woche,GER202506ET2,2026-06-20,2026-06-28,"Kiel-Schilksee, Germany",https://sailing.org/regatta/kieler-woche?ref=GER202506ET2,116,GER,Germany,Lars Kreilaus,GERLK79,GER 219070,277,219,(58),56,58,52,53
Kieler Woche,ILCA 7 Men,Kieler Woche,GER202506ET2,2026-06-20,2026-06-28,"Kiel-Schilksee, Germany",https://sailing.org/regatta/kieler-woche?ref=GER202506ET2,117,SWE,Sweden,Ossian Suneson,SWEOS19,SWE 221434,286,225,60 BFD,60 STP,(61) STP,50,55
Kieler Woche,ILCA 7 Men,Kieler Woche,GER202506ET2,2026-06-20,2026-06-28,"Kiel-Schilksee, Germany",https://sailing.org/regatta/kieler-woche?ref=GER202506ET2,118,GER,Germany,Collin Finley Riehl,GERCR31,GER 217950,285,226,57,(59),56,56,57
Kieler Woche,ILCA 7 Men,Kieler Woche,GER202506ET2,2026-06-20,2026-06-28,"Kiel-Schilksee, Germany",https://sailing.org/regatta/kieler-woche?ref=GER202506ET2,119,AUT,Austria,Robert Hitsch,AUTRH16,GBR 198501,296,235,(61) DNC,60,61 DNC,57 STP,57 STP
