series_label,event_label,regatta_name,world_sailing_id,start_date,end_date,venue,source_url,rank,country,country_name,crew,world_sailing_ids,sail_number,total_points,net_points,1P ,2P ,3P ,4P ,5P ,6P ,C/F Gold,7E Gold,8E Gold,9E Gold,CF,F1 Final,F2 Final
Kieler Woche,49er Men,Kieler Woche,GER202506ET2,2026-06-20,2026-06-28,"Kiel-Schilksee, Germany",https://sailing.org/regatta/kieler-woche?ref=GER202506ET2,1,SUI,Switzerland,Joshua Richner / Nilo Scharer,SUINS10 / SUIJR14,SUI 133,17,17,2,3,4,3,(10),6,4,4,2,(15),10,3,4
Kieler Woche,49er Men,Kieler Woche,GER202506ET2,2026-06-20,2026-06-28,"Kiel-Schilksee, Germany",https://sailing.org/regatta/kieler-woche?ref=GER202506ET2,2,ISR,Israel,Illy Wureit / Yuval Barnoon,ISRIW2 / ISRYB11,ISR 125,20,20,5,4,3,9,(16),12,(11),2,4,2,8,6,6
Kieler Woche,49er Men,Kieler Woche,GER202506ET2,2026-06-20,2026-06-28,"Kiel-Schilksee, Germany",https://sailing.org/regatta/kieler-woche?ref=GER202506ET2,3,USA,United States of America,Nevin Snow / Ian Macdiarmid,USANS20 / USAIM9,USA 31,23,23,4,1,3,(9),1,1,1,1,10,(12),12,2,9
Kieler Woche,49er Men,Kieler Woche,GER202506ET2,2026-06-20,2026-06-28,"Kiel-Schilksee, Germany",https://sailing.org/regatta/kieler-woche?ref=GER202506ET2,4,NZL,New Zealand,Mattias Coutts / Oscar Gunn,NZLMC20 / NZLOG2,NZL 45,26,26,6,5,2,2,(7),1,3,(15),3,9,15,10,1
Kieler Woche,49er Men,Kieler Woche,GER202506ET2,2026-06-20,2026-06-28,"Kiel-Schilksee, Germany",https://sailing.org/regatta/kieler-woche?ref=GER202506ET2,5,FRA,France,Lucas Rual,FRALR14,FRA 95,27,27,16,(31) UFD,1,2,11,2,(10),7,5,3,15,4,8
Kieler Woche,49er Men,Kieler Woche,GER202506ET2,2026-06-20,2026-06-28,"Kiel-Schilksee, Germany",https://sailing.org/regatta/kieler-woche?ref=GER202506ET2,6,POL,Poland,Tytus Butowski / Adam Glogowski,POLAG20 / POLTB5,POL 73,27,27,14,1,4,10,5,(16),13,3,1,(17),17,5,5
Kieler Woche,49er Men,Kieler Woche,GER202506ET2,2026-06-20,2026-06-28,"Kiel-Schilksee, Germany",https://sailing.org/regatta/kieler-woche?ref=GER202506ET2,7,URU,Uruguay,Hernan Umpierre / Fernando Diz,URUFD1 / URUHU1,URU 14,29,29,2,2,(7),4,1,3,2,(10),9,10,21,1,7
Kieler Woche,49er Men,Kieler Woche,GER202506ET2,2026-06-20,2026-06-28,"Kiel-Schilksee, Germany",https://sailing.org/regatta/kieler-woche?ref=GER202506ET2,8,GER,Germany,Richard Schultheis / Fabian Graf,GERRS42 / GERFG11,GER 11,29,29,12,10,1,13,3,(15),(19),5,6,8,19,7,3
Kieler Woche,49er Men,Kieler Woche,GER202506ET2,2026-06-20,2026-06-28,"Kiel-Schilksee, Germany",https://sailing.org/regatta/kieler-woche?ref=GER202506ET2,9,AUS,Australia,Daniel Links / Keizo  Tomishima,AUSKT10 / AUSDL20,AUS 525,30,30,8,2,4,4,7,(12),6,13,(16),1,20,8,2
Kieler Woche,49er Men,Kieler Woche,GER202506ET2,2026-06-20,2026-06-28,"Kiel-Schilksee, Germany",https://sailing.org/regatta/kieler-woche?ref=GER202506ET2,10,GBR,Great Britain,James Grummett / Rhos Hawes,GBRRH84 / GBRJG101,GBR 4,38,38,6,6,(13),4,3,11,8,6,(11),5,19,9,10
Kieler Woche,49er Men,Kieler Woche,GER202506ET2,2026-06-20,2026-06-28,"Kiel-Schilksee, Germany",https://sailing.org/regatta/kieler-woche?ref=GER202506ET2,11,ITA,Italy,Lorenzo Pezzilli / Tobia Torroni,ITATT17 / ITALP103,ITA 755,41,26,1,4,5,6,(27),8,5,14,(15),7,-,-,-
Kieler Woche,49er Men,Kieler Woche,GER202506ET2,2026-06-20,2026-06-28,"Kiel-Schilksee, Germany",https://sailing.org/regatta/kieler-woche?ref=GER202506ET2,12,AUS,Australia,Kurt Hansen / Charles Zeeman,AUSZZ1 / AUSKH10,AUS 105,40,27,10,7,7,(19) STP,6,3,12,9,(13),6,-,-,-
Kieler Woche,49er Men,Kieler Woche,GER202506ET2,2026-06-20,2026-06-28,"Kiel-Schilksee, Germany",https://sailing.org/regatta/kieler-woche?ref=GER202506ET2,13,NOR,Norway,Mathias Berthet / Markus Berthet,NORMB7 / NORMB12,NOR 71,49,29,1,7,10,(18),18,2,18,(20),7,4,-,-,-
Kieler Woche,49er Men,Kieler Woche,GER202506ET2,2026-06-20,2026-06-28,"Kiel-Schilksee, Germany",https://sailing.org/regatta/kieler-woche?ref=GER202506ET2,14,IRL,Ireland,Robert Dickson / Sorcha Whyte,IRLRD19 / IRLSW19,IRL 99,47,30,1,2,(14),7,10,11,9,8,(17),13,-,-,-
Kieler Woche,49er Men,Kieler Woche,GER202506ET2,2026-06-20,2026-06-28,"Kiel-Schilksee, Germany",https://sailing.org/regatta/kieler-woche?ref=GER202506ET2,15,DEN,Denmark,Jonas Warrer,DENJW1,DEN 3,47,31,12,9,6,7,2,(29),(16),12,8,11,-,-,-
Kieler Woche,49er Men,Kieler Woche,GER202506ET2,2026-06-20,2026-06-28,"Kiel-Schilksee, Germany",https://sailing.org/regatta/kieler-woche?ref=GER202506ET2,16,USA,United States of America,Andrew Mollerus / Trevor Bornarth,USAAM84 / USATB148,USA 43,46,32,4,(15),11,8,3,4,7,11,(14),14,-,-,-
Kieler Woche,49er Men,Kieler Woche,GER202506ET2,2026-06-20,2026-06-28,"Kiel-Schilksee, Germany",https://sailing.org/regatta/kieler-woche?ref=GER202506ET2,17,AUS,Australia,Luke Rogers / Kristian Bilston,AUSKB29 / AUSLR19,AUS 550,62,43,2,1,20,11,2,(23),15,16,12,(19),-,-,-
Kieler Woche,49er Men,Kieler Woche,GER202506ET2,2026-06-20,2026-06-28,"Kiel-Schilksee, Germany",https://sailing.org/regatta/kieler-woche?ref=GER202506ET2,18,NED,Netherlands,Thomas Schouten / Mart Kegel,NEDMK32 / NEDTS19,NED 772,67,48,14,4,(22),10,4,3,14,(19),18,16,-,-,-
Kieler Woche,49er Men,Kieler Woche,GER202506ET2,2026-06-20,2026-06-28,"Kiel-Schilksee, Germany",https://sailing.org/regatta/kieler-woche?ref=GER202506ET2,19,FRA,France,Erwan Fischer / Clement Pequin,FRAEF14 / FRACP31,FRA 16,75,55,(20),8,10,6,1,14,(20),18,19,18,-,-,-
Kieler Woche,49er Men,Kieler Woche,GER202506ET2,2026-06-20,2026-06-28,"Kiel-Schilksee, Germany",https://sailing.org/regatta/kieler-woche?ref=GER202506ET2,20,FRA,France,Théo Revil / Gaultier Tallieu,FRAGT18 / FRATR32,FRA 441,75,55,3,3,6,7,17,(23),17,17,21 DNE,(20),-,-,-
Kieler Woche,49er Men,Kieler Woche,GER202506ET2,2026-06-20,2026-06-28,"Kiel-Schilksee, Germany",https://sailing.org/regatta/kieler-woche?ref=GER202506ET2,21,GER,Germany,Moritz Dorau / Riko Rockenbauch,GERMD28 / GERRR26,GER 875,6,6,7,11,9,(31) DNF,12,1,2,4,-,-,-,-,-
Kieler Woche,49er Men,Kieler Woche,GER202506ET2,2026-06-20,2026-06-28,"Kiel-Schilksee, Germany",https://sailing.org/regatta/kieler-woche?ref=GER202506ET2,22,SWE,Sweden,Marius Westerlind / Olle Aronsson,SWEMW24 / SWEOA5,SWE 44,7,7,(18),8,5,16,6,8,6,1,-,-,-,-,-
Kieler Woche,49er Men,Kieler Woche,GER202506ET2,2026-06-20,2026-06-28,"Kiel-Schilksee, Germany",https://sailing.org/regatta/kieler-woche?ref=GER202506ET2,23,HUN,Hungary,Attila Tóth / Levente Borda,HUNAT8 / HUNLB10,HUN 375,7,7,(14),3,13,6,13,6,4,3,-,-,-,-,-
Kieler Woche,49er Men,Kieler Woche,GER202506ET2,2026-06-20,2026-06-28,"Kiel-Schilksee, Germany",https://sailing.org/regatta/kieler-woche?ref=GER202506ET2,24,DEN,Denmark,Frederik Rask / Jakob Precht Jensen,DENJP11 / DENFR5,DEN 66,13,13,9,10,1,(15),8,11,1,12,-,-,-,-,-
Kieler Woche,49er Men,Kieler Woche,GER202506ET2,2026-06-20,2026-06-28,"Kiel-Schilksee, Germany",https://sailing.org/regatta/kieler-woche?ref=GER202506ET2,25,GER,Germany,Jakob Meggendorfer / Andreas Spranger,GERJM44 / GERAS58,GER 22,17,17,8,17,15,1,5,(20),9,8,-,-,-,-,-
Kieler Woche,49er Men,Kieler Woche,GER202506ET2,2026-06-20,2026-06-28,"Kiel-Schilksee, Germany",https://sailing.org/regatta/kieler-woche?ref=GER202506ET2,26,ESP,Spain,Martin Wizner / Jaime Wizner Perez-la Fuente,ESPJW01 / ESPMW3,ESP 775,18,18,(31) RET,6,17,17,2,14,16,2,-,-,-,-,-
Kieler Woche,49er Men,Kieler Woche,GER202506ET2,2026-06-20,2026-06-28,"Kiel-Schilksee, Germany",https://sailing.org/regatta/kieler-woche?ref=GER202506ET2,27,GER,Germany,Simon Heindl / Conrad Jacobs,GERCJ12 / GERSH83,GER 21,22,22,6,(20),2,13,9,18,11,11,-,-,-,-,-
Kieler Woche,49er Men,Kieler Woche,GER202506ET2,2026-06-20,2026-06-28,"Kiel-Schilksee, Germany",https://sailing.org/regatta/kieler-woche?ref=GER202506ET2,28,GER,Germany,Per Christoffer Schwall / Carl Frederik Schwall,GERPS59 / GERCS88,GER 925,23,23,13,13,9,1,(27),9,7,16,-,-,-,-,-
Kieler Woche,49er Men,Kieler Woche,GER202506ET2,2026-06-20,2026-06-28,"Kiel-Schilksee, Germany",https://sailing.org/regatta/kieler-woche?ref=GER202506ET2,29,NED,Netherlands,Wiebrand de Vos / Michiel Dam,NEDWD21 / NEDMD45,NED 69,25,25,3,12,7,14,(25),4,3,22,-,-,-,-,-
Kieler Woche,49er Men,Kieler Woche,GER202506ET2,2026-06-20,2026-06-28,"Kiel-Schilksee, Germany",https://sailing.org/regatta/kieler-woche?ref=GER202506ET2,30,GER,Germany,Lucas Hamm / Moritz Hamm,GERLH49 / GERMH114,GER 240,26,26,(16),16,16,3,16,5,17,9,-,-,-,-,-
Kieler Woche,49er Men,Kieler Woche,GER202506ET2,2026-06-20,2026-06-28,"Kiel-Schilksee, Germany",https://sailing.org/regatta/kieler-woche?ref=GER202506ET2,31,GER,Germany,Johann Sach / Anton Sach,GERJS161 / GERAS102,GER 281,28,28,15,19,18,8,4,(24),23,5,-,-,-,-,-
Kieler Woche,49er Men,Kieler Woche,GER202506ET2,2026-06-20,2026-06-28,"Kiel-Schilksee, Germany",https://sailing.org/regatta/kieler-woche?ref=GER202506ET2,32,AUT,Austria,Keanu Prettner / Jakob Flachberger,AUTJF8 / AUTKP5,AUT 28,29,29,11,9,10,3,(26),18,15,14,-,-,-,-,-
Kieler Woche,49er Men,Kieler Woche,GER202506ET2,2026-06-20,2026-06-28,"Kiel-Schilksee, Germany",https://sailing.org/regatta/kieler-woche?ref=GER202506ET2,33,USA,United States of America,Nicolas Muller / Duncan Williford,USANM48 / USADW108,USA 118,30,30,7,11,5,14,6,(25),5,25,-,-,-,-,-
Kieler Woche,49er Men,Kieler Woche,GER202506ET2,2026-06-20,2026-06-28,"Kiel-Schilksee, Germany",https://sailing.org/regatta/kieler-woche?ref=GER202506ET2,34,FRA,France,Jean Baptiste Bernaz / Yann Jauvin,FRAJB13 / FRAYJ2,FRA 51,31,31,12,13,17,12,8,(28),21,10,-,-,-,-,-
Kieler Woche,49er Men,Kieler Woche,GER202506ET2,2026-06-20,2026-06-28,"Kiel-Schilksee, Germany",https://sailing.org/regatta/kieler-woche?ref=GER202506ET2,35,ITA,Italy,Zeno Valerio Marchesini / Leonardo Chiste',ITAZM3 / ITALC106,ITA 23,32,32,16,6,(24),11,12,5,13,19,-,-,-,-,-
Kieler Woche,49er Men,Kieler Woche,GER202506ET2,2026-06-20,2026-06-28,"Kiel-Schilksee, Germany",https://sailing.org/regatta/kieler-woche?ref=GER202506ET2,36,HUN,Hungary,Roni Oszkar Szabo,HUNRS9,HUN 373,34,34,17,14,13,(23),10,16,28,6,-,-,-,-,-
Kieler Woche,49er Men,Kieler Woche,GER202506ET2,2026-06-20,2026-06-28,"Kiel-Schilksee, Germany",https://sailing.org/regatta/kieler-woche?ref=GER202506ET2,37,GBR,Great Britain,Sam Jones / Tristan Ahlheid,GBRTA40 / GBRSJ35,GBR 102,37,37,5,21,22,15,9,(26),30,7,-,-,-,-,-
Kieler Woche,49er Men,Kieler Woche,GER202506ET2,2026-06-20,2026-06-28,"Kiel-Schilksee, Germany",https://sailing.org/regatta/kieler-woche?ref=GER202506ET2,38,ITA,Italy,Jan Pernarcic / Bruno Festo,ITAJP14 / ITABF20,ITA 311,38,38,10,24,12,(29),11,10,25,13,-,-,-,-,-
Kieler Woche,49er Men,Kieler Woche,GER202506ET2,2026-06-20,2026-06-28,"Kiel-Schilksee, Germany",https://sailing.org/regatta/kieler-woche?ref=GER202506ET2,39,BEL,Belgium,Yannick Lefebvre / Jules Cock,BELYL5 / BELJC10,BEL 24,39,39,11 STP,8,14,5,(21),20,19,20,-,-,-,-,-
Kieler Woche,49er Men,Kieler Woche,GER202506ET2,2026-06-20,2026-06-28,"Kiel-Schilksee, Germany",https://sailing.org/regatta/kieler-woche?ref=GER202506ET2,40,GER,Germany,Kjell Haschen / Iven Fromm,GERIF2 / GERKH47,GER 182,41,41,3,16,20,(23),5,7,14,27,-,-,-,-,-
Kieler Woche,49er Men,Kieler Woche,GER202506ET2,2026-06-20,2026-06-28,"Kiel-Schilksee, Germany",https://sailing.org/regatta/kieler-woche?ref=GER202506ET2,41,HKG,"Hong Kong, China",Akira Luke Sakai / Russell Williams Aylsworth,HKGRA4 / HKGAS4,HKG 80,41,41,13,12,8,9,(24),4,10,31,-,-,-,-,-
Kieler Woche,49er Men,Kieler Woche,GER202506ET2,2026-06-20,2026-06-28,"Kiel-Schilksee, Germany",https://sailing.org/regatta/kieler-woche?ref=GER202506ET2,42,USA,United States of America,Liam Walz / Abie Griggs,USALW54 / USAAG67,USA 366,43,43,20,(25),12,1,8,5,8,35,-,-,-,-,-
Kieler Woche,49er Men,Kieler Woche,GER202506ET2,2026-06-20,2026-06-28,"Kiel-Schilksee, Germany",https://sailing.org/regatta/kieler-woche?ref=GER202506ET2,43,IRL,Ireland,Ben O' Shaughnessy / Ethan Spain,IRLBO50 / IRLES13,IRL 168,44,44,15,14,18,2,21,(26),27,17,-,-,-,-,-
Kieler Woche,49er Men,Kieler Woche,GER202506ET2,2026-06-20,2026-06-28,"Kiel-Schilksee, Germany",https://sailing.org/regatta/kieler-woche?ref=GER202506ET2,44,GBR,Great Britain,William Pank / Thommie Grit,NEDTG6 / GBRWP13,GBR 999,44,44,(22),18,8,5,9,17,18,26,-,-,-,-,-
Kieler Woche,49er Men,Kieler Woche,GER202506ET2,2026-06-20,2026-06-28,"Kiel-Schilksee, Germany",https://sailing.org/regatta/kieler-woche?ref=GER202506ET2,45,DEN,Denmark,Loke Kise / Alfred Dixen,DENAD5 / DENLK10,DEN 320,44,44,9,16,3,16,(18) STP,6,12,32,-,-,-,-,-
Kieler Woche,49er Men,Kieler Woche,GER202506ET2,2026-06-20,2026-06-28,"Kiel-Schilksee, Germany",https://sailing.org/regatta/kieler-woche?ref=GER202506ET2,46,FRA,France,Hugo REVIL / Karl DEVAUX,FRAHR19 / FRAKD5,FRA 520,46,46,(22),15,19,13,11,16,31,15,-,-,-,-,-
Kieler Woche,49er Men,Kieler Woche,GER202506ET2,2026-06-20,2026-06-28,"Kiel-Schilksee, Germany",https://sailing.org/regatta/kieler-woche?ref=GER202506ET2,47,NED,Netherlands,Robbert Huisman / Jorn Swart,NEDRH30 / NEDJS43,NED 987,51,51,4,18,15,(24),19,7,22,29,-,-,-,-,-
Kieler Woche,49er Men,Kieler Woche,GER202506ET2,2026-06-20,2026-06-28,"Kiel-Schilksee, Germany",https://sailing.org/regatta/kieler-woche?ref=GER202506ET2,48,GER,Germany,Franz Ferdinant Krause / Lars Rackow,GERLR41 / GERFK40,GER 843,52,52,9 STP,22,17,22,7,(25),34,18,-,-,-,-,-
Kieler Woche,49er Men,Kieler Woche,GER202506ET2,2026-06-20,2026-06-28,"Kiel-Schilksee, Germany",https://sailing.org/regatta/kieler-woche?ref=GER202506ET2,49,GBR,Great Britain,Elliott Wells / Freddie Lonsdale,GBRFL15 / GBREW28,GBR 20,54,54,7,19,(26),21,4,24,33,21,-,-,-,-,-
Kieler Woche,49er Men,Kieler Woche,GER202506ET2,2026-06-20,2026-06-28,"Kiel-Schilksee, Germany",https://sailing.org/regatta/kieler-woche?ref=GER202506ET2,50,USA,United States of America,Logan mraz / Steven Hardee,USASH136 / USALM113,USA 917,54,54,13,10,11,15,(18),10,20,34,-,-,-,-,-
Kieler Woche,49er Men,Kieler Woche,GER202506ET2,2026-06-20,2026-06-28,"Kiel-Schilksee, Germany",https://sailing.org/regatta/kieler-woche?ref=GER202506ET2,51,GER,Germany,Jesper Bahr / Joseph Dissen,GERJD45 / GERJB105,GER 187,56,56,25,9,2,22,17,(27),32,24,-,-,-,-,-
Kieler Woche,49er Men,Kieler Woche,GER202506ET2,2026-06-20,2026-06-28,"Kiel-Schilksee, Germany",https://sailing.org/regatta/kieler-woche?ref=GER202506ET2,52,DEN,Denmark,Casper Fink / Frederik Bløcher,DENCF10 / DENFB6,DEN 708,56,56,15,20,(25),17,15,2,26,30,-,-,-,-,-
Kieler Woche,49er Men,Kieler Woche,GER202506ET2,2026-06-20,2026-06-28,"Kiel-Schilksee, Germany",https://sailing.org/regatta/kieler-woche?ref=GER202506ET2,53,IND,India,Prince Noble / Manu Kuringal,INDPK9 / INDMK5,IND 301,57,57,20 STP,21,16,5,(26),9,29,28,-,-,-,-,-
Kieler Woche,49er Men,Kieler Woche,GER202506ET2,2026-06-20,2026-06-28,"Kiel-Schilksee, Germany",https://sailing.org/regatta/kieler-woche?ref=GER202506ET2,54,GBR,Great Britain,Finley Armstrong / Richie Thurlby,GBRRT66 / GBRFA6,GBR 590,57,57,17,5,12,16,14,(18),24,33,-,-,-,-,-
Kieler Woche,49er Men,Kieler Woche,GER202506ET2,2026-06-20,2026-06-28,"Kiel-Schilksee, Germany",https://sailing.org/regatta/kieler-woche?ref=GER202506ET2,55,KOR,Republic of Korea,Bongjin Chae / SANGMIN SHIN,KORBC1 / KORSS6,KOR 200,58,58,18,7,(26),19,19,14,35,23,-,-,-,-,-
Kieler Woche,49er Men,Kieler Woche,GER202506ET2,2026-06-20,2026-06-28,"Kiel-Schilksee, Germany",https://sailing.org/regatta/kieler-woche?ref=GER202506ET2,56,AUS,Australia,Spencer McKay / Benedict McKay,AUSSM65 / AUSBM46,AUS 140,1,1,19,5,15,19,(27),21,1,-,-,-,-,-,-
Kieler Woche,49er Men,Kieler Woche,GER202506ET2,2026-06-20,2026-06-28,"Kiel-Schilksee, Germany",https://sailing.org/regatta/kieler-woche?ref=GER202506ET2,57,NED,Netherlands,Zeb van Dorst / Lars  Ganzevles,NEDLG9 / NEDZV1,NED 869,2,2,19,17,20,17,(22),9,2,-,-,-,-,-,-
Kieler Woche,49er Men,Kieler Woche,GER202506ET2,2026-06-20,2026-06-28,"Kiel-Schilksee, Germany",https://sailing.org/regatta/kieler-woche?ref=GER202506ET2,58,GER,Germany,Johannes Schonefeld / Tom Ismar,GERJS205 / GERTI4,GER 111,3,3,22,20,(23),14,20,8,3,-,-,-,-,-,-
Kieler Woche,49er Men,Kieler Woche,GER202506ET2,2026-06-20,2026-06-28,"Kiel-Schilksee, Germany",https://sailing.org/regatta/kieler-woche?ref=GER202506ET2,59,CZE,Czechia,Lukáš Kraus / Ondrej Baštár,CZEOB2 / CZELK7,CZE 817,4,4,21,12,18,11,22,(25),4,-,-,-,-,-,-
Kieler Woche,49er Men,Kieler Woche,GER202506ET2,2026-06-20,2026-06-28,"Kiel-Schilksee, Germany",https://sailing.org/regatta/kieler-woche?ref=GER202506ET2,60,NED,Netherlands,Tjed Wildeboer / Lotte van Aller,NEDTW17 / NEDLV42,NED 666,5,5,9,26,8,20,23,(29),5,-,-,-,-,-,-
Kieler Woche,49er Men,Kieler Woche,GER202506ET2,2026-06-20,2026-06-28,"Kiel-Schilksee, Germany",https://sailing.org/regatta/kieler-woche?ref=GER202506ET2,61,DEN,Denmark,Carl Emil Sloth / Nikolaj Hoffmann Buhl,DENCS21 / DENNH5,DEN 515,6,6,5,22,21,(24),19,21,6,-,-,-,-,-,-
Kieler Woche,49er Men,Kieler Woche,GER202506ET2,2026-06-20,2026-06-28,"Kiel-Schilksee, Germany",https://sailing.org/regatta/kieler-woche?ref=GER202506ET2,62,GER,Germany,Constantin Streicher / Cornelius Streicher,GERCS97 / GERCS116,GER 242,7,7,23,17,23,10,15,(24),7,-,-,-,-,-,-
Kieler Woche,49er Men,Kieler Woche,GER202506ET2,2026-06-20,2026-06-28,"Kiel-Schilksee, Germany",https://sailing.org/regatta/kieler-woche?ref=GER202506ET2,63,CAN,Canada,Thomas Staples / William Staples,CANWS4 / CANTS30,CAN 428,8,8,17,11,(24),22,18,22,8,-,-,-,-,-,-
Kieler Woche,49er Men,Kieler Woche,GER202506ET2,2026-06-20,2026-06-28,"Kiel-Schilksee, Germany",https://sailing.org/regatta/kieler-woche?ref=GER202506ET2,64,FRA,France,Keo Devaux / Youenn Bertin,FRAYB10 / FRAKD9,FRA 270,9,9,21,(23),21,12,21,15,9,-,-,-,-,-,-
Kieler Woche,49er Men,Kieler Woche,GER202506ET2,2026-06-20,2026-06-28,"Kiel-Schilksee, Germany",https://sailing.org/regatta/kieler-woche?ref=GER202506ET2,65,SUI,Switzerland,Theo Elbel / Itay Geller,SUITE5 / SUIIG6,SUI 490,10,10,24,28,19,(30),15,7,10,-,-,-,-,-,-
Kieler Woche,49er Men,Kieler Woche,GER202506ET2,2026-06-20,2026-06-28,"Kiel-Schilksee, Germany",https://sailing.org/regatta/kieler-woche?ref=GER202506ET2,66,DEN,Denmark,Simon Christoffersen / Carl Laurits Schouw Nielsen,DENSC11 / DENCS23,DEN 266,11,11,11,22,22,(27),25,13,11,-,-,-,-,-,-
Kieler Woche,49er Men,Kieler Woche,GER202506ET2,2026-06-20,2026-06-28,"Kiel-Schilksee, Germany",https://sailing.org/regatta/kieler-woche?ref=GER202506ET2,67,GBR,Great Britain,Charlie Gran / Ewan Gribbin,GBREG16 / GBRCG59,GBR 145,12,12,(27),15,27,21,13,17,12,-,-,-,-,-,-
Kieler Woche,49er Men,Kieler Woche,GER202506ET2,2026-06-20,2026-06-28,"Kiel-Schilksee, Germany",https://sailing.org/regatta/kieler-woche?ref=GER202506ET2,68,SWE,Sweden,Jonathan Llado Krensler / Johan Bengtsson,SWEJL42 / SWEJB37,SWE 220,13,13,24,13,16,(25),22,19,13,-,-,-,-,-,-
Kieler Woche,49er Men,Kieler Woche,GER202506ET2,2026-06-20,2026-06-28,"Kiel-Schilksee, Germany",https://sailing.org/regatta/kieler-woche?ref=GER202506ET2,69,NED,Netherlands,Lenny Hofman,NEDLH9,NED 380,14,14,18,14,6,26,(31) DNC,31 DNC,14,-,-,-,-,-,-
Kieler Woche,49er Men,Kieler Woche,GER202506ET2,2026-06-20,2026-06-28,"Kiel-Schilksee, Germany",https://sailing.org/regatta/kieler-woche?ref=GER202506ET2,70,SWE,Sweden,Jacob Brännström / Lukas Wolfgang,SWEJB44 / SWELW14,SWE 317,15,15,26,24,21,12,(28),13,15,-,-,-,-,-,-
Kieler Woche,49er Men,Kieler Woche,GER202506ET2,2026-06-20,2026-06-28,"Kiel-Schilksee, Germany",https://sailing.org/regatta/kieler-woche?ref=GER202506ET2,71,ITA,Italy,Alessio Bonizzoni / Walter  Bonizzoni,ITAWB2 / ITAAB292,ITA 434,16,16,(31) RET,25,27,20,12,13,16,-,-,-,-,-,-
Kieler Woche,49er Men,Kieler Woche,GER202506ET2,2026-06-20,2026-06-28,"Kiel-Schilksee, Germany",https://sailing.org/regatta/kieler-woche?ref=GER202506ET2,72,JPN,Japan,Teruaki Shimakura / Shintaro Kamisonoda,JPNTS27 / JPNSK40,JPN 310,17,17,24,24,23,8,20,(26),17,-,-,-,-,-,-
Kieler Woche,49er Men,Kieler Woche,GER202506ET2,2026-06-20,2026-06-28,"Kiel-Schilksee, Germany",https://sailing.org/regatta/kieler-woche?ref=GER202506ET2,73,CAN,Canada,Jack Gogan / Hunter Hoy,CANJG40 / CANHH11,CAN 226,18,18,21,(27),19,20,16,23,18,-,-,-,-,-,-
Kieler Woche,49er Men,Kieler Woche,GER202506ET2,2026-06-20,2026-06-28,"Kiel-Schilksee, Germany",https://sailing.org/regatta/kieler-woche?ref=GER202506ET2,74,SWE,Sweden,Victor Isdahl / Albin Seglevi,SWEAS37 / SWEVI1,SWE 707,19,19,25,23,11,18,23,(31) DSQ,19,-,-,-,-,-,-
Kieler Woche,49er Men,Kieler Woche,GER202506ET2,2026-06-20,2026-06-28,"Kiel-Schilksee, Germany",https://sailing.org/regatta/kieler-woche?ref=GER202506ET2,75,RSA,South Africa,Sean Kavanagh / Max Celliers,RSASK3 / RSAMC8,RSA 250,20,20,(26),21,14,25,20,21,20,-,-,-,-,-,-
Kieler Woche,49er Men,Kieler Woche,GER202506ET2,2026-06-20,2026-06-28,"Kiel-Schilksee, Germany",https://sailing.org/regatta/kieler-woche?ref=GER202506ET2,76,NED,Netherlands,STACH VLEESHOUWERS / Thijs Bijleveld,NEDTB13 / SUISV9,NED 553,21,21,28,19,24,19,(29),12,21,-,-,-,-,-,-
Kieler Woche,49er Men,Kieler Woche,GER202506ET2,2026-06-20,2026-06-28,"Kiel-Schilksee, Germany",https://sailing.org/regatta/kieler-woche?ref=GER202506ET2,77,POL,Poland,Igor Kawa?ko / Wiktor Mielnik,POLIK5 / POLWM9,POL 309,22,22,27,18,9,21,(29),28,22,-,-,-,-,-,-
Kieler Woche,49er Men,Kieler Woche,GER202506ET2,2026-06-20,2026-06-28,"Kiel-Schilksee, Germany",https://sailing.org/regatta/kieler-woche?ref=GER202506ET2,78,AUT,Austria,Keno Pulte / Leo Uebelhör,AUTLU1 / AUTKP7,AUT 224,23,23,23,23,(27),25,14,19,23,-,-,-,-,-,-
Kieler Woche,49er Men,Kieler Woche,GER202506ET2,2026-06-20,2026-06-28,"Kiel-Schilksee, Germany",https://sailing.org/regatta/kieler-woche?ref=GER202506ET2,79,SWE,Sweden,Felix Wichert / Aron Wichert,SWEFW10 / SWEAW14,SWE 254,24,24,23,(28),25,26,23,10,24,-,-,-,-,-,-
Kieler Woche,49er Men,Kieler Woche,GER202506ET2,2026-06-20,2026-06-28,"Kiel-Schilksee, Germany",https://sailing.org/regatta/kieler-woche?ref=GER202506ET2,80,NED,Netherlands,Ole Jägers / Pelle Reijers,NEDOJ2 / NEDPR4,NED 977,25,25,27,26,(29),23,14,22,25,-,-,-,-,-,-
Kieler Woche,49er Men,Kieler Woche,GER202506ET2,2026-06-20,2026-06-28,"Kiel-Schilksee, Germany",https://sailing.org/regatta/kieler-woche?ref=GER202506ET2,81,POL,Poland,Krzysztof Królik / Krzysztof Ołowiak,POLKO10 / POLKK41,POL 702,26,26,20,27,(30),28,17,20,26,-,-,-,-,-,-
Kieler Woche,49er Men,Kieler Woche,GER202506ET2,2026-06-20,2026-06-28,"Kiel-Schilksee, Germany",https://sailing.org/regatta/kieler-woche?ref=GER202506ET2,82,GBR,Great Britain,Jake Rawes / Charlie Hopkinson,GBRJR137 / GBRCH113,GBR 569,27,27,12 STP,27,(29),27,26,27,27,-,-,-,-,-,-
Kieler Woche,49er Men,Kieler Woche,GER202506ET2,2026-06-20,2026-06-28,"Kiel-Schilksee, Germany",https://sailing.org/regatta/kieler-woche?ref=GER202506ET2,83,ITA,Italy,Tommaso Battaglia / Enea Luatti,ITATB23 / ITAEL40,ITA 209,28,28,(31) DNF,30,25,24,24,17,28,-,-,-,-,-,-
Kieler Woche,49er Men,Kieler Woche,GER202506ET2,2026-06-20,2026-06-28,"Kiel-Schilksee, Germany",https://sailing.org/regatta/kieler-woche?ref=GER202506ET2,84,GBR,Great Britain,Peter Cope,GBRPC116,GBR 469,29,29,(29) STP,26,28,27,25,15,29,-,-,-,-,-,-
Kieler Woche,49er Men,Kieler Woche,GER202506ET2,2026-06-20,2026-06-28,"Kiel-Schilksee, Germany",https://sailing.org/regatta/kieler-woche?ref=GER202506ET2,85,ITA,Italy,Alessandro Mare / Matteo Maione,ITAAM207 / ITAMM396,ITA 767,30,30,26,25,26,(28),24,27,30,-,-,-,-,-,-
Kieler Woche,49er Men,Kieler Woche,GER202506ET2,2026-06-20,2026-06-28,"Kiel-Schilksee, Germany",https://sailing.org/regatta/kieler-woche?ref=GER202506ET2,86,KOR,Republic of Korea,Sunjin An / Yeongwoo Kim,KORSA1 / KORYK14,KOR 117,31,31,25,(29),28,26,28,22,31,-,-,-,-,-,-
Kieler Woche,49er Men,Kieler Woche,GER202506ET2,2026-06-20,2026-06-28,"Kiel-Schilksee, Germany",https://sailing.org/regatta/kieler-woche?ref=GER202506ET2,87,AUT,Austria,Ferdinand Steffan / Jonah Maier,AUTFS12 / AUTJM7,AUT 247,32,32,(29),28,28,29,28,19,32,-,-,-,-,-,-
Kieler Woche,49er Men,Kieler Woche,GER202506ET2,2026-06-20,2026-06-28,"Kiel-Schilksee, Germany",https://sailing.org/regatta/kieler-woche?ref=GER202506ET2,88,SVK,Slovak Republik,Alex Brestovský / Ladislav Stolarik,SVKAB2 / SVKLS3,SVK 482,33,33,(29),29,29,28,29,28,33,-,-,-,-,-,-
Kieler Woche,49er Men,Kieler Woche,GER202506ET2,2026-06-20,2026-06-28,"Kiel-Schilksee, Germany",https://sailing.org/regatta/kieler-woche?ref=GER202506ET2,89,DEN,Denmark,Malthe  Rasmussen / Jonas Laursen,DENMR23 / DENJL27,DEN 787,34,34,30,29,30,(31) STP,30,30,34,-,-,-,-,-,-
Kieler Woche,49er Men,Kieler Woche,GER202506ET2,2026-06-20,2026-06-28,"Kiel-Schilksee, Germany",https://sailing.org/regatta/kieler-woche?ref=GER202506ET2,90,SUI,Switzerland,Nicolas Ziegert / Théo Ziegert,SUITZ4 / SUINZ4,SUI 286,35,35,(31) DNF,31 DNF,30,30 STP,30,30,35,-,-,-,-,-,-
