event_label,regatta_name,world_sailing_id,start_date,end_date,venue,source_url,rank,country,country_name,crew,world_sailing_ids,sail_number,total_points,net_points,Q1 ,Q2 ,Q3 ,Q4 ,Q5 ,Q6 ,F1 Gold,F2 Silver,F3 Gold,F4 Gold,F5 Gold,F6 Gold,F7 Silver,MR Medal
49er Men,"Nacra 17, 49er and 49erFX European Championships",FRA202405EHS,2025-06-03,2025-06-08,"Thessaloniki, Greece",https://sailing.org/regatta/nacra-17-49er-and-49erfx-european-championships?ref=FRA202405EHS,1,NZL,New Zealand,Seb Menzies / George Rush,NZLSM29 / NZLGR9,NZL 250,56,41,(15),7,5,2,3,1,1,5,3,1,4,1,-,4
49er Men,"Nacra 17, 49er and 49erFX European Championships",FRA202405EHS,2025-06-03,2025-06-08,"Thessaloniki, Greece",https://sailing.org/regatta/nacra-17-49er-and-49erfx-european-championships?ref=FRA202405EHS,2,USA,United States of America,Nevin Snow / Ian Macdiarmid,USANS20 / USAIM9,USA 31,121,95,1,11,8,6,7,21,(26) BFD,16,2,6,7,4,-,3
49er Men,"Nacra 17, 49er and 49erFX European Championships",FRA202405EHS,2025-06-03,2025-06-08,"Thessaloniki, Greece",https://sailing.org/regatta/nacra-17-49er-and-49erfx-european-championships?ref=FRA202405EHS,3,URU,Uruguay,Hernan Umpierre / Fernando Diz,URUFD1 / URUHU1,URU 14,125,97,12,4,2,(28) BFD,2,5,26 BFD,1,1,12,2,12,-,9
49er Men,"Nacra 17, 49er and 49erFX European Championships",FRA202405EHS,2025-06-03,2025-06-08,"Thessaloniki, Greece",https://sailing.org/regatta/nacra-17-49er-and-49erfx-european-championships?ref=FRA202405EHS,4,ESP,Spain,Martin Wizner / Jaime Wizner Perez-la Fuente,ESPMW3 / ESPJW01,ESP 775,124,98,8,6,15,1,14,7,(26) BFD,6,4,19,1,3,-,7
49er Men,"Nacra 17, 49er and 49erFX European Championships",FRA202405EHS,2025-06-03,2025-06-08,"Thessaloniki, Greece",https://sailing.org/regatta/nacra-17-49er-and-49erfx-european-championships?ref=FRA202405EHS,5,GBR,Great Britain,William Pank / Thommie Grit,GBRWP13 / NEDTG6,GBR 999,127,101,19,2,13,4,16,3,9,3,11,2,17,(26) BFD,-,1
49er Men,"Nacra 17, 49er and 49erFX European Championships",FRA202405EHS,2025-06-03,2025-06-08,"Thessaloniki, Greece",https://sailing.org/regatta/nacra-17-49er-and-49erfx-european-championships?ref=FRA202405EHS,6,USA,United States of America,Andrew Mollerus / Trevor Bornarth,USATB148 / USAAM84,USA 43,132,107,18,3,4,9,8,6,7,(25),12,16,9,5,-,5
49er Men,"Nacra 17, 49er and 49erFX European Championships",FRA202405EHS,2025-06-03,2025-06-08,"Thessaloniki, Greece",https://sailing.org/regatta/nacra-17-49er-and-49erfx-european-championships?ref=FRA202405EHS,7,ISR,Israel,Tal Sade / Maor Abu,ISRTS4 / ISRMA6,ISR 272,135,109,1,16,19,12,1,18,(26) BFD,4,6,7,11,2,-,6
49er Men,"Nacra 17, 49er and 49erFX European Championships",FRA202405EHS,2025-06-03,2025-06-08,"Thessaloniki, Greece",https://sailing.org/regatta/nacra-17-49er-and-49erfx-european-championships?ref=FRA202405EHS,8,AUT,Austria,Keanu Prettner / Jakob Flachberger,AUTJF8 / AUTKP5,AUT 28,139,115,2,5,4,(24),17,11,5,23,9,10,19,6,-,2
49er Men,"Nacra 17, 49er and 49erFX European Championships",FRA202405EHS,2025-06-03,2025-06-08,"Thessaloniki, Greece",https://sailing.org/regatta/nacra-17-49er-and-49erfx-european-championships?ref=FRA202405EHS,9,IRL,Ireland,Robert Dickson / Sean Waddilove,IRLRD19 / IRLSW17,IRL 99,150,124,6,14,2,3,20,6,(26) BFD,20,8,4,5,20,-,8
49er Men,"Nacra 17, 49er and 49erFX European Championships",FRA202405EHS,2025-06-03,2025-06-08,"Thessaloniki, Greece",https://sailing.org/regatta/nacra-17-49er-and-49erfx-european-championships?ref=FRA202405EHS,10,ISR,Israel,Illy Wureit / Yuval Barnoon,ISRIW2 / ISRYB11,ISR 125,152,126,13,8,3,4,(26),5,11,7,5,14,26 BFD,10,-,10
49er Men,"Nacra 17, 49er and 49erFX European Championships",FRA202405EHS,2025-06-03,2025-06-08,"Thessaloniki, Greece",https://sailing.org/regatta/nacra-17-49er-and-49erfx-european-championships?ref=FRA202405EHS,11,DEN,Denmark,Frederik Rask / Jakob Precht Jensen,DENFR5 / DENJP11,DEN 66,140,114,3,7,13,3,10,2,2,19,19,18,18,(26) BFD,-,-
49er Men,"Nacra 17, 49er and 49erFX European Championships",FRA202405EHS,2025-06-03,2025-06-08,"Thessaloniki, Greece",https://sailing.org/regatta/nacra-17-49er-and-49erfx-european-championships?ref=FRA202405EHS,12,FRA,France,Lucas Rual,FRALR14,FRA 95,143,115,(28) BFD,9,1,13,11,17,3,2,16,5,12,26 BFD,-,-
49er Men,"Nacra 17, 49er and 49erFX European Championships",FRA202405EHS,2025-06-03,2025-06-08,"Thessaloniki, Greece",https://sailing.org/regatta/nacra-17-49er-and-49erfx-european-championships?ref=FRA202405EHS,13,NZL,New Zealand,Sam Bacon / Blake McGlashan,NZLBM13 / NZLSB26,NZL 900,142,116,17,1,6,10,9,8,(26) BFD,8,13,11,15,18,-,-
49er Men,"Nacra 17, 49er and 49erFX European Championships",FRA202405EHS,2025-06-03,2025-06-08,"Thessaloniki, Greece",https://sailing.org/regatta/nacra-17-49er-and-49erfx-european-championships?ref=FRA202405EHS,14,GER,Germany,Moritz Dorau / Riko Rockenbauch,GERMD28 / GERRR26,GER 875,143,121,6,(22),5,12,11,9,6,11,17,20,10,14,-,-
49er Men,"Nacra 17, 49er and 49erFX European Championships",FRA202405EHS,2025-06-03,2025-06-08,"Thessaloniki, Greece",https://sailing.org/regatta/nacra-17-49er-and-49erfx-european-championships?ref=FRA202405EHS,15,ITA,Italy,Lorenzo Pezzilli / Tobia Torroni,ITATT17 / ITALP103,ITA 755,149,123,17,14,8,11,1,14,(26) BFD,9,20,17,3,9,-,-
49er Men,"Nacra 17, 49er and 49erFX European Championships",FRA202405EHS,2025-06-03,2025-06-08,"Thessaloniki, Greece",https://sailing.org/regatta/nacra-17-49er-and-49erfx-european-championships?ref=FRA202405EHS,16,FRA,France,Kevin Fischer / Clement Pequin,FRACP31 / FRAKF4,FRA 1,151,125,14,13,9,21,3,12,(26) BFD,14,10,8,6,15,-,-
49er Men,"Nacra 17, 49er and 49erFX European Championships",FRA202405EHS,2025-06-03,2025-06-08,"Thessaloniki, Greece",https://sailing.org/regatta/nacra-17-49er-and-49erfx-european-championships?ref=FRA202405EHS,17,NED,Netherlands,Zeb van Dorst / Michiel Dam,NEDZV1 / NEDMD45,NED 264,148,128,4,12,17,(20),6,10,12,15,7,13,13,19,-,-
49er Men,"Nacra 17, 49er and 49erFX European Championships",FRA202405EHS,2025-06-03,2025-06-08,"Thessaloniki, Greece",https://sailing.org/regatta/nacra-17-49er-and-49erfx-european-championships?ref=FRA202405EHS,18,AUS,Australia,Otto Henry / Shaun Connor,AUSOH3 / AUSSC40,AUS 47,156,130,5,18,10,9,7,2,10,18,21,22,8,(26) BFD,-,-
49er Men,"Nacra 17, 49er and 49erFX European Championships",FRA202405EHS,2025-06-03,2025-06-08,"Thessaloniki, Greece",https://sailing.org/regatta/nacra-17-49er-and-49erfx-european-championships?ref=FRA202405EHS,19,NED,Netherlands,Robbert Huisman / Floris van de Werken,NEDFV23 / NEDRH30,NED 987,162,134,21,4,7,8,5,(28) BFD,4,24,22,9,14,16,-,-
49er Men,"Nacra 17, 49er and 49erFX European Championships",FRA202405EHS,2025-06-03,2025-06-08,"Thessaloniki, Greece",https://sailing.org/regatta/nacra-17-49er-and-49erfx-european-championships?ref=FRA202405EHS,20,AUS,Australia,Harrison Price / Max Paul,AUSHP2 / AUSMP41,AUS 25,162,136,16,6,1,7,22,11,(26) BFD,13,18,3,26 BFD,13,-,-
49er Men,"Nacra 17, 49er and 49erFX European Championships",FRA202405EHS,2025-06-03,2025-06-08,"Thessaloniki, Greece",https://sailing.org/regatta/nacra-17-49er-and-49erfx-european-championships?ref=FRA202405EHS,21,KOR,Republic of Korea,Kyoungduk Kim / Sangwoo Bae,KORKK8 / KORSB1,KOR 202,167,141,10,15,11,5,12,8,(26) BFD,21,15,15,21,8,-,-
49er Men,"Nacra 17, 49er and 49erFX European Championships",FRA202405EHS,2025-06-03,2025-06-08,"Thessaloniki, Greece",https://sailing.org/regatta/nacra-17-49er-and-49erfx-european-championships?ref=FRA202405EHS,22,ESP,Spain,Conrad Konitzer / antonio torrado martinez,CANCK14 / ESPAT19,ESP 707,178,152,22,13,3,14,16,3,(26) BFD,10,25,23,16,7,-,-
49er Men,"Nacra 17, 49er and 49erFX European Championships",FRA202405EHS,2025-06-03,2025-06-08,"Thessaloniki, Greece",https://sailing.org/regatta/nacra-17-49er-and-49erfx-european-championships?ref=FRA202405EHS,23,ARG,Argentina,Maximo Videla / Tadeo Funes de Rioja,ARGMV11 / ARGTF2,ARG 275,186,160,7,11,16,18,20,1,8,22,14,(26) UFD,26 DNF,17,-,-
49er Men,"Nacra 17, 49er and 49erFX European Championships",FRA202405EHS,2025-06-03,2025-06-08,"Thessaloniki, Greece",https://sailing.org/regatta/nacra-17-49er-and-49erfx-european-championships?ref=FRA202405EHS,24,GBR,Great Britain,Arran Holman / Freddie Lonsdale,GBRFL15 / GBRAH114,GBR 102,199,173,5,19,14,15,15,4,(26) BFD,12,24,24,20,21,-,-
49er Men,"Nacra 17, 49er and 49erFX European Championships",FRA202405EHS,2025-06-03,2025-06-08,"Thessaloniki, Greece",https://sailing.org/regatta/nacra-17-49er-and-49erfx-european-championships?ref=FRA202405EHS,25,POL,Poland,Mikolaj Staniul / Jakub Sztorch,POLJS41 / POLMS47,POL 64,204,178,4,2,15,22,21,16,(26) BFD,17,23,21,26 DSQ,11,-,-
49er Men,"Nacra 17, 49er and 49erFX European Championships",FRA202405EHS,2025-06-03,2025-06-08,"Thessaloniki, Greece",https://sailing.org/regatta/nacra-17-49er-and-49erfx-european-championships?ref=FRA202405EHS,26,GER,Germany,Valentin Müller / Moritz Fiebig,GERVM7 / GERMF48,GER 718,162,132,10,3,20,17,13,19,12,6,(30) BFD,8,4,10,10,-
49er Men,"Nacra 17, 49er and 49erFX European Championships",FRA202405EHS,2025-06-03,2025-06-08,"Thessaloniki, Greece",https://sailing.org/regatta/nacra-17-49er-and-49erfx-european-championships?ref=FRA202405EHS,27,NZL,New Zealand,Mattias Coutts / Oscar Gunn,NZLMC20 / NZLOG2,NZL 45,165,135,11,19,21,23,10,12,3,12,2,5,(30) BFD,3,14,-
49er Men,"Nacra 17, 49er and 49erFX European Championships",FRA202405EHS,2025-06-03,2025-06-08,"Thessaloniki, Greece",https://sailing.org/regatta/nacra-17-49er-and-49erfx-european-championships?ref=FRA202405EHS,28,FRA,France,Théo Revil / Gaultier Tallieu,FRAGT18 / FRATR32,FRA 441,163,138,20,10,10,21,(25),9,13,20,1,4,14,8,8,-
49er Men,"Nacra 17, 49er and 49erFX European Championships",FRA202405EHS,2025-06-03,2025-06-08,"Thessaloniki, Greece",https://sailing.org/regatta/nacra-17-49er-and-49erfx-european-championships?ref=FRA202405EHS,29,ITA,Italy,Zeno Valerio Marchesini / Leonardo Chiste',ITAZM3 / ITALC106,ITA 23,172,142,14,17,21,11,8,10,(30) BFD,8,14,1,30 BFD,4,4,-
49er Men,"Nacra 17, 49er and 49erFX European Championships",FRA202405EHS,2025-06-03,2025-06-08,"Thessaloniki, Greece",https://sailing.org/regatta/nacra-17-49er-and-49erfx-european-championships?ref=FRA202405EHS,30,SUI,Switzerland,Joshua Richner / Nilo Scharer,SUINS10 / SUIJR14,SUI 133,171,143,(28) UFD,12,25,15,15,21,2,1,9,9,3,7,24,-
49er Men,"Nacra 17, 49er and 49erFX European Championships",FRA202405EHS,2025-06-03,2025-06-08,"Thessaloniki, Greece",https://sailing.org/regatta/nacra-17-49er-and-49erfx-european-championships?ref=FRA202405EHS,31,HKG,"Hong Kong, China",Casey Law / Corne Janssen,HKGCL11 / NEDCJ10,HKG 880,171,143,13,26,9,22,(28) UFD,17,6,4,7,7,19,2,11,-
49er Men,"Nacra 17, 49er and 49erFX European Championships",FRA202405EHS,2025-06-03,2025-06-08,"Thessaloniki, Greece",https://sailing.org/regatta/nacra-17-49er-and-49erfx-european-championships?ref=FRA202405EHS,32,AUS,Australia,Jack Ferguson / Jack Hildebrand,AUSJF32 / AUSJH82,AUS 61,180,156,21,(24),6,18,18,13,19,10,11,3,9,22,6,-
49er Men,"Nacra 17, 49er and 49erFX European Championships",FRA202405EHS,2025-06-03,2025-06-08,"Thessaloniki, Greece",https://sailing.org/regatta/nacra-17-49er-and-49erfx-european-championships?ref=FRA202405EHS,33,FRA,France,GOULON Corentin / TIMOTHEE DEPERY,FRAGC64 / FRATD23,FRA 498,180,156,2,17,14,13,(24),15,14,11,5,18,15,9,23,-
49er Men,"Nacra 17, 49er and 49erFX European Championships",FRA202405EHS,2025-06-03,2025-06-08,"Thessaloniki, Greece",https://sailing.org/regatta/nacra-17-49er-and-49erfx-european-championships?ref=FRA202405EHS,34,ESP,Spain,Pol Marsans Balcells / Alex Marsans,ESPPM34 / ESPAM109,ESP 424,186,159,19,(27),18,17,4,19,20,3,3,12,16,21,7,-
49er Men,"Nacra 17, 49er and 49erFX European Championships",FRA202405EHS,2025-06-03,2025-06-08,"Thessaloniki, Greece",https://sailing.org/regatta/nacra-17-49er-and-49erfx-european-championships?ref=FRA202405EHS,35,POL,Poland,Tytus Butowski / Borys Podumis,POLBP10 / POLTB5,POL 702,191,161,15,8,11,5,27,22,9,5,(30) BFD,16,12,15,16,-
49er Men,"Nacra 17, 49er and 49erFX European Championships",FRA202405EHS,2025-06-03,2025-06-08,"Thessaloniki, Greece",https://sailing.org/regatta/nacra-17-49er-and-49erfx-european-championships?ref=FRA202405EHS,36,NED,Netherlands,Wiebrand de Vos / Stijn Gast,NEDSG7 / NEDWD21,NED 456,192,162,3,5,25,28 DSQ,2,26,7,13,(30) BFD,6,2,20,25,-
49er Men,"Nacra 17, 49er and 49erFX European Championships",FRA202405EHS,2025-06-03,2025-06-08,"Thessaloniki, Greece",https://sailing.org/regatta/nacra-17-49er-and-49erfx-european-championships?ref=FRA202405EHS,37,NED,Netherlands,Thomas Schouten / Mart Kegel,NEDTS19 / NEDMK32,NED 772,192,169,20,(23),20,8,4,23,11,22,18,11,17,14,1,-
49er Men,"Nacra 17, 49er and 49erFX European Championships",FRA202405EHS,2025-06-03,2025-06-08,"Thessaloniki, Greece",https://sailing.org/regatta/nacra-17-49er-and-49erfx-european-championships?ref=FRA202405EHS,38,HUN,Hungary,Roni Oszkar Szabo,HUNRS9,HUN 373,203,173,8,18,28 DNF,7,22,24,(30) BFD,23,30 BFD,2,7,1,3,-
49er Men,"Nacra 17, 49er and 49erFX European Championships",FRA202405EHS,2025-06-03,2025-06-08,"Thessaloniki, Greece",https://sailing.org/regatta/nacra-17-49er-and-49erfx-european-championships?ref=FRA202405EHS,39,SWE,Sweden,Marius Westerlind / Olle Aronsson,SWEOA5 / SWEMW24,SWE 921,206,176,28 BFD,26,18,19,5,4,4,26,8,(30) BFD,30 BFD,6,2,-
49er Men,"Nacra 17, 49er and 49erFX European Championships",FRA202405EHS,2025-06-03,2025-06-08,"Thessaloniki, Greece",https://sailing.org/regatta/nacra-17-49er-and-49erfx-european-championships?ref=FRA202405EHS,40,FIN,Finland,Aatos Kylävainio / Onni Kylävainio,FINAK18 / FINOK8,FIN 100,208,180,9,27,22,(28) BFD,17,20,1,7,13,21,6,19,18,-
49er Men,"Nacra 17, 49er and 49erFX European Championships",FRA202405EHS,2025-06-03,2025-06-08,"Thessaloniki, Greece",https://sailing.org/regatta/nacra-17-49er-and-49erfx-european-championships?ref=FRA202405EHS,41,HKG,"Hong Kong, China",Akira Luke Sakai / Russell Williams Aylsworth,HKGRA4 / HKGAS4,HKG 80,211,181,18,1,7,28 BFD,14,24,5,27,4,19,(30) BFD,12,22,-
49er Men,"Nacra 17, 49er and 49erFX European Championships",FRA202405EHS,2025-06-03,2025-06-08,"Thessaloniki, Greece",https://sailing.org/regatta/nacra-17-49er-and-49erfx-european-championships?ref=FRA202405EHS,42,CAN,Canada,Thomas Staples / William Staples,CANWS4 / CANTS30,CAN 428,207,182,(25),21,17,25,23,20,10,19,6,20,5,11,5,-
49er Men,"Nacra 17, 49er and 49erFX European Championships",FRA202405EHS,2025-06-03,2025-06-08,"Thessaloniki, Greece",https://sailing.org/regatta/nacra-17-49er-and-49erfx-european-championships?ref=FRA202405EHS,43,ITA,Italy,Jan Pernarcic / Bruno Festo,ITABF20 / ITAJP14,ITA 311,216,186,24,16,12,2,19,13,16,(30) RET,20,13,11,23,17,-
49er Men,"Nacra 17, 49er and 49erFX European Championships",FRA202405EHS,2025-06-03,2025-06-08,"Thessaloniki, Greece",https://sailing.org/regatta/nacra-17-49er-and-49erfx-european-championships?ref=FRA202405EHS,44,AUS,Australia,Jacob Marks / Charles Zeeman,AUSZZ1 / AUSJM104,AUS 901,212,188,23,22,23,1,9,16,(24),17,19,17,8,18,15,-
49er Men,"Nacra 17, 49er and 49erFX European Championships",FRA202405EHS,2025-06-03,2025-06-08,"Thessaloniki, Greece",https://sailing.org/regatta/nacra-17-49er-and-49erfx-european-championships?ref=FRA202405EHS,45,FRA,France,Malo Kennish / Anatole Martin,FRAAM61 / FRAMK7,FRA 445,226,198,22,20,(28) DSQ,19,18,18,22,9,12,15,10,13,20,-
49er Men,"Nacra 17, 49er and 49erFX European Championships",FRA202405EHS,2025-06-03,2025-06-08,"Thessaloniki, Greece",https://sailing.org/regatta/nacra-17-49er-and-49erfx-european-championships?ref=FRA202405EHS,46,ITA,Italy,Seneca Renzo Veronelli / Alessandro  Veronelli,ITAAV107 / ITASV41,ITA 929,229,199,23,15,23,16,23,23,15,2,16,14,(30) DNF,17,12,-
49er Men,"Nacra 17, 49er and 49erFX European Championships",FRA202405EHS,2025-06-03,2025-06-08,"Thessaloniki, Greece",https://sailing.org/regatta/nacra-17-49er-and-49erfx-european-championships?ref=FRA202405EHS,47,CRO,Croatia,Buba Pulek / juraj radačić,CROBP4 / CROJR1,CRO 812,232,202,12,21,19,14,21,26,8,24,23,10,(30) BFD,5,19,-
49er Men,"Nacra 17, 49er and 49erFX European Championships",FRA202405EHS,2025-06-03,2025-06-08,"Thessaloniki, Greece",https://sailing.org/regatta/nacra-17-49er-and-49erfx-european-championships?ref=FRA202405EHS,48,NED,Netherlands,Paul Hameeteman / Pim van Vugt,NEDPV24 / NEDPH13,NED 911,239,212,26,20,22,6,24,(27),21,14,22,22,1,25,9,-
49er Men,"Nacra 17, 49er and 49erFX European Championships",FRA202405EHS,2025-06-03,2025-06-08,"Thessaloniki, Greece",https://sailing.org/regatta/nacra-17-49er-and-49erfx-european-championships?ref=FRA202405EHS,49,NZL,New Zealand,Francesco Kayrouz / Hamish Mclaren,NZLFK1 / NZLHM10,NZL 135,244,214,9,23,12,10,13,25,18,25,21,(30) BFD,13,24,21,-
49er Men,"Nacra 17, 49er and 49erFX European Championships",FRA202405EHS,2025-06-03,2025-06-08,"Thessaloniki, Greece",https://sailing.org/regatta/nacra-17-49er-and-49erfx-european-championships?ref=FRA202405EHS,50,OMA,Oman,Musab Al Hadi / Waleed Al-Kindi,OMAWA1 / OMAMA1,OMA 55,248,218,11,9,24,20,6,15,(30) BFD,16,17,30 BFD,30 BFD,27,13,-
49er Men,"Nacra 17, 49er and 49erFX European Championships",FRA202405EHS,2025-06-03,2025-06-08,"Thessaloniki, Greece",https://sailing.org/regatta/nacra-17-49er-and-49erfx-european-championships?ref=FRA202405EHS,51,KOR,Republic of Korea,Joonoh Jin / Min Gyu Jeong,KORJJ9 / KORMJ2,KOR 477,264,234,16,24,24,23,25,7,17,(30) DSQ,15,23,18,16,26,-
49er Men,"Nacra 17, 49er and 49erFX European Championships",FRA202405EHS,2025-06-03,2025-06-08,"Thessaloniki, Greece",https://sailing.org/regatta/nacra-17-49er-and-49erfx-european-championships?ref=FRA202405EHS,52,POL,Poland,Dominik Buksak,POLDB1,POL 19,291,261,7,10,16,16,19,25,(30) BFD,18,30 DNC,30 DNC,30 DNC,30 DNC,30 DNC,-
49er Men,"Nacra 17, 49er and 49erFX European Championships",FRA202405EHS,2025-06-03,2025-06-08,"Thessaloniki, Greece",https://sailing.org/regatta/nacra-17-49er-and-49erfx-european-championships?ref=FRA202405EHS,53,GBR,Great Britain,Zachary Blomeley / Maxwell Todd,GBRZB3 / GBRMT21,GBR 135,292,262,24,25,26,28 UFD,12,14,25,15,10,(30) BFD,30 BFD,26,27,-
49er Men,"Nacra 17, 49er and 49erFX European Championships",FRA202405EHS,2025-06-03,2025-06-08,"Thessaloniki, Greece",https://sailing.org/regatta/nacra-17-49er-and-49erfx-european-championships?ref=FRA202405EHS,54,GRE,Greece,Evangelos Dolianitis,GREPK15,GRE 314,320,292,25,25,26,(28) BFD,26,22,23,21,24,24,20,28,28,-
