event_label,regatta_name,world_sailing_id,start_date,end_date,venue,source_url,rank,country,country_name,crew,world_sailing_ids,sail_number,total_points,net_points,R1,R2,R3,R4,R5,R6,R7,R8,R9,R10,R11,R12,MR Medal
49erFX Women,"Nacra 17, 49er and 49erFX European Championships",FRA202405EHS,2025-06-03,2025-06-08,"Thessaloniki, Greece",https://sailing.org/regatta/nacra-17-49er-and-49erfx-european-championships?ref=FRA202405EHS,1,CAN,Canada,Georgia Lewin Lafrance / Antonia Lewin Lafrance,CANGL13 / CANAL21,CAN 71,79,64,10,7,5,(15),1,3,14,2,14,4,1,1,1
49erFX Women,"Nacra 17, 49er and 49erFX European Championships",FRA202405EHS,2025-06-03,2025-06-08,"Thessaloniki, Greece",https://sailing.org/regatta/nacra-17-49er-and-49erfx-european-championships?ref=FRA202405EHS,2,GER,Germany,Marla Bergmann / Hanna Wille,GERMB93 / GERHW17,GER 55,105,74,5,(31) BFD,4,3,5,8,1,9,6,21,2,2,4
49erFX Women,"Nacra 17, 49er and 49erFX European Championships",FRA202405EHS,2025-06-03,2025-06-08,"Thessaloniki, Greece",https://sailing.org/regatta/nacra-17-49er-and-49erfx-european-championships?ref=FRA202405EHS,3,POL,Poland,Aleksandra Melzacka / Sandra Jankowiak,POLMM48 / POLSJ2,POL 14,110,85,1,6,2,18,6,(25),5,3,12,3,7,10,6
49erFX Women,"Nacra 17, 49er and 49erFX European Championships",FRA202405EHS,2025-06-03,2025-06-08,"Thessaloniki, Greece",https://sailing.org/regatta/nacra-17-49er-and-49erfx-european-championships?ref=FRA202405EHS,4,BEL,Belgium,Isaura Maenhaut / Anouk Geurts,BELAG7 / BELIM1,BEL 18,133,104,8,13,14,5,4,7,7,(29),11,20,8,3,2
49erFX Women,"Nacra 17, 49er and 49erFX European Championships",FRA202405EHS,2025-06-03,2025-06-08,"Thessaloniki, Greece",https://sailing.org/regatta/nacra-17-49er-and-49erfx-european-championships?ref=FRA202405EHS,5,GER,Germany,Sophie Steinlein / Catherine Bartelheimer,GERCB54 / GERSS70,GER 17,140,113,9,1,13,4,16,5,2,15,9,14,(27),15,5
49erFX Women,"Nacra 17, 49er and 49erFX European Championships",FRA202405EHS,2025-06-03,2025-06-08,"Thessaloniki, Greece",https://sailing.org/regatta/nacra-17-49er-and-49erfx-european-championships?ref=FRA202405EHS,6,FRA,France,Mathilde Lovadina / Lou Berthomieu,FRALB71 / FRAML86,FRA 19,131,113,15,4,15,2,13,12,8,7,5,(18),9,9,7
49erFX Women,"Nacra 17, 49er and 49erFX European Championships",FRA202405EHS,2025-06-03,2025-06-08,"Thessaloniki, Greece",https://sailing.org/regatta/nacra-17-49er-and-49erfx-european-championships?ref=FRA202405EHS,7,GBR,Great Britain,Freya Black / Saskia Tidey,GBRST90 / GBRFB12,GBR 24,146,119,3,14,1,1,(27),4,27,17,10,9,16,11,3
49erFX Women,"Nacra 17, 49er and 49erFX European Championships",FRA202405EHS,2025-06-03,2025-06-08,"Thessaloniki, Greece",https://sailing.org/regatta/nacra-17-49er-and-49erfx-european-championships?ref=FRA202405EHS,8,AUS,Australia,Laura Harding / Annie Wilmot,AUSAW33 / AUSLH17,AUS 5,153,130,(23),11,8,6,15,20,15,10,3,13,5,6,9
49erFX Women,"Nacra 17, 49er and 49erFX European Championships",FRA202405EHS,2025-06-03,2025-06-08,"Thessaloniki, Greece",https://sailing.org/regatta/nacra-17-49er-and-49erfx-european-championships?ref=FRA202405EHS,9,CZE,Czechia,Zofia Burska / Sara Tkadlecova,CZEST3 / CZEZB1,CZE 138,160,133,6,5,9,7,14,10,23,(27),22,8,6,7,8
49erFX Women,"Nacra 17, 49er and 49erFX European Championships",FRA202405EHS,2025-06-03,2025-06-08,"Thessaloniki, Greece",https://sailing.org/regatta/nacra-17-49er-and-49erfx-european-championships?ref=FRA202405EHS,10,GER,Germany,Moja Maru Scheel / Freya Feilcke,GERMS139 / GERFF20,GER 22,161,141,11,15,3,8,(20),14,9,11,7,10,20,13,10
49erFX Women,"Nacra 17, 49er and 49erFX European Championships",FRA202405EHS,2025-06-03,2025-06-08,"Thessaloniki, Greece",https://sailing.org/regatta/nacra-17-49er-and-49erfx-european-championships?ref=FRA202405EHS,11,GBR,Great Britain,Eleanor Keers / Jessica Jobson,GBREK7 / GBRJJ53,GBR 713,139,121,12,17,6,10,7,17,10,(18),4,5,15,18,-
49erFX Women,"Nacra 17, 49er and 49erFX European Championships",FRA202405EHS,2025-06-03,2025-06-08,"Thessaloniki, Greece",https://sailing.org/regatta/nacra-17-49er-and-49erfx-european-championships?ref=FRA202405EHS,12,ESP,Spain,Patricia Suarez / Melania Henke Riera,ESPPS19 / ESPMH6,ESP 21,152,123,21,(29),16,14,10,19,6,6,8,7,12,4,-
49erFX Women,"Nacra 17, 49er and 49erFX European Championships",FRA202405EHS,2025-06-03,2025-06-08,"Thessaloniki, Greece",https://sailing.org/regatta/nacra-17-49er-and-49erfx-european-championships?ref=FRA202405EHS,13,ITA,Italy,Sofia Giunchiglia / Giulia Schio,ITASG57 / ITAGS151,ITA 15,147,127,4,3,17,19,11,6,(20),14,2,19,18,14,-
49erFX Women,"Nacra 17, 49er and 49erFX European Championships",FRA202405EHS,2025-06-03,2025-06-08,"Thessaloniki, Greece",https://sailing.org/regatta/nacra-17-49er-and-49erfx-european-championships?ref=FRA202405EHS,14,GER,Germany,Katharina Schwachhofer / Elena Stoltze,GERES45 / GERKS58,GER 696,156,134,17,(22),11,11,8,21,4,13,21,2,21,5,-
49erFX Women,"Nacra 17, 49er and 49erFX European Championships",FRA202405EHS,2025-06-03,2025-06-08,"Thessaloniki, Greece",https://sailing.org/regatta/nacra-17-49er-and-49erfx-european-championships?ref=FRA202405EHS,15,ITA,Italy,Jana Germani / Bianca Caruso,ITAJG20 / ITABC13,ITA 3,173,144,26,19,10,17,2,(29),17,12,1,6,22,12,-
49erFX Women,"Nacra 17, 49er and 49erFX European Championships",FRA202405EHS,2025-06-03,2025-06-08,"Thessaloniki, Greece",https://sailing.org/regatta/nacra-17-49er-and-49erfx-european-championships?ref=FRA202405EHS,16,NOR,Norway,Pia Dahl Andersen / Nora Edland,NORPA5 / NORNE4,NOR 11,175,144,7,28,19,(31) BFD,3,2,11,5,17,12,14,26,-
49erFX Women,"Nacra 17, 49er and 49erFX European Championships",FRA202405EHS,2025-06-03,2025-06-08,"Thessaloniki, Greece",https://sailing.org/regatta/nacra-17-49er-and-49erfx-european-championships?ref=FRA202405EHS,17,HKG,"Hong Kong, China",Emily Polson / TIffany Mak,AUSEP13 / HKGTM2,HKG 88,168,147,20,8,18,(21),9,9,21,16,15,1,11,19,-
49erFX Women,"Nacra 17, 49er and 49erFX European Championships",FRA202405EHS,2025-06-03,2025-06-08,"Thessaloniki, Greece",https://sailing.org/regatta/nacra-17-49er-and-49erfx-european-championships?ref=FRA202405EHS,18,POL,Poland,Gabriela Czapska / Hanna Rajchert,POLGC2 / POLHR2,POL 74,185,154,16,20,23,(31) BFD,12,11,3,22,25,11,3,8,-
49erFX Women,"Nacra 17, 49er and 49erFX European Championships",FRA202405EHS,2025-06-03,2025-06-08,"Thessaloniki, Greece",https://sailing.org/regatta/nacra-17-49er-and-49erfx-european-championships?ref=FRA202405EHS,19,ESP,Spain,Stella Enriquez / Mar Gil Roig,ESPSE6 / ESPMG88,ESP 313,185,155,2,18,20,12,19,1,18,(30),29,16,4,16,-
49erFX Women,"Nacra 17, 49er and 49erFX European Championships",FRA202405EHS,2025-06-03,2025-06-08,"Thessaloniki, Greece",https://sailing.org/regatta/nacra-17-49er-and-49erfx-european-championships?ref=FRA202405EHS,20,DEN,Denmark,Johanne Schmidt / Andrea Schmidt,DENJS28 / DENAS13,DEN 13,185,161,19,12,7,9,17,(24),12,8,16,23,17,21,-
49erFX Women,"Nacra 17, 49er and 49erFX European Championships",FRA202405EHS,2025-06-03,2025-06-08,"Thessaloniki, Greece",https://sailing.org/regatta/nacra-17-49er-and-49erfx-european-championships?ref=FRA202405EHS,21,USA,United States of America,Paris Henken / Helena Scutt,USAPH79 / USAHS38,USA 49,206,175,30,2,(31) UFD,31 BFD,25,18,13,1,13,15,10,17,-
49erFX Women,"Nacra 17, 49er and 49erFX European Championships",FRA202405EHS,2025-06-03,2025-06-08,"Thessaloniki, Greece",https://sailing.org/regatta/nacra-17-49er-and-49erfx-european-championships?ref=FRA202405EHS,22,NED,Netherlands,Jorien Hin / Rafaela Salles,BRARS57 / NEDJH56,NED 668,227,201,13,10,25,13,21,16,(26),4,24,26,25,24,-
49erFX Women,"Nacra 17, 49er and 49erFX European Championships",FRA202405EHS,2025-06-03,2025-06-08,"Thessaloniki, Greece",https://sailing.org/regatta/nacra-17-49er-and-49erfx-european-championships?ref=FRA202405EHS,23,EST,Estonia,Helen Pais / Helen Ausman,ESTHA1 / ESTHP6,EST 305,244,213,14,9,12,22,(31) DSQ,15,22,21,20,25,28,25,-
49erFX Women,"Nacra 17, 49er and 49erFX European Championships",FRA202405EHS,2025-06-03,2025-06-08,"Thessaloniki, Greece",https://sailing.org/regatta/nacra-17-49er-and-49erfx-european-championships?ref=FRA202405EHS,24,FRA,France,Mailys RADULIC / Fleur Babin,FRAFB52 / FRAMR54,FRA 626,250,222,18,16,21,20,24,13,25,26,18,(28),19,22,-
49erFX Women,"Nacra 17, 49er and 49erFX European Championships",FRA202405EHS,2025-06-03,2025-06-08,"Thessaloniki, Greece",https://sailing.org/regatta/nacra-17-49er-and-49erfx-european-championships?ref=FRA202405EHS,25,FRA,France,Lara Granier / Amelie Riou,FRALG47 / FRAAR8,FRA 63,277,246,27,24,24,(31) BFD,18,26,24,23,30,17,13,20,-
49erFX Women,"Nacra 17, 49er and 49erFX European Championships",FRA202405EHS,2025-06-03,2025-06-08,"Thessaloniki, Greece",https://sailing.org/regatta/nacra-17-49er-and-49erfx-european-championships?ref=FRA202405EHS,26,FRA,France,Chloe Revil,FRACR52,FRA 84,283,253,28,23,28,16,26,22,19,19,19,(30),24,29,-
49erFX Women,"Nacra 17, 49er and 49erFX European Championships",FRA202405EHS,2025-06-03,2025-06-08,"Thessaloniki, Greece",https://sailing.org/regatta/nacra-17-49er-and-49erfx-european-championships?ref=FRA202405EHS,27,AUS,Australia,Brooke Wilson / Evie Haseldine,AUSBW27 / AUSEH11,AUS 34,296,265,22,25,26,(31) BFD,28,23,16,28,27,24,23,23,-
49erFX Women,"Nacra 17, 49er and 49erFX European Championships",FRA202405EHS,2025-06-03,2025-06-08,"Thessaloniki, Greece",https://sailing.org/regatta/nacra-17-49er-and-49erfx-european-championships?ref=FRA202405EHS,28,AUS,Australia,Mina Ferguson / Dervla Duggan,IRLDD22 / AUSMF28,AUS 777,294,266,24,21,22,23,22,27,(28),20,26,27,26,28,-
49erFX Women,"Nacra 17, 49er and 49erFX European Championships",FRA202405EHS,2025-06-03,2025-06-08,"Thessaloniki, Greece",https://sailing.org/regatta/nacra-17-49er-and-49erfx-european-championships?ref=FRA202405EHS,29,NED,Netherlands,Marissa Ijben / Anne Kort,NEDMI2 / NEDAK24,NED 644,324,294,29,26,27,24,29,28,(30),24,28,22,30,27,-
49erFX Women,"Nacra 17, 49er and 49erFX European Championships",FRA202405EHS,2025-06-03,2025-06-08,"Thessaloniki, Greece",https://sailing.org/regatta/nacra-17-49er-and-49erfx-european-championships?ref=FRA202405EHS,30,AUS,Australia,Lily Richardson / India Gilbert,AUSLR10 / AUSIG9,AUS 606,330,299,25,27,29,(31) BFD,23,30,29,25,23,29,29,30,-
