event_label,regatta_name,world_sailing_id,start_date,end_date,venue,source_url,rank,country,country_name,crew,world_sailing_ids,sail_number,total_points,net_points,Q1 ,Q2 ,Q3 ,Q4 ,Q5 ,Q6 ,Q7 ,Q8 ,Q9 ,F1 Gold,F2 Gold,F3 Gold,F4 Gold,F5 Gold,F6 Gold,MR Medal
49er Men,49er and 49erFX European Championships,FRA202405QTK,2024-05-07,2024-05-12,"La Grande Motte, France",https://sailing.org/regatta/49er-and-49erfx-european-championships?ref=FRA202405QTK,1,URU,Uruguay,Hernan Umpierre / Fernando Diz,URUFD1 / URUHU1,URU 14,111,93,5,(18),8,14,8,9,10,1,7,1,1,4,6,3,2,14
49er Men,49er and 49erFX European Championships,FRA202405QTK,2024-05-07,2024-05-12,"La Grande Motte, France",https://sailing.org/regatta/49er-and-49erfx-european-championships?ref=FRA202405QTK,2,GBR,Great Britain,James Peters / Fynn Sterritt,GBRJP65 / GBRFS6,GBR 30,124,103,1,7,1,5,1,2,3,8,(21),10,11,19,3,17,3,12
49er Men,49er and 49erFX European Championships,FRA202405QTK,2024-05-07,2024-05-12,"La Grande Motte, France",https://sailing.org/regatta/49er-and-49erfx-european-championships?ref=FRA202405QTK,3,SUI,Switzerland,Sebastien Schneiter / Arno de Planta,SUIAD10 / SUISS6,SUI 77,132,106,10,8,3,6,2,4,5,18,6,(26) BFD,4,8,8,1,15,8
49er Men,49er and 49erFX European Championships,FRA202405QTK,2024-05-07,2024-05-12,"La Grande Motte, France",https://sailing.org/regatta/49er-and-49erfx-european-championships?ref=FRA202405QTK,4,NZL,New Zealand,Isaac McHardie / William McKenzie,NZLIM3 / NZLWM4,NZL 18,136,108,4,2,7,20,2,4,2,(28),20,3,6,3,2,26 UFD,5,2
49er Men,49er and 49erFX European Championships,FRA202405QTK,2024-05-07,2024-05-12,"La Grande Motte, France",https://sailing.org/regatta/49er-and-49erfx-european-championships?ref=FRA202405QTK,5,USA,United States of America,Ian Barrows / Hans Henken,USAIB26 / USAHH11,USA 84,148,122,11,13,4,4,11,3,8,4,9,(26) BFD,3,9,24,2,1,16
49er Men,49er and 49erFX European Championships,FRA202405QTK,2024-05-07,2024-05-12,"La Grande Motte, France",https://sailing.org/regatta/49er-and-49erfx-european-championships?ref=FRA202405QTK,6,NED,Netherlands,Bart Lambriex / Floris van de Werken,NEDBL3 / NEDFV23,NED 2,150,124,2,14,7,7,1,13,15,8,19,4,10,7,1,6,(26) UFD,10
49er Men,49er and 49erFX European Championships,FRA202405QTK,2024-05-07,2024-05-12,"La Grande Motte, France",https://sailing.org/regatta/49er-and-49erfx-european-championships?ref=FRA202405QTK,7,AUT,Austria,Benjamin Bildstein / David Hussl,AUTBB1 / AUTDH1,AUT 29,155,134,9,10,14,5,3,2,16,20,5,12,7,6,14,5,(21),6
49er Men,49er and 49erFX European Championships,FRA202405QTK,2024-05-07,2024-05-12,"La Grande Motte, France",https://sailing.org/regatta/49er-and-49erfx-european-championships?ref=FRA202405QTK,8,IRL,Ireland,Robert Dickson / Sean Waddilove,IRLSW17 / IRLRD19,IRL 99,165,142,12,17,4,8,6,12,7,15,12,19,(23),1,4,12,9,4
49er Men,49er and 49erFX European Championships,FRA202405QTK,2024-05-07,2024-05-12,"La Grande Motte, France",https://sailing.org/regatta/49er-and-49erfx-european-championships?ref=FRA202405QTK,9,POL,Poland,Lukasz Przybytek / Jacek Piasecki,POLJP8 / POLLP2,POL 7,182,156,12,1,18,21,12,5,4,23,10,8,2,5,13,(26) UFD,4,18
49er Men,49er and 49erFX European Championships,FRA202405QTK,2024-05-07,2024-05-12,"La Grande Motte, France",https://sailing.org/regatta/49er-and-49erfx-european-championships?ref=FRA202405QTK,10,POL,Poland,Dominik Buksak / Szymon Wierzbicki,POLSW2 / POLDB1,POL 10,185,159,4,2,17,2,19,3,9,6,(26),2,9,18,17,14,17,20
49er Men,49er and 49erFX European Championships,FRA202405QTK,2024-05-07,2024-05-12,"La Grande Motte, France",https://sailing.org/regatta/49er-and-49erfx-european-championships?ref=FRA202405QTK,11,AUT,Austria,Keanu Prettner / Jakob Flachberger,AUTKP5 / AUTJF8,AUT 28,176,148,6,18,2,25,(28),1,14,2,23,7,8,10,22,4,6,-
49er Men,49er and 49erFX European Championships,FRA202405QTK,2024-05-07,2024-05-12,"La Grande Motte, France",https://sailing.org/regatta/49er-and-49erfx-european-championships?ref=FRA202405QTK,12,IRL,Ireland,Seafra Guilfoyle / Johnny Durcan,IRLSG10 / IRLJD28,IRL 11,172,149,20,6,15,10,7,6,6,(23),15,13,12,11,12,9,7,-
49er Men,49er and 49erFX European Championships,FRA202405QTK,2024-05-07,2024-05-12,"La Grande Motte, France",https://sailing.org/regatta/49er-and-49erfx-european-championships?ref=FRA202405QTK,13,DEN,Denmark,Frederik Rask / Jakob Precht Jensen,DENFR5 / DENJP11,DEN 66,176,150,13,15,2,4,6,20,1,3,25,(26) BFD,19,2,10,16,14,-
49er Men,49er and 49erFX European Championships,FRA202405QTK,2024-05-07,2024-05-12,"La Grande Motte, France",https://sailing.org/regatta/49er-and-49erfx-european-championships?ref=FRA202405QTK,14,GBR,Great Britain,James Grummett / Rhos Hawes,GBRJG101 / GBRRH84,GBR 4,175,151,1,9,1,1,4,1,2,21,11,16,(24),20,21,21,22,-
49er Men,49er and 49erFX European Championships,FRA202405QTK,2024-05-07,2024-05-12,"La Grande Motte, France",https://sailing.org/regatta/49er-and-49erfx-european-championships?ref=FRA202405QTK,15,GER,Germany,Jakob Meggendorfer / Andreas Spranger,GERAS58 / GERJM44,GER 22,180,152,9,6,5,9,9,7,4,18,(28),5,13,12,15,20,20,-
49er Men,49er and 49erFX European Championships,FRA202405QTK,2024-05-07,2024-05-12,"La Grande Motte, France",https://sailing.org/regatta/49er-and-49erfx-european-championships?ref=FRA202405QTK,16,CRO,Croatia,Sime Fantela / Mihovil Fantela,CROSF1 / CROMF1,CRO 83,182,156,7,12,8,3,11,11,16,4,17,9,5,24,11,(26) UFD,18,-
49er Men,49er and 49erFX European Championships,FRA202405QTK,2024-05-07,2024-05-12,"La Grande Motte, France",https://sailing.org/regatta/49er-and-49erfx-european-championships?ref=FRA202405QTK,17,FRA,France,Erwan Fischer / Clement Pequin,FRAEF14 / FRACP31,FRA 16,180,157,2,12,6,1,7,5,12,10,22,15,17,22,(23),15,11,-
49er Men,49er and 49erFX European Championships,FRA202405QTK,2024-05-07,2024-05-12,"La Grande Motte, France",https://sailing.org/regatta/49er-and-49erfx-european-championships?ref=FRA202405QTK,18,FRA,France,Lucas Rual,FRALR14,FRA 95,194,158,8,7,3,(36) UFD,5,6,3,2,23,17,15,15,18,10,26 UFD,-
49er Men,49er and 49erFX European Championships,FRA202405QTK,2024-05-07,2024-05-12,"La Grande Motte, France",https://sailing.org/regatta/49er-and-49erfx-european-championships?ref=FRA202405QTK,19,AUS,Australia,Jim Colley / Shaun Connor,AUSJC75 / AUSSC40,AUS 20,202,166,3,16,10,(36) UFD,10,7,1,11,2,26 BFD,16,25,20,7,12,-
49er Men,49er and 49erFX European Championships,FRA202405QTK,2024-05-07,2024-05-12,"La Grande Motte, France",https://sailing.org/regatta/49er-and-49erfx-european-championships?ref=FRA202405QTK,20,MLT,Malta,Richard Schultheis / Youenn Bertin,FRAYB10 / GERRS42,MLT 205,202,176,8,(26),13,7,12,15,13,1,18,14,26 DNS,17,5,19,8,-
49er Men,49er and 49erFX European Championships,FRA202405QTK,2024-05-07,2024-05-12,"La Grande Motte, France",https://sailing.org/regatta/49er-and-49erfx-european-championships?ref=FRA202405QTK,21,USA,United States of America,Andrew Mollerus / Ian Macdiarmid,USAIM9 / USAAM84,USA 43,202,176,3,8,12,6,21,8,17,13,(26),6,14,21,9,22,16,-
49er Men,49er and 49erFX European Championships,FRA202405QTK,2024-05-07,2024-05-12,"La Grande Motte, France",https://sailing.org/regatta/49er-and-49erfx-european-championships?ref=FRA202405QTK,22,GBR,Great Britain,Elliott Wells / Billy Vennis-Ozanne,GBRBV4 / GBREW28,GBR 130,218,182,6,3,12,(36) UFD,5,11,9,31,14,18,22,23,7,11,10,-
49er Men,49er and 49erFX European Championships,FRA202405QTK,2024-05-07,2024-05-12,"La Grande Motte, France",https://sailing.org/regatta/49er-and-49erfx-european-championships?ref=FRA202405QTK,23,POL,Poland,Mikolaj Staniul / Jakub Sztorch,POLJS41 / POLMS47,POL 5,222,191,16,1,11,3,10,14,20,(31),17,20,18,13,16,13,19,-
49er Men,49er and 49erFX European Championships,FRA202405QTK,2024-05-07,2024-05-12,"La Grande Motte, France",https://sailing.org/regatta/49er-and-49erfx-european-championships?ref=FRA202405QTK,24,GER,Germany,Fabian Graf / Linov Scheel,GERLS27 / GERFG11,GER 13,226,199,17,5,9,13,(27),17,26,7,5,26 BFD,20,14,19,8,13,-
49er Men,49er and 49erFX European Championships,FRA202405QTK,2024-05-07,2024-05-12,"La Grande Motte, France",https://sailing.org/regatta/49er-and-49erfx-european-championships?ref=FRA202405QTK,25,NZL,New Zealand,Campbell Stanton / William Shapland,NZLCS16 / NZLWS3,NZL 195,238,211,11,19,9,8,9,25,11,5,(27),11,21,16,25,18,23,-
49er Men,49er and 49erFX European Championships,FRA202405QTK,2024-05-07,2024-05-12,"La Grande Motte, France",https://sailing.org/regatta/49er-and-49erfx-european-championships?ref=FRA202405QTK,26,AUS,Australia,Jack Ferguson / Max Paul,AUSJF32 / AUSMP41,AUS 25,182,150,10,19,16,2,20,16,8,14,(32),9,9,1,26,-,-,-
49er Men,49er and 49erFX European Championships,FRA202405QTK,2024-05-07,2024-05-12,"La Grande Motte, France",https://sailing.org/regatta/49er-and-49erfx-european-championships?ref=FRA202405QTK,27,ITA,Italy,Simone Ferrarese / Leonardo Chiste',ITALC106 / ITASF2,ITA 23,193,157,18,3,11,(36) UFD,3,21,31,27,7,4,12,9,11,-,-,-
49er Men,49er and 49erFX European Championships,FRA202405QTK,2024-05-07,2024-05-12,"La Grande Motte, France",https://sailing.org/regatta/49er-and-49erfx-european-championships?ref=FRA202405QTK,28,ESP,Spain,Martin Wizner / Jaime Wizner Pérez-lafuente,ESPMW3 / ESPJW5,ESP 775,194,158,5,15,(36) RET,28,14,36 DNC,28,3,3,11,6,8,1,-,-,-
49er Men,49er and 49erFX European Championships,FRA202405QTK,2024-05-07,2024-05-12,"La Grande Motte, France",https://sailing.org/regatta/49er-and-49erfx-european-championships?ref=FRA202405QTK,29,NZL,New Zealand,Seb Menzies / George Rush,NZLSM29 / NZLGR9,NZL 250,190,165,15,4,23,11,(25),8,17,11,12,5,14,21,24,-,-,-
49er Men,49er and 49erFX European Championships,FRA202405QTK,2024-05-07,2024-05-12,"La Grande Motte, France",https://sailing.org/regatta/49er-and-49erfx-european-championships?ref=FRA202405QTK,30,POL,Poland,Tytus Butowski / Borys Podumis,POLTB5 / POLBP10,POL 702,199,173,(26),16,10,17,19,22,18,13,14,1,22,13,8,-,-,-
49er Men,49er and 49erFX European Championships,FRA202405QTK,2024-05-07,2024-05-12,"La Grande Motte, France",https://sailing.org/regatta/49er-and-49erfx-european-championships?ref=FRA202405QTK,31,CAN,Canada,Thomas Staples / William Staples,CANTS30 / CANWS4,CAN 428,210,181,(29),20,19,22,20,13,19,24,13,25,1,3,2,-,-,-
49er Men,49er and 49erFX European Championships,FRA202405QTK,2024-05-07,2024-05-12,"La Grande Motte, France",https://sailing.org/regatta/49er-and-49erfx-european-championships?ref=FRA202405QTK,32,NED,Netherlands,Robbert Huisman / Jorn Swart,NEDJS43 / NEDRH30,NED 987,215,184,13,11,20,16,17,14,22,17,(31),14,28,5,7,-,-,-
49er Men,49er and 49erFX European Championships,FRA202405QTK,2024-05-07,2024-05-12,"La Grande Motte, France",https://sailing.org/regatta/49er-and-49erfx-european-championships?ref=FRA202405QTK,33,ESP,Spain,Albert Torres / Elias Aretz,ESPEA12 / ESPAT18,ESP 317,232,196,17,5,25,23,(36) DNC,36 DNC,13,22,8,6,21,11,9,-,-,-
49er Men,49er and 49erFX European Championships,FRA202405QTK,2024-05-07,2024-05-12,"La Grande Motte, France",https://sailing.org/regatta/49er-and-49erfx-european-championships?ref=FRA202405QTK,34,NZL,New Zealand,Mattias Coutts / Henry Haslett,NZLHH7 / NZLMC20,NZL 107,244,214,24,11,(30),10,24,18,25,5,27,3,26,27,14,-,-,-
49er Men,49er and 49erFX European Championships,FRA202405QTK,2024-05-07,2024-05-12,"La Grande Motte, France",https://sailing.org/regatta/49er-and-49erfx-european-championships?ref=FRA202405QTK,35,SUI,Switzerland,Joshua Richner / Nilo Scharer,SUIJR14 / SUINS10,SUI 133,251,215,14,(36) UFD,24,11,15,17,32,30,4,24,16,15,13,-,-,-
49er Men,49er and 49erFX European Championships,FRA202405QTK,2024-05-07,2024-05-12,"La Grande Motte, France",https://sailing.org/regatta/49er-and-49erfx-european-championships?ref=FRA202405QTK,36,POL,Poland,Patryk Kosmalski / Tomasz Lewandowski,POLTL5 / POLPK31,POL 196,255,217,30,29,28,27,36 RET,36 DNC,5,7,1,2,(38),4,12,-,-,-
49er Men,49er and 49erFX European Championships,FRA202405QTK,2024-05-07,2024-05-12,"La Grande Motte, France",https://sailing.org/regatta/49er-and-49erfx-european-championships?ref=FRA202405QTK,37,FRA,France,Keo Devaux / RIO Enaël,FRAKD9 / FRARE4,FRA 270,247,217,15,(30),26,17,21,19,21,16,3,23,3,25,28,-,-,-
49er Men,49er and 49erFX European Championships,FRA202405QTK,2024-05-07,2024-05-12,"La Grande Motte, France",https://sailing.org/regatta/49er-and-49erfx-european-championships?ref=FRA202405QTK,38,GER,Germany,Jesper Bahr / Fynn Kaufhold,GERFK56 / GERJB105,GER 633,270,224,21,27,23,12,18,18,28,10,19,16,5,(46) BFD,27,-,-,-
49er Men,49er and 49erFX European Championships,FRA202405QTK,2024-05-07,2024-05-12,"La Grande Motte, France",https://sailing.org/regatta/49er-and-49erfx-european-championships?ref=FRA202405QTK,39,ITA,Italy,Lorenzo Pezzilli / Tobia Torroni,ITALP103 / ITATT17,ITA 225,264,224,16,22,22,9,14,12,23,15,24,17,(40),18,32,-,-,-
49er Men,49er and 49erFX European Championships,FRA202405QTK,2024-05-07,2024-05-12,"La Grande Motte, France",https://sailing.org/regatta/49er-and-49erfx-european-championships?ref=FRA202405QTK,40,SWE,Sweden,Marius Westerlind / Olle Aronsson,SWEOA5 / SWEMW24,SWE 921,273,227,25,13,18,21,18,23,6,25,9,(46) UFD,17,16,36,-,-,-
49er Men,49er and 49erFX European Championships,FRA202405QTK,2024-05-07,2024-05-12,"La Grande Motte, France",https://sailing.org/regatta/49er-and-49erfx-european-championships?ref=FRA202405QTK,41,NED,Netherlands,Wiebrand de Vos / Stijn Gast,NEDSG7 / NEDWD21,NED 456,268,232,21,26,21,23,23,10,21,26,8,13,15,(36),25,-,-,-
49er Men,49er and 49erFX European Championships,FRA202405QTK,2024-05-07,2024-05-12,"La Grande Motte, France",https://sailing.org/regatta/49er-and-49erfx-european-championships?ref=FRA202405QTK,42,GBR,Great Britain,Arran Holman / Sam Jones,GBRAH114 / GBRSJ35,GBR 102,276,238,19,4,17,22,36 DNC,28,7,19,2,31,30,(38),23,-,-,-
49er Men,49er and 49erFX European Championships,FRA202405QTK,2024-05-07,2024-05-12,"La Grande Motte, France",https://sailing.org/regatta/49er-and-49erfx-european-championships?ref=FRA202405QTK,43,SUI,Switzerland,Pablo Rüegge / Linus Abicht,SUIPR10 / SUILA9,SUI 499,276,240,27,25,(36) DNC,12,36 DNF,16,20,17,25,7,19,7,29,-,-,-
49er Men,49er and 49erFX European Championships,FRA202405QTK,2024-05-07,2024-05-12,"La Grande Motte, France",https://sailing.org/regatta/49er-and-49erfx-european-championships?ref=FRA202405QTK,44,BRA,Brazil,Gustavo Abdulklech / Nicolas Bernal,BRAGA10 / BRANB8,BRA 244,271,242,24,17,25,24,15,26,24,27,13,21,4,(29),22,-,-,-
49er Men,49er and 49erFX European Championships,FRA202405QTK,2024-05-07,2024-05-12,"La Grande Motte, France",https://sailing.org/regatta/49er-and-49erfx-european-championships?ref=FRA202405QTK,45,ESP,Spain,Pol Marsans Balcells / Jose Manuel Ruiz Ibanez,ESPJR85 / ESPPM34,ESP 424,279,243,14,(36) DNC,14,36 UFD,25,15,11,28,29,10,11,35,15,-,-,-
49er Men,49er and 49erFX European Championships,FRA202405QTK,2024-05-07,2024-05-12,"La Grande Motte, France",https://sailing.org/regatta/49er-and-49erfx-european-championships?ref=FRA202405QTK,46,POL,Poland,Adam Glogowski / Maciej Krusiec,POLAG20 / POLMK65,POL 744,280,244,22,(36) UFD,13,14,13,22,31,21,30,32,10,33,3,-,-,-
49er Men,49er and 49erFX European Championships,FRA202405QTK,2024-05-07,2024-05-12,"La Grande Motte, France",https://sailing.org/regatta/49er-and-49erfx-european-championships?ref=FRA202405QTK,47,FRA,France,Malo Kennish / Anatole Martin,FRAMK7 / FRAAM61,FRA 445,282,246,(36) UFD,10,24,15,26,20,12,26,22,15,8,34,34,-,-,-
49er Men,49er and 49erFX European Championships,FRA202405QTK,2024-05-07,2024-05-12,"La Grande Motte, France",https://sailing.org/regatta/49er-and-49erfx-european-championships?ref=FRA202405QTK,48,CAN,Canada,Will Jones / Justin Barnes,CANJB25 / CANWJ1,CAN 760,283,247,(36) UFD,36 UFD,15,18,8,24,10,22,16,27,18,32,21,-,-,-
49er Men,49er and 49erFX European Championships,FRA202405QTK,2024-05-07,2024-05-12,"La Grande Motte, France",https://sailing.org/regatta/49er-and-49erfx-european-championships?ref=FRA202405QTK,49,FIN,Finland,Otto Mikkela / Edvard Bremer,FINOM3 / FINEB5,FIN 38,286,252,7,29,16,27,31,27,27,20,20,(34),23,6,19,-,-,-
49er Men,49er and 49erFX European Championships,FRA202405QTK,2024-05-07,2024-05-12,"La Grande Motte, France",https://sailing.org/regatta/49er-and-49erfx-european-championships?ref=FRA202405QTK,50,FRA,France,Sam Chambet / Karl Devaux,FRASC60 / FRAKD10,FRA 44,290,254,32,24,28,29,(36) DNS,36 DNC,32,12,10,8,2,23,18,-,-,-
49er Men,49er and 49erFX European Championships,FRA202405QTK,2024-05-07,2024-05-12,"La Grande Motte, France",https://sailing.org/regatta/49er-and-49erfx-european-championships?ref=FRA202405QTK,51,GER,Germany,Moritz Dorau / Riko Rockenbauch,GERRR26 / GERMD28,GER 875,300,261,28,31,21,36 UFD,16,28,19,24,32,20,(39),2,4,-,-,-
49er Men,49er and 49erFX European Championships,FRA202405QTK,2024-05-07,2024-05-12,"La Grande Motte, France",https://sailing.org/regatta/49er-and-49erfx-european-championships?ref=FRA202405QTK,52,NZL,New Zealand,Francesco Kayrouz / Hamish Mclaren,NZLFK1 / NZLHM10,NZL 135,311,265,26,14,29,16,16,10,24,9,31,(46) RET,27,46 BFD,17,-,-,-
49er Men,49er and 49erFX European Championships,FRA202405QTK,2024-05-07,2024-05-12,"La Grande Motte, France",https://sailing.org/regatta/49er-and-49erfx-european-championships?ref=FRA202405QTK,53,FRA,France,GOULON Corentin / TIMOTHEE DEPERY,FRATD23 / FRAGC64,FRA 498,312,266,30,21,20,13,24,21,25,34,11,(46) DSQ,25,12,30,-,-,-
49er Men,49er and 49erFX European Championships,FRA202405QTK,2024-05-07,2024-05-12,"La Grande Motte, France",https://sailing.org/regatta/49er-and-49erfx-european-championships?ref=FRA202405QTK,54,ESP,Spain,Conrad Konitzer / WUKUKI KUJEMITI,CANCK14,ESP 707,319,273,19,36 UFD,6,24,13,25,14,32,24,(46) UFD,13,30,37,-,-,-
49er Men,49er and 49erFX European Championships,FRA202405QTK,2024-05-07,2024-05-12,"La Grande Motte, France",https://sailing.org/regatta/49er-and-49erfx-european-championships?ref=FRA202405QTK,55,FIN,Finland,Juuso Roihu / Lasse Lindell,FINJR20 / FINLL8,FIN 321,313,274,20,21,26,19,17,19,26,33,29,33,7,24,(39),-,-,-
49er Men,49er and 49erFX European Championships,FRA202405QTK,2024-05-07,2024-05-12,"La Grande Motte, France",https://sailing.org/regatta/49er-and-49erfx-european-championships?ref=FRA202405QTK,56,OMA,Oman,Musab Al Hadi / Waleed Al-Kindi,OMAMA1 / OMAWA1,OMA 55,310,274,31,(36) RET,36 DNC,25,36 DNF,27,22,6,1,19,33,28,10,-,-,-
49er Men,49er and 49erFX European Championships,FRA202405QTK,2024-05-07,2024-05-12,"La Grande Motte, France",https://sailing.org/regatta/49er-and-49erfx-european-championships?ref=FRA202405QTK,57,KOR,Republic of Korea,Kyoungduk Kim / Sangwoo Bae,KORKK10 / KORSB1,KOR 202,313,277,34,(36) DNC,31,36 DNC,36 DNC,36 DNC,29,9,6,12,32,10,6,-,-,-
49er Men,49er and 49erFX European Championships,FRA202405QTK,2024-05-07,2024-05-12,"La Grande Motte, France",https://sailing.org/regatta/49er-and-49erfx-european-championships?ref=FRA202405QTK,58,GBR,Great Britain,Duncan Gregor / Richie Thurlby,GBRRT66 / GBRDG52,GBR 505,321,286,18,28,22,30,22,23,15,32,33,29,20,14,(35),-,-,-
49er Men,49er and 49erFX European Championships,FRA202405QTK,2024-05-07,2024-05-12,"La Grande Motte, France",https://sailing.org/regatta/49er-and-49erfx-european-championships?ref=FRA202405QTK,59,GBR,Great Britain,Finley Armstrong / Ewan Gribbin,GBREG16 / GBRFA6,GBR 140,316,286,23,23,27,19,22,(30),30,29,16,28,29,20,20,-,-,-
49er Men,49er and 49erFX European Championships,FRA202405QTK,2024-05-07,2024-05-12,"La Grande Motte, France",https://sailing.org/regatta/49er-and-49erfx-european-championships?ref=FRA202405QTK,60,HUN,Hungary,Roni Oszkar Szabo / WUKUKI KUJEMITI,HUNRS9,HUN 473,327,291,23,28,27,18,(36) RET,24,30,12,28,18,36,31,16,-,-,-
49er Men,49er and 49erFX European Championships,FRA202405QTK,2024-05-07,2024-05-12,"La Grande Motte, France",https://sailing.org/regatta/49er-and-49erfx-european-championships?ref=FRA202405QTK,61,FIN,Finland,Aatos Kylävainio / Onni Kylävainio,FINAK18 / FINOK8,FIN 100,334,296,25,27,36 DNC,20,30,31,18,16,21,22,24,26,(38),-,-,-
49er Men,49er and 49erFX European Championships,FRA202405QTK,2024-05-07,2024-05-12,"La Grande Motte, France",https://sailing.org/regatta/49er-and-49erfx-european-championships?ref=FRA202405QTK,62,ITA,Italy,Uberto Crivelli Visconti / Giulio Calabro,ITAGC160 / ITAUC6,ITA 88,355,309,22,9,5,36 UFD,4,9,27,25,34,(46) DNC,46 DNC,46 DNC,46 DNC,-,-,-
49er Men,49er and 49erFX European Championships,FRA202405QTK,2024-05-07,2024-05-12,"La Grande Motte, France",https://sailing.org/regatta/49er-and-49erfx-european-championships?ref=FRA202405QTK,63,DEN,Denmark,Jens-Christian Dehn-Toftehoj / Mads Fuglbjerg,DENJD11 / DENMF8,DEN 711,350,317,29,25,19,26,29,29,23,29,30,30,31,17,(33),-,-,-
49er Men,49er and 49erFX European Championships,FRA202405QTK,2024-05-07,2024-05-12,"La Grande Motte, France",https://sailing.org/regatta/49er-and-49erfx-european-championships?ref=FRA202405QTK,64,KOR,Republic of Korea,choi choiwonbin / Kangtaek Oh,KORKO4 / KORCC9,KOR 324,371,325,33,22,32,36 DNC,36 DNC,36 DNC,33,30,4,36,(46) DNC,22,5,-,-,-
49er Men,49er and 49erFX European Championships,FRA202405QTK,2024-05-07,2024-05-12,"La Grande Motte, France",https://sailing.org/regatta/49er-and-49erfx-european-championships?ref=FRA202405QTK,65,FRA,France,Hugo REVIL / Matthieu Boeton,FRAHR19 / FRAMB111,FRA 144,363,326,36 DPI,20,29,26,23,26,34,14,18,35,34,(37),31,-,-,-
49er Men,49er and 49erFX European Championships,FRA202405QTK,2024-05-07,2024-05-12,"La Grande Motte, France",https://sailing.org/regatta/49er-and-49erfx-european-championships?ref=FRA202405QTK,66,CRO,Croatia,Buba Pulek / juraj radačić,CROBP4 / CROJR1,CRO 109,374,334,31,24,30,36 DNF,32,36 DNF,29,19,15,26,37,19,(40),-,-,-
49er Men,49er and 49erFX European Championships,FRA202405QTK,2024-05-07,2024-05-12,"La Grande Motte, France",https://sailing.org/regatta/49er-and-49erfx-european-championships?ref=FRA202405QTK,67,OMA,Oman,Ahmed Alhasani / Abdulrahman Al Mashari,OMAAA8 / OMAAA18,OMA 173,406,365,28,23,31,15,26,32,33,33,33,37,35,39,(41),-,-,-
49er Men,49er and 49erFX European Championships,FRA202405QTK,2024-05-07,2024-05-12,"La Grande Motte, France",https://sailing.org/regatta/49er-and-49erfx-european-championships?ref=FRA202405QTK,68,AUS,Australia,Thomas Needham / Fang Warren,AUSJW20 / AUSTN6,AUS 40,508,462,36 DNC,36 DNC,36 DNC,36 DNS,36 DNC,36 DNC,36 DNC,36 DNC,36 DNC,(46) DNC,46 DNC,46 DNC,46 DNC,-,-,-
49er Men,49er and 49erFX European Championships,FRA202405QTK,2024-05-07,2024-05-12,"La Grande Motte, France",https://sailing.org/regatta/49er-and-49erfx-european-championships?ref=FRA202405QTK,68,GER,Germany,Valentin Müller / Moritz Fiebig,GERVM7 / GERMF48,GER 718,508,462,36 DNC,36 DNC,36 DNC,36 DNS,36 DNC,36 DNC,36 DNC,36 DNC,36 DNC,(46) DNC,46 DNC,46 DNC,46 DNC,-,-,-
49er Men,49er and 49erFX European Championships,FRA202405QTK,2024-05-07,2024-05-12,"La Grande Motte, France",https://sailing.org/regatta/49er-and-49erfx-european-championships?ref=FRA202405QTK,68,ISR,Israel,Illy Wureit / Yuval Barnoon,ISRYB11 / ISRIW2,ISR 125,508,462,36 DNC,36 DNC,36 DNC,36 DNC,36 DNC,36 DNC,36 DNC,36 DNC,36 DNC,(46) DNC,46 DNC,46 DNC,46 DNC,-,-,-
