event_label,regatta_name,world_sailing_id,start_date,end_date,venue,source_url,rank,country,country_name,crew,world_sailing_ids,sail_number,total_points,net_points,R1,R2,R3,R4,R5,R6,R7,R8,R9,R10,R11,R12,R13,R14,MR Medal
49erFX Women,49er and 49erFX European Championships,FRA202405QTK,2024-05-07,2024-05-12,"La Grande Motte, France",https://sailing.org/regatta/49er-and-49erfx-european-championships?ref=FRA202405QTK,1,BEL,Belgium,Isaura Maenhaut / Anouk Geurts,BELAG7 / BELIM1,BEL 18,127,110,7,4,15,7,5,6,12,1,(17),1,3,9,15,5,20
49erFX Women,49er and 49erFX European Championships,FRA202405QTK,2024-05-07,2024-05-12,"La Grande Motte, France",https://sailing.org/regatta/49er-and-49erfx-european-championships?ref=FRA202405QTK,2,FRA,France,Sarah Steyaert / Charline Picon,FRASS1 / FRACP3,FRA 84,137,119,1,9,16,12,6,2,9,8,6,2,2,16,(18),16,14
49erFX Women,49er and 49erFX European Championships,FRA202405QTK,2024-05-07,2024-05-12,"La Grande Motte, France",https://sailing.org/regatta/49er-and-49erfx-european-championships?ref=FRA202405QTK,3,GBR,Great Britain,Freya Black / Saskia Tidey,GBRFB12 / GBRST90,GBR 24,150,125,18,13,2,13,9,1,2,(25),7,18,5,8,2,11,16
49erFX Women,49er and 49erFX European Championships,FRA202405QTK,2024-05-07,2024-05-12,"La Grande Motte, France",https://sailing.org/regatta/49er-and-49erfx-european-championships?ref=FRA202405QTK,4,POL,Poland,Aleksandra Melzacka / Sandra Jankowiak,POLMM48 / POLSJ2,POL 14,148,128,12,1,8,2,11,3,8,18,19,14,(20),2,7,15,8
49erFX Women,49er and 49erFX European Championships,FRA202405QTK,2024-05-07,2024-05-12,"La Grande Motte, France",https://sailing.org/regatta/49er-and-49erfx-european-championships?ref=FRA202405QTK,5,FRA,France,Mathilde Lovadina / Aude Compan,FRAML86 / FRAAC66,FRA 34,160,130,13,8,18,17,13,9,3,15,2,(30) DSQ,7,7,10,6,2
49erFX Women,49er and 49erFX European Championships,FRA202405QTK,2024-05-07,2024-05-12,"La Grande Motte, France",https://sailing.org/regatta/49er-and-49erfx-european-championships?ref=FRA202405QTK,6,AUS,Australia,Laura Harding / Annie Wilmot,AUSLH17 / AUSAW33,AUS 5,169,139,3,24,9,9,22,(30) UFD,5,3,1,4,4,24,19,8,4
49erFX Women,49er and 49erFX European Championships,FRA202405QTK,2024-05-07,2024-05-12,"La Grande Motte, France",https://sailing.org/regatta/49er-and-49erfx-european-championships?ref=FRA202405QTK,7,POL,Poland,Gabriela Czapska / Hanna Rajchert,POLGC2 / POLHR2,POL 74,164,142,10,21,6,(22),10,11,7,10,11,9,17,4,4,10,12
49erFX Women,49er and 49erFX European Championships,FRA202405QTK,2024-05-07,2024-05-12,"La Grande Motte, France",https://sailing.org/regatta/49er-and-49erfx-european-championships?ref=FRA202405QTK,8,CAN,Canada,Georgia Lewin Lafrance / Antonia Lewin Lafrance,CANGL13 / CANAL21,CAN 71,175,145,(30) UFD,3,12,6,1,10,6,11,3,12,30 BFD,21,6,14,10
49erFX Women,49er and 49erFX European Championships,FRA202405QTK,2024-05-07,2024-05-12,"La Grande Motte, France",https://sailing.org/regatta/49er-and-49erfx-european-championships?ref=FRA202405QTK,9,USA,United States of America,Stephanie Roble / Maggie Shea,USASR16 / USAMS75,USA 50,183,153,2,15,3,11,25,(30) UFD,21,24,9,20,1,14,1,1,6
49erFX Women,49er and 49erFX European Championships,FRA202405QTK,2024-05-07,2024-05-12,"La Grande Motte, France",https://sailing.org/regatta/49er-and-49erfx-european-championships?ref=FRA202405QTK,10,MLT,Malta,Antonia Schultheis / Victoria Schultheis,MLTAS4 / MLTVS2,MLT 21,180,157,8,10,10,3,14,22,13,14,(23),3,6,3,14,19,18
49erFX Women,49er and 49erFX European Championships,FRA202405QTK,2024-05-07,2024-05-12,"La Grande Motte, France",https://sailing.org/regatta/49er-and-49erfx-european-championships?ref=FRA202405QTK,11,GER,Germany,Katharina Schwachhofer / Elena Stoltze,GERES45 / GERKS58,GER 696,174,151,17,6,4,(23),17,8,16,16,22,22,10,1,5,7,-
49erFX Women,49er and 49erFX European Championships,FRA202405QTK,2024-05-07,2024-05-12,"La Grande Motte, France",https://sailing.org/regatta/49er-and-49erfx-european-championships?ref=FRA202405QTK,12,GER,Germany,Anna Barth / Emma Kohlhoff,GERAB74 / GEREK19,GER 232,186,156,11,(30) DNS,17,30 DNC,7,5,1,2,16,19,14,5,9,20,-
49erFX Women,49er and 49erFX European Championships,FRA202405QTK,2024-05-07,2024-05-12,"La Grande Motte, France",https://sailing.org/regatta/49er-and-49erfx-european-championships?ref=FRA202405QTK,13,ITA,Italy,Jana Germani / Giorgia Bertuzzi,ITAGB172 / ITAJG20,ITA 3,192,162,5,5,5,1,26,12,20,(30) UFD,14,10,11,12,20,21,-
49erFX Women,49er and 49erFX European Championships,FRA202405QTK,2024-05-07,2024-05-12,"La Grande Motte, France",https://sailing.org/regatta/49er-and-49erfx-european-championships?ref=FRA202405QTK,14,ESP,Spain,Tamara Echegoyen Dominguez / Paula Barcelo Martin,ESPPB22 / ESPTE2,ESP 23,195,165,4,11,21,8,16,(30) UFD,4,13,18,23,8,11,26,2,-
49erFX Women,49er and 49erFX European Championships,FRA202405QTK,2024-05-07,2024-05-12,"La Grande Motte, France",https://sailing.org/regatta/49er-and-49erfx-european-championships?ref=FRA202405QTK,15,FIN,Finland,Ronja Gronblom / Veera Hokka,FINRG4 / FINVH7,FIN 40,195,170,6,12,1,5,8,19,(25),22,8,13,23,6,25,22,-
49erFX Women,49er and 49erFX European Championships,FRA202405QTK,2024-05-07,2024-05-12,"La Grande Motte, France",https://sailing.org/regatta/49er-and-49erfx-european-championships?ref=FRA202405QTK,16,GER,Germany,Moja Maru Scheel / Freya Feilcke,GERFF20 / GERMS139,GER 22,200,170,9,2,(30) DNF,18,3,7,11,27,28,5,15,26,16,3,-
49erFX Women,49er and 49erFX European Championships,FRA202405QTK,2024-05-07,2024-05-12,"La Grande Motte, France",https://sailing.org/regatta/49er-and-49erfx-european-championships?ref=FRA202405QTK,17,EST,Estonia,Helen Pais / Helen Ausman,ESTHA1 / ESTHP6,EST 305,214,184,19,16,13,10,19,23,15,20,4,8,(30) BFD,17,3,17,-
49erFX Women,49er and 49erFX European Championships,FRA202405QTK,2024-05-07,2024-05-12,"La Grande Motte, France",https://sailing.org/regatta/49er-and-49erfx-european-championships?ref=FRA202405QTK,18,FRA,France,Manon Peyre / Clara-Sofia Stamminger de Moura,FRACS25 / FRAMP58,FRA 702,221,194,21,23,22,15,20,17,18,7,5,7,9,(27),12,18,-
49erFX Women,49er and 49erFX European Championships,FRA202405QTK,2024-05-07,2024-05-12,"La Grande Motte, France",https://sailing.org/regatta/49er-and-49erfx-european-championships?ref=FRA202405QTK,19,ITA,Italy,Sofia Giunchiglia / Giulia Schio,ITAGS151 / ITASG57,ITA 15,229,199,(30) UFD,18,19,4,21,4,24,6,10,21,13,13,23,23,-
49erFX Women,49er and 49erFX European Championships,FRA202405QTK,2024-05-07,2024-05-12,"La Grande Motte, France",https://sailing.org/regatta/49er-and-49erfx-european-championships?ref=FRA202405QTK,20,GER,Germany,Inga-Marie Hofmann / Catherine Bartelheimer,GERCB54 / GERIH6,GER 33,246,216,(30) UFD,20,30 UFD,14,4,14,10,19,13,24,19,10,13,26,-
49erFX Women,49er and 49erFX European Championships,FRA202405QTK,2024-05-07,2024-05-12,"La Grande Motte, France",https://sailing.org/regatta/49er-and-49erfx-european-championships?ref=FRA202405QTK,21,CRO,Croatia,Mihaela Zjena de Micheli Vitturi,CROMD6,CRO 29,252,222,15,14,7,20,2,(30) UFD,26,5,26,15,25,19,24,24,-
49erFX Women,49er and 49erFX European Championships,FRA202405QTK,2024-05-07,2024-05-12,"La Grande Motte, France",https://sailing.org/regatta/49er-and-49erfx-european-championships?ref=FRA202405QTK,22,JPN,Japan,Saki Matsunae / Eri Hatayama,JPNEH3 / JPNSM10,JPN 808,250,222,14,22,14,24,(28),20,19,12,24,6,18,25,11,13,-
49erFX Women,49er and 49erFX European Championships,FRA202405QTK,2024-05-07,2024-05-12,"La Grande Motte, France",https://sailing.org/regatta/49er-and-49erfx-european-championships?ref=FRA202405QTK,23,AUS,Australia,Seisia Mair / Stella Hurley,AUSSH72 / AUSSM67,AUS 122,258,232,23,(26),23,21,15,13,17,23,21,25,16,15,8,12,-
49erFX Women,49er and 49erFX European Championships,FRA202405QTK,2024-05-07,2024-05-12,"La Grande Motte, France",https://sailing.org/regatta/49er-and-49erfx-european-championships?ref=FRA202405QTK,24,GBR,Great Britain,Eleanor Keers / Jessica Jobson,GBREK7 / GBRJJ53,GBR 713,265,235,16,17,11,19,18,16,27,17,12,16,22,22,22,(30) UFD,-
49erFX Women,49er and 49erFX European Championships,FRA202405QTK,2024-05-07,2024-05-12,"La Grande Motte, France",https://sailing.org/regatta/49er-and-49erfx-european-championships?ref=FRA202405QTK,25,FRA,France,Mailys RADULIC / Fleur Babin,FRAFB52 / FRAMR54,FRA 626,277,247,22,7,(30) DNF,30 DNF,12,18,28,4,27,26,24,18,27,4,-
49erFX Women,49er and 49erFX European Championships,FRA202405QTK,2024-05-07,2024-05-12,"La Grande Motte, France",https://sailing.org/regatta/49er-and-49erfx-european-championships?ref=FRA202405QTK,26,CAN,Canada,Tara Golonka / Siobhan Golonka,CANTG5 / CANSG9,CAN 116,291,261,25,27,(30) DNF,30 DNF,23,21,23,21,15,11,12,23,21,9,-
49erFX Women,49er and 49erFX European Championships,FRA202405QTK,2024-05-07,2024-05-12,"La Grande Motte, France",https://sailing.org/regatta/49er-and-49erfx-european-championships?ref=FRA202405QTK,27,ITA,Italy,Maellle Frascari / Sveva Carraro,ITASC1 / ITAMF53,ITA 67,297,267,24,19,20,(30) DNF,24,15,14,26,25,17,21,20,17,25,-
49erFX Women,49er and 49erFX European Championships,FRA202405QTK,2024-05-07,2024-05-12,"La Grande Motte, France",https://sailing.org/regatta/49er-and-49erfx-european-championships?ref=FRA202405QTK,28,ESP,Spain,Paula van Wieringen / Claudia Sobral Lusquiños,ESPPV12 / ESPCS29,ESP 244,340,310,20,25,(30) UFD,16,27,24,22,9,20,27,30 BFD,30 DNC,30 DNC,30 DNC,-
49erFX Women,49er and 49erFX European Championships,FRA202405QTK,2024-05-07,2024-05-12,"La Grande Motte, France",https://sailing.org/regatta/49er-and-49erfx-european-championships?ref=FRA202405QTK,29,CZE,Czechia,Zofia Burska / Sara Tkadlecova,CZEST3 / CZEZB1,CZE 138,420,390,(30) DNC,30 DNC,30 DNC,30 DNF,30 DNC,30 DNC,30 DNC,30 DNC,30 DNC,30 DNC,30 BFD,30 DNC,30 DNC,30 DNC,-
