event_label,regatta_name,world_sailing_id,start_date,end_date,venue,source_url,rank,country,country_name,crew,world_sailing_ids,sail_number,total_points,net_points,1Q(CR),2Q(CR),3Q(CR),4Q(CR),5Q(CR),6Q(CR),7F(SL),8F(SL),9F(SL),10F(SL),MR (pos)
IQFOiL Men,iQFOiL European Championships,ITA2024104BI,2025-11-22,2025-11-29,"Sferracavallo, Palermo, Italy",https://sailing.org/regatta/iqfoil-european-championships?ref=ITA2024104BI,1,NED,Netherlands,Luuc van Opzeeland,NEDAV51,,102,48,(21) STP,11,6,1,3,6,1,(33),5,15,1
IQFOiL Men,iQFOiL European Championships,ITA2024104BI,2025-11-22,2025-11-29,"Sferracavallo, Palermo, Italy",https://sailing.org/regatta/iqfoil-european-championships?ref=ITA2024104BI,2,FRA,France,Nicolas Goyard,FRANG10,,84,30,1,1,(17),13,5,1,3,1,(37),5,2
IQFOiL Men,iQFOiL European Championships,ITA2024104BI,2025-11-22,2025-11-29,"Sferracavallo, Palermo, Italy",https://sailing.org/regatta/iqfoil-european-championships?ref=ITA2024104BI,3,GBR,Great Britain,Finn Hawkins,GBRFH10,,80,33,(34),1,3,2,13,1,(13),11,1,1,3
IQFOiL Men,iQFOiL European Championships,ITA2024104BI,2025-11-22,2025-11-29,"Sferracavallo, Palermo, Italy",https://sailing.org/regatta/iqfoil-european-championships?ref=ITA2024104BI,4,POL,Poland,Pawel Tarnowski,POLPT4,,101,47,3,7,(9),3,6,5,9,3,11,(45) BFD,4
IQFOiL Men,iQFOiL European Championships,ITA2024104BI,2025-11-22,2025-11-29,"Sferracavallo, Palermo, Italy",https://sailing.org/regatta/iqfoil-european-championships?ref=ITA2024104BI,5,GBR,Great Britain,Andy Brown,GBRAB164,,108,52,4,8,3,2,4,(15),9,5,17,(41),5
IQFOiL Men,iQFOiL European Championships,ITA2024104BI,2025-11-22,2025-11-29,"Sferracavallo, Palermo, Italy",https://sailing.org/regatta/iqfoil-european-championships?ref=ITA2024104BI,6,ISR,Israel,Tom Reuveny,ISRTR3,,100,39,1,9,2,(16),2,4,17,1,(45) DNC,3,6
IQFOiL Men,iQFOiL European Championships,ITA2024104BI,2025-11-22,2025-11-29,"Sferracavallo, Palermo, Italy",https://sailing.org/regatta/iqfoil-european-championships?ref=ITA2024104BI,7,ITA,Italy,Leonardo Tomasini,ITALT46,,133,66,10,17,4,14,(22),2,3,9,7,(45) BFD,7
IQFOiL Men,iQFOiL European Championships,ITA2024104BI,2025-11-22,2025-11-29,"Sferracavallo, Palermo, Italy",https://sailing.org/regatta/iqfoil-european-championships?ref=ITA2024104BI,8,DEN,Denmark,Johan Soe,DENJS34,,111,72,11,5,10,6,(12),3,19,13,(27),5,8
IQFOiL Men,iQFOiL European Championships,ITA2024104BI,2025-11-22,2025-11-29,"Sferracavallo, Palermo, Italy",https://sailing.org/regatta/iqfoil-european-championships?ref=ITA2024104BI,9,ITA,Italy,Federico Pilloni,ITAFP148,,112,72,9,(27),12,13,16,15,5,(13),1,1,9
IQFOiL Men,iQFOiL European Championships,ITA2024104BI,2025-11-22,2025-11-29,"Sferracavallo, Palermo, Italy",https://sailing.org/regatta/iqfoil-european-championships?ref=ITA2024104BI,10,ITA,Italy,Luca di Tomassi,ITALD70,,148,58,(45) UFD,10,1,1,3,8,19,(45) BFD,5,11,10
IQFOiL Men,iQFOiL European Championships,ITA2024104BI,2025-11-22,2025-11-29,"Sferracavallo, Palermo, Italy",https://sailing.org/regatta/iqfoil-european-championships?ref=ITA2024104BI,11,FRA,France,Clement Bourgeois,FRACB67,,133,75,9,3,5,(29),10,9,(29),11,21,7,-
IQFOiL Men,iQFOiL European Championships,ITA2024104BI,2025-11-22,2025-11-29,"Sferracavallo, Palermo, Italy",https://sailing.org/regatta/iqfoil-european-championships?ref=ITA2024104BI,12,ITA,Italy,manolo umberto modena,ITAMM331,,126,79,2,14,8,(20),13,7,(27),15,13,7,-
IQFOiL Men,iQFOiL European Championships,ITA2024104BI,2025-11-22,2025-11-29,"Sferracavallo, Palermo, Italy",https://sailing.org/regatta/iqfoil-european-championships?ref=ITA2024104BI,13,ISR,Israel,Yoav Omer,ISRYO2,,157,84,6,4,2,(28),7,16,1,3,(45) DNC,45 DNF,-
IQFOiL Men,iQFOiL European Championships,ITA2024104BI,2025-11-22,2025-11-29,"Sferracavallo, Palermo, Italy",https://sailing.org/regatta/iqfoil-european-championships?ref=ITA2024104BI,14,NED,Netherlands,Joost Vink,NEDJV76,,175,85,14,4,1,12,1,(45) DNC,5,(45) DSQ,3,45 BFD,-
IQFOiL Men,iQFOiL European Championships,ITA2024104BI,2025-11-22,2025-11-29,"Sferracavallo, Palermo, Italy",https://sailing.org/regatta/iqfoil-european-championships?ref=ITA2024104BI,15,GBR,Great Britain,Mathew Barton,GBRMB124,,128,85,5,6,4,9,(14),6,15,15,(29),25,-
IQFOiL Men,iQFOiL European Championships,ITA2024104BI,2025-11-22,2025-11-29,"Sferracavallo, Palermo, Italy",https://sailing.org/regatta/iqfoil-european-championships?ref=ITA2024104BI,16,ESP,Spain,Nacho Baltasar Summers,ESPNS15,,152,89,(18),2,9,12,2,3,25,23,13,(45) BFD,-
IQFOiL Men,iQFOiL European Championships,ITA2024104BI,2025-11-22,2025-11-29,"Sferracavallo, Palermo, Italy",https://sailing.org/regatta/iqfoil-european-championships?ref=ITA2024104BI,17,FRA,France,Adrien Mestre,FRAAM51,,149,90,4,8,5,(20),5,13,7,27,21,(39),-
IQFOiL Men,iQFOiL European Championships,ITA2024104BI,2025-11-22,2025-11-29,"Sferracavallo, Palermo, Italy",https://sailing.org/regatta/iqfoil-european-championships?ref=ITA2024104BI,18,ISR,Israel,Yoav Cohen,ISRYC2,,157,91,6,6,16,15,11,(45) UFD,(21),17,3,17,-
IQFOiL Men,iQFOiL European Championships,ITA2024104BI,2025-11-22,2025-11-29,"Sferracavallo, Palermo, Italy",https://sailing.org/regatta/iqfoil-european-championships?ref=ITA2024104BI,19,ITA,Italy,Nicolo Renna,ITANR16,,155,95,2,13,(15),8,4,7,41,7,(45) DNC,13,-
IQFOiL Men,iQFOiL European Championships,ITA2024104BI,2025-11-22,2025-11-29,"Sferracavallo, Palermo, Italy",https://sailing.org/regatta/iqfoil-european-championships?ref=ITA2024104BI,20,GBR,Great Britain,Sam Sills,GBRSS56,,155,97,(13),2,8,10,9,9,15,23,(45) DNC,21,-
IQFOiL Men,iQFOiL European Championships,ITA2024104BI,2025-11-22,2025-11-29,"Sferracavallo, Palermo, Italy",https://sailing.org/regatta/iqfoil-european-championships?ref=ITA2024104BI,21,FRA,France,Tom Arnoux,FRATA22,,166,98,(23),12,11,4,7,11,35,(45) BFD,9,9,-
IQFOiL Men,iQFOiL European Championships,ITA2024104BI,2025-11-22,2025-11-29,"Sferracavallo, Palermo, Italy",https://sailing.org/regatta/iqfoil-european-championships?ref=ITA2024104BI,22,FRA,France,Louis Pignolet,FRALP46,,152,99,8,(18),7,18,14,13 RDG,(35),9,11,19,-
IQFOiL Men,iQFOiL European Championships,ITA2024104BI,2025-11-22,2025-11-29,"Sferracavallo, Palermo, Italy",https://sailing.org/regatta/iqfoil-european-championships?ref=ITA2024104BI,23,SUI,Switzerland,Elia Colombo,SUIEC2,,157,104,(28),11,11,16,9,4,23,21,(25),9,-
IQFOiL Men,iQFOiL European Championships,ITA2024104BI,2025-11-22,2025-11-29,"Sferracavallo, Palermo, Italy",https://sailing.org/regatta/iqfoil-european-championships?ref=ITA2024104BI,24,FRA,France,Fabien Pianazza,FRAFP29,,169,105,21,(45) DNC,20,5,15,21,11,(19),9,3,-
IQFOiL Men,iQFOiL European Championships,ITA2024104BI,2025-11-22,2025-11-29,"Sferracavallo, Palermo, Italy",https://sailing.org/regatta/iqfoil-european-championships?ref=ITA2024104BI,25,NED,Netherlands,Max Castelein,NEDMC7,,185,106,18,3,17,7,(34),8,33,7,(45) DNC,13,-
IQFOiL Men,iQFOiL European Championships,ITA2024104BI,2025-11-22,2025-11-29,"Sferracavallo, Palermo, Italy",https://sailing.org/regatta/iqfoil-european-championships?ref=ITA2024104BI,26,TUR,Türkiye,Artun SENOL,TURAS20,,152,108,12,5,12,(19),11,17,17,(25),19,15,-
IQFOiL Men,iQFOiL European Championships,ITA2024104BI,2025-11-22,2025-11-29,"Sferracavallo, Palermo, Italy",https://sailing.org/regatta/iqfoil-european-championships?ref=ITA2024104BI,27,NED,Netherlands,Kiran Badloe,NEDKB8,,181.7,111.7,(45) UFD,9,19,7,45 UFD,2,(25),5,13.7 RDG,11,-
IQFOiL Men,iQFOiL European Championships,ITA2024104BI,2025-11-22,2025-11-29,"Sferracavallo, Palermo, Italy",https://sailing.org/regatta/iqfoil-european-championships?ref=ITA2024104BI,28,FRA,France,Côme Joly,FRACJ19,,184,125,(28),15,27,11,8,17,7,25,15,(31),-
IQFOiL Men,iQFOiL European Championships,ITA2024104BI,2025-11-22,2025-11-29,"Sferracavallo, Palermo, Italy",https://sailing.org/regatta/iqfoil-european-championships?ref=ITA2024104BI,29,FRA,France,Emile Roullet,FRAER16,,189,128,7,(16),7,3,8,12,31,(45) BFD,35,25,-
IQFOiL Men,iQFOiL European Championships,ITA2024104BI,2025-11-22,2025-11-29,"Sferracavallo, Palermo, Italy",https://sailing.org/regatta/iqfoil-european-championships?ref=ITA2024104BI,30,LTU,Lithuania,Rytis Jasiunas,LTURJ1,,199,129,3,(25),13,5,18,11,29,17,33,(45) BFD,-
IQFOiL Men,iQFOiL European Championships,ITA2024104BI,2025-11-22,2025-11-29,"Sferracavallo, Palermo, Italy",https://sailing.org/regatta/iqfoil-european-championships?ref=ITA2024104BI,31,GBR,Great Britain,Duncan Monaghan,GBRDM107,,207,138,(32),10,19,9,21,16,21,35,7,(37),-
IQFOiL Men,iQFOiL European Championships,ITA2024104BI,2025-11-22,2025-11-29,"Sferracavallo, Palermo, Italy",https://sailing.org/regatta/iqfoil-european-championships?ref=ITA2024104BI,32,SLO,Slovenia,Val Erzen,SLOVE1,,195,145,22,13,14,(23),20,13,23,21,19,(27),-
IQFOiL Men,iQFOiL European Championships,ITA2024104BI,2025-11-22,2025-11-29,"Sferracavallo, Palermo, Italy",https://sailing.org/regatta/iqfoil-european-championships?ref=ITA2024104BI,33,ESP,Spain,Bernat Tomas Cardell,ESPBT4,,238,148,15,21,21,(45) DNC,20,14,13,(45) BFD,27,17,-
IQFOiL Men,iQFOiL European Championships,ITA2024104BI,2025-11-22,2025-11-29,"Sferracavallo, Palermo, Italy",https://sailing.org/regatta/iqfoil-european-championships?ref=ITA2024104BI,34,ITA,Italy,Mattia Saoncella,ITAMS191,,223,150,8,(28),10,14,15,22,(45) BFD,45 BFD,15,21,-
IQFOiL Men,iQFOiL European Championships,ITA2024104BI,2025-11-22,2025-11-29,"Sferracavallo, Palermo, Italy",https://sailing.org/regatta/iqfoil-european-championships?ref=ITA2024104BI,35,USA,United States of America,Noah Lyons,USANL20,,224,156,19,(23),6,4,1,5,(45) BFD,45 BFD,31,45 BFD,-
IQFOiL Men,iQFOiL European Championships,ITA2024104BI,2025-11-22,2025-11-29,"Sferracavallo, Palermo, Italy",https://sailing.org/regatta/iqfoil-european-championships?ref=ITA2024104BI,36,GBR,Great Britain,Boris Shaw,GBRBS59,,220,164,17,20,(27),8,25,23,27,19,25,(29),-
IQFOiL Men,iQFOiL European Championships,ITA2024104BI,2025-11-22,2025-11-29,"Sferracavallo, Palermo, Italy",https://sailing.org/regatta/iqfoil-european-championships?ref=ITA2024104BI,37,LAT,Latvia,Davis Mazais,LATDM2,,236,167,13,7,23,21,(24),18,(45) BFD,45 BFD,17,23,-
IQFOiL Men,iQFOiL European Championships,ITA2024104BI,2025-11-22,2025-11-29,"Sferracavallo, Palermo, Italy",https://sailing.org/regatta/iqfoil-european-championships?ref=ITA2024104BI,38,TUR,Türkiye,Onur Cavit Biriz,TURCB7,,233,169,19,(33),14,21,18,12,(31),31,31,23,-
IQFOiL Men,iQFOiL European Championships,ITA2024104BI,2025-11-22,2025-11-29,"Sferracavallo, Palermo, Italy",https://sailing.org/regatta/iqfoil-european-championships?ref=ITA2024104BI,39,USA,United States of America,Makani Andrews,USAMA98,,237,172,11,15,(20),17,12,14,33,41,29,(45) BFD,-
IQFOiL Men,iQFOiL European Championships,ITA2024104BI,2025-11-22,2025-11-29,"Sferracavallo, Palermo, Italy",https://sailing.org/regatta/iqfoil-european-championships?ref=ITA2024104BI,40,ISR,Israel,Tomer Vardimon,ISRTV1,,250,177,7,22,18,(28),24,27,11,(45) BFD,23,45 BFD,-
IQFOiL Men,iQFOiL European Championships,ITA2024104BI,2025-11-22,2025-11-29,"Sferracavallo, Palermo, Italy",https://sailing.org/regatta/iqfoil-european-championships?ref=ITA2024104BI,41,THA,Thailand,William McMillan,THAWM1,,267,187,10,12,16,34,6,(35),(45) BFD,45 BFD,45 DNC,19,-
IQFOiL Men,iQFOiL European Championships,ITA2024104BI,2025-11-22,2025-11-29,"Sferracavallo, Palermo, Italy",https://sailing.org/regatta/iqfoil-european-championships?ref=ITA2024104BI,42,GBR,Great Britain,William Ziegler,GBRWZ1,,260,187,23,22,26,6,17,(34),37,(39),23,33,-
IQFOiL Men,iQFOiL European Championships,ITA2024104BI,2025-11-22,2025-11-29,"Sferracavallo, Palermo, Italy",https://sailing.org/regatta/iqfoil-european-championships?ref=ITA2024104BI,43,LTU,Lithuania,Juozas Bernotas,LTUJB1,,261,194,(22),20,13,19,17,22,39,29,(45) DNC,35,-
IQFOiL Men,iQFOiL European Championships,ITA2024104BI,2025-11-22,2025-11-29,"Sferracavallo, Palermo, Italy",https://sailing.org/regatta/iqfoil-european-championships?ref=ITA2024104BI,44,GBR,Great Britain,Max Beaman,GBRMB158,,299,222,27,26,15,10,(32),19,43,37,(45) DNC,45 BFD,-
IQFOiL Men,iQFOiL European Championships,ITA2024104BI,2025-11-22,2025-11-29,"Sferracavallo, Palermo, Italy",https://sailing.org/regatta/iqfoil-european-championships?ref=ITA2024104BI,45,NED,Netherlands,Skip Brüll,NEDSB31,,172,113,(36),26,24,29,10,18,(23),5,1,-,-
IQFOiL Men,iQFOiL European Championships,ITA2024104BI,2025-11-22,2025-11-29,"Sferracavallo, Palermo, Italy",https://sailing.org/regatta/iqfoil-european-championships?ref=ITA2024104BI,46,POL,Poland,Stas Trepczynski,POLST1,,176,114,15,25.5 RDG,25.5 RDG,32,(45) UFD,10,(17),1,5,-,-
IQFOiL Men,iQFOiL European Championships,ITA2024104BI,2025-11-22,2025-11-29,"Sferracavallo, Palermo, Italy",https://sailing.org/regatta/iqfoil-european-championships?ref=ITA2024104BI,47,CAN,Canada,,,,159,117,5,24,33,25,26,(35),3,(7),1,-,-
IQFOiL Men,iQFOiL European Championships,ITA2024104BI,2025-11-22,2025-11-29,"Sferracavallo, Palermo, Italy",https://sailing.org/regatta/iqfoil-european-championships?ref=ITA2024104BI,48,SUI,Switzerland,Sebastian Scharer,SUISS16,,175,118,14,21,(30),26,26,25,1,(27),5,-,-
IQFOiL Men,iQFOiL European Championships,ITA2024104BI,2025-11-22,2025-11-29,"Sferracavallo, Palermo, Italy",https://sailing.org/regatta/iqfoil-european-championships?ref=ITA2024104BI,49,SUI,Switzerland,Robin Zeley,SUIRZ5,,169,120,16,18,(40),25,33,20,(9),1,7,-,-
IQFOiL Men,iQFOiL European Championships,ITA2024104BI,2025-11-22,2025-11-29,"Sferracavallo, Palermo, Italy",https://sailing.org/regatta/iqfoil-european-championships?ref=ITA2024104BI,50,SVK,Slovak Republik,Robert Kubin,SVKRK1,,179,125,24,16,32,(33),25,20,5,3,(21),-,-
IQFOiL Men,iQFOiL European Championships,ITA2024104BI,2025-11-22,2025-11-29,"Sferracavallo, Palermo, Italy",https://sailing.org/regatta/iqfoil-european-championships?ref=ITA2024104BI,51,AUT,Austria,Theo Peter,AUTTP5,,171,125,(29),24,24,15,16,24,(17),5,17,-,-
IQFOiL Men,iQFOiL European Championships,ITA2024104BI,2025-11-22,2025-11-29,"Sferracavallo, Palermo, Italy",https://sailing.org/regatta/iqfoil-european-championships?ref=ITA2024104BI,52,POR,Portugal,,,,197,138,29,23,25,22,27,(32),3,(27),9,-,-
IQFOiL Men,iQFOiL European Championships,ITA2024104BI,2025-11-22,2025-11-29,"Sferracavallo, Palermo, Italy",https://sailing.org/regatta/iqfoil-european-championships?ref=ITA2024104BI,53,POL,Poland,Dominik Lewinski,POLDL2,,190,138,20,(31),18,30,22,28,11,(21),9,-,-
IQFOiL Men,iQFOiL European Championships,ITA2024104BI,2025-11-22,2025-11-29,"Sferracavallo, Palermo, Italy",https://sailing.org/regatta/iqfoil-european-championships?ref=ITA2024104BI,54,POL,Poland,Tomek Kisielewski,POLTK15,,217,142,21,(30),21,11,19,30,5,(45) BFD,35,-,-
IQFOiL Men,iQFOiL European Championships,ITA2024104BI,2025-11-22,2025-11-29,"Sferracavallo, Palermo, Italy",https://sailing.org/regatta/iqfoil-european-championships?ref=ITA2024104BI,55,USA,United States of America,Garrett January,USAGJ23,,210,146,38,14,(45) UFD,31,28,23,(19),9,3,-,-
IQFOiL Men,iQFOiL European Championships,ITA2024104BI,2025-11-22,2025-11-29,"Sferracavallo, Palermo, Italy",https://sailing.org/regatta/iqfoil-european-championships?ref=ITA2024104BI,56,SWE,Sweden,Vidar Nystrom,SWEVN1,,216,148,17,32,30,17,30,(45) UFD,9,13,(23),-,-
IQFOiL Men,iQFOiL European Championships,ITA2024104BI,2025-11-22,2025-11-29,"Sferracavallo, Palermo, Italy",https://sailing.org/regatta/iqfoil-european-championships?ref=ITA2024104BI,57,KOR,Republic of Korea,,,,225,154,(32),27,31,24,28,26,15,(39),3,-,-
IQFOiL Men,iQFOiL European Championships,ITA2024104BI,2025-11-22,2025-11-29,"Sferracavallo, Palermo, Italy",https://sailing.org/regatta/iqfoil-european-championships?ref=ITA2024104BI,58,CZE,Czechia,David Drda,CZEDD3,,249,159,25,19,22,18,31,(45) DNC,33,(45) DNC,11,-,-
IQFOiL Men,iQFOiL European Championships,ITA2024104BI,2025-11-22,2025-11-29,"Sferracavallo, Palermo, Italy",https://sailing.org/regatta/iqfoil-european-championships?ref=ITA2024104BI,59,FRA,France,Titouan Fasquelle,FRATF17,,207,160,20,25,35,(36),36,28,7,9,(11),-,-
IQFOiL Men,iQFOiL European Championships,ITA2024104BI,2025-11-22,2025-11-29,"Sferracavallo, Palermo, Italy",https://sailing.org/regatta/iqfoil-european-championships?ref=ITA2024104BI,60,CYP,Cyprus,Iakovos Christofides,CYPIC3,,241,160,26,17,25,(36),21,21,(45) DNC,37,13,-,-
IQFOiL Men,iQFOiL European Championships,ITA2024104BI,2025-11-22,2025-11-29,"Sferracavallo, Palermo, Italy",https://sailing.org/regatta/iqfoil-european-championships?ref=ITA2024104BI,61,POL,Poland,Igor Lewinski,POLIL2,,251,161,12,31,(45) UFD,24,19,29,1,(45) DNC,45 DNC,-,-
IQFOiL Men,iQFOiL European Championships,ITA2024104BI,2025-11-22,2025-11-29,"Sferracavallo, Palermo, Italy",https://sailing.org/regatta/iqfoil-european-championships?ref=ITA2024104BI,62,POL,Poland,Michal Maziarka,POLMM79,,215,161,33,28,31,30,(39),19,13,7,(15),-,-
IQFOiL Men,iQFOiL European Championships,ITA2024104BI,2025-11-22,2025-11-29,"Sferracavallo, Palermo, Italy",https://sailing.org/regatta/iqfoil-european-championships?ref=ITA2024104BI,63,FRA,France,Gaspard Carfantan,FRAGC54,,222,164,(45) RET,19,45 UFD,45 UFD,35,10,7,3,(13),-,-
IQFOiL Men,iQFOiL European Championships,ITA2024104BI,2025-11-22,2025-11-29,"Sferracavallo, Palermo, Italy",https://sailing.org/regatta/iqfoil-european-championships?ref=ITA2024104BI,64,KOR,Republic of Korea,Jiwon Son,KORJS7,,226,168,24,(33),29,22,23,32,(25),17,21,-,-
IQFOiL Men,iQFOiL European Championships,ITA2024104BI,2025-11-22,2025-11-29,"Sferracavallo, Palermo, Italy",https://sailing.org/regatta/iqfoil-european-championships?ref=ITA2024104BI,65,ITA,Italy,Francesco Forani,ITAFF107,,245,177,26,34,22,(37),29,26,(31),17,23,-,-
IQFOiL Men,iQFOiL European Championships,ITA2024104BI,2025-11-22,2025-11-29,"Sferracavallo, Palermo, Italy",https://sailing.org/regatta/iqfoil-european-championships?ref=ITA2024104BI,66,CRO,Croatia,Ian ANIC,CROIA4,,244,184,34,(35),28,33,30,27,21,11,(25),-,-
IQFOiL Men,iQFOiL European Championships,ITA2024104BI,2025-11-22,2025-11-29,"Sferracavallo, Palermo, Italy",https://sailing.org/regatta/iqfoil-european-championships?ref=ITA2024104BI,67,UKR,Ukraine,Oleksandr Mendelenko,UKROM10,,270,186,40,30,(45) UFD,35,23,24,(39),15,19,-,-
IQFOiL Men,iQFOiL European Championships,ITA2024104BI,2025-11-22,2025-11-29,"Sferracavallo, Palermo, Italy",https://sailing.org/regatta/iqfoil-european-championships?ref=ITA2024104BI,68,ESP,Spain,Sandro Portune,ESPSP16,,279,189,31,29,33,35,27,(45) UFD,11,23,(45) DNC,-,-
IQFOiL Men,iQFOiL European Championships,ITA2024104BI,2025-11-22,2025-11-29,"Sferracavallo, Palermo, Italy",https://sailing.org/regatta/iqfoil-european-championships?ref=ITA2024104BI,69,ESP,Spain,Guillem Guillem,ESPGG16,,273,189,25,(39),26,23,31,34,13,(45) BFD,37,-,-
IQFOiL Men,iQFOiL European Championships,ITA2024104BI,2025-11-22,2025-11-29,"Sferracavallo, Palermo, Italy",https://sailing.org/regatta/iqfoil-european-championships?ref=ITA2024104BI,70,POL,Poland,Maciej Pietrzak,POLMP58,,271,191,33,34,32,27,35,(45) UFD,(35),23,7,-,-
IQFOiL Men,iQFOiL European Championships,ITA2024104BI,2025-11-22,2025-11-29,"Sferracavallo, Palermo, Italy",https://sailing.org/regatta/iqfoil-european-championships?ref=ITA2024104BI,71,GRE,Greece,PETROS KONTARINIS,GREPK27,,260,191,(42),35,23,27,33,31,21,21,(27),-,-
IQFOiL Men,iQFOiL European Championships,ITA2024104BI,2025-11-22,2025-11-29,"Sferracavallo, Palermo, Italy",https://sailing.org/regatta/iqfoil-european-championships?ref=ITA2024104BI,72,POL,Poland,Tomasz Romanowski,POLTR5,,259,192,37,29,29,32,(38),25,(29),13,27,-,-
IQFOiL Men,iQFOiL European Championships,ITA2024104BI,2025-11-22,2025-11-29,"Sferracavallo, Palermo, Italy",https://sailing.org/regatta/iqfoil-european-championships?ref=ITA2024104BI,73,GRE,Greece,Alexandros KOKKINAKIS,GREAK70,,269,197,27,40,28,38,(45) UFD,30,(27),15,19,-,-
IQFOiL Men,iQFOiL European Championships,ITA2024104BI,2025-11-22,2025-11-29,"Sferracavallo, Palermo, Italy",https://sailing.org/regatta/iqfoil-european-championships?ref=ITA2024104BI,74,GER,Germany,Finley Evans,GERFE17,,280,210,30,36,34,(37),29,29,(33),19,33,-,-
IQFOiL Men,iQFOiL European Championships,ITA2024104BI,2025-11-22,2025-11-29,"Sferracavallo, Palermo, Italy",https://sailing.org/regatta/iqfoil-european-championships?ref=ITA2024104BI,75,HUN,Hungary,Máté Kossovics,HUNHK1,,286,213,37,32,36,(40),37,33,27,11,(33),-,-
IQFOiL Men,iQFOiL European Championships,ITA2024104BI,2025-11-22,2025-11-29,"Sferracavallo, Palermo, Italy",https://sailing.org/regatta/iqfoil-european-championships?ref=ITA2024104BI,76,SUI,Switzerland,Nino Livio Lofterød,SUINL1,,288,214,31,41,(45) UFD,34,37,37,15,19,(29),-,-
IQFOiL Men,iQFOiL European Championships,ITA2024104BI,2025-11-22,2025-11-29,"Sferracavallo, Palermo, Italy",https://sailing.org/regatta/iqfoil-european-championships?ref=ITA2024104BI,77,POL,Poland,Konrad Machura,POLKM26,,285,215,30,37,(45) UFD,45 UFD,32,33,23,(25),15,-,-
IQFOiL Men,iQFOiL European Championships,ITA2024104BI,2025-11-22,2025-11-29,"Sferracavallo, Palermo, Italy",https://sailing.org/regatta/iqfoil-european-championships?ref=ITA2024104BI,78,SUI,Switzerland,Devin Hauser,SUIDH9,,284,221,(38),37,35,38,36,31,19,(25),25,-,-
IQFOiL Men,iQFOiL European Championships,ITA2024104BI,2025-11-22,2025-11-29,"Sferracavallo, Palermo, Italy",https://sailing.org/regatta/iqfoil-european-championships?ref=ITA2024104BI,79,FRA,France,,,,314,232,41,38,(45) UFD,26,45 UFD,36,(37),29,17,-,-
IQFOiL Men,iQFOiL European Championships,ITA2024104BI,2025-11-22,2025-11-29,"Sferracavallo, Palermo, Italy",https://sailing.org/regatta/iqfoil-european-championships?ref=ITA2024104BI,80,GER,Germany,Jakob Ditzen,GERJD33,,318,242,35,36,34,39,40,(45) UFD,(31),29,29,-,-
IQFOiL Men,iQFOiL European Championships,ITA2024104BI,2025-11-22,2025-11-29,"Sferracavallo, Palermo, Italy",https://sailing.org/regatta/iqfoil-european-championships?ref=ITA2024104BI,81,HUN,Hungary,Domonkos  Mondovics,HUNDM5,,328,249,35,(38),38,31,34,37,37,(41),37,-,-
IQFOiL Men,iQFOiL European Championships,ITA2024104BI,2025-11-22,2025-11-29,"Sferracavallo, Palermo, Italy",https://sailing.org/regatta/iqfoil-european-championships?ref=ITA2024104BI,82,ITA,Italy,,,,339,252,39,(42),37,41,41,38,25,(45) BFD,31,-,-
IQFOiL Men,iQFOiL European Championships,ITA2024104BI,2025-11-22,2025-11-29,"Sferracavallo, Palermo, Italy",https://sailing.org/regatta/iqfoil-european-championships?ref=ITA2024104BI,83,ESP,Spain,,,,335,255,36,40,39,42,38,(45) DNC,29,(35),31,-,-
IQFOiL Men,iQFOiL European Championships,ITA2024104BI,2025-11-22,2025-11-29,"Sferracavallo, Palermo, Italy",https://sailing.org/regatta/iqfoil-european-championships?ref=ITA2024104BI,84,UKR,Ukraine,Oleksandr  Mendelenko,UKROM14,,352,262,(45) DNC,39,37,39,39,36,(45) DNF,33,39,-,-
IQFOiL Men,iQFOiL European Championships,ITA2024104BI,2025-11-22,2025-11-29,"Sferracavallo, Palermo, Italy",https://sailing.org/regatta/iqfoil-european-championships?ref=ITA2024104BI,85,POR,Portugal,,,,363,273,43,43,36,40,(45) DNC,45 DNC,35,31,(45) DNC,-,-
IQFOiL Men,iQFOiL European Championships,ITA2024104BI,2025-11-22,2025-11-29,"Sferracavallo, Palermo, Italy",https://sailing.org/regatta/iqfoil-european-championships?ref=ITA2024104BI,86,ITA,Italy,alessandro alberti,ITAAA1,,359,275,(45) DNC,45 DNC,41,41,40,38,(39),31,39,-,-
IQFOiL Men,iQFOiL European Championships,ITA2024104BI,2025-11-22,2025-11-29,"Sferracavallo, Palermo, Italy",https://sailing.org/regatta/iqfoil-european-championships?ref=ITA2024104BI,87,GER,Germany,Tjalve Bottger,GERTB58,,383,293,(45) RET,45 DNE,45 DNC,45 DNC,45 DNC,45 DNC,(45) DNC,33,35,-,-
