event_label,regatta_name,world_sailing_id,start_date,end_date,venue,source_url,rank,country,country_name,crew,world_sailing_ids,sail_number,total_points,net_points,1F,2F,3F,4F,5F,6F,CF,F1,F2,CF FS
470 Mixed,470 World Championships,POL2025062WK,2026-08-10,2026-08-17,"Enoshima, Japan",https://sailing.org/regatta/470-world-championships?ref=POL2025062WK,1,GBR,Great Britain,Martin Wrigley / Bettine Harris,GBRBH46 / GBRMW97,,58,43,1,1,(15),1,12,8,35,7,1,12
470 Mixed,470 World Championships,POL2025062WK,2026-08-10,2026-08-17,"Enoshima, Japan",https://sailing.org/regatta/470-world-championships?ref=POL2025062WK,2,GER,Germany,Theresa Loffler / Christopher Hoerr,GERCH41 / GERTL23,,74,57,15,12,4,9,(17),1,51,4,2,10
470 Mixed,470 World Championships,POL2025062WK,2026-08-10,2026-08-17,"Enoshima, Japan",https://sailing.org/regatta/470-world-championships?ref=POL2025062WK,3,ESP,Spain,Jordi Xammar Hernandez / Marta Cardona Alcántara,ESPMC81 / ESPJX1,,73,57,6,9,11,10,(16),6,43,5,9,1
470 Mixed,470 World Championships,POL2025062WK,2026-08-10,2026-08-17,"Enoshima, Japan",https://sailing.org/regatta/470-world-championships?ref=POL2025062WK,4,JPN,Japan,Tetsuya Isozaki / Yurie Seki,JPNTI15 / JPNYS26,,98,60,8,7,3,(38) BFD,24,2,49,1,10,5
470 Mixed,470 World Championships,POL2025062WK,2026-08-10,2026-08-17,"Enoshima, Japan",https://sailing.org/regatta/470-world-championships?ref=POL2025062WK,5,GRE,Greece,Afrodite Zegers / George Kavvas,GREAZ12 / GREGK16,,72,61,2,(11),9,4,6,11,55,3,3,23
470 Mixed,470 World Championships,POL2025062WK,2026-08-10,2026-08-17,"Enoshima, Japan",https://sailing.org/regatta/470-world-championships?ref=POL2025062WK,6,GBR,Great Britain,Hannah Bristow / James Taylor,GBRHB45 / GBRJT83,,90,73,10,(17),13,3,2,13,57,10,6,16
470 Mixed,470 World Championships,POL2025062WK,2026-08-10,2026-08-17,"Enoshima, Japan",https://sailing.org/regatta/470-world-championships?ref=POL2025062WK,7,SUI,Switzerland,Yves Mermod / Maja Siegenthaler,SUISM14 / SUIYM02,,100,76,(24),14,5,7,19,9,63,6,7,9
470 Mixed,470 World Championships,POL2025062WK,2026-08-10,2026-08-17,"Enoshima, Japan",https://sailing.org/regatta/470-world-championships?ref=POL2025062WK,8,ITA,Italy,Elena Berta / Giulio Calabro,ITAEB35 / ITAGC160,,117,77,14,16,(38) DNF,6,4,16,67,2,8,13
470 Mixed,470 World Championships,POL2025062WK,2026-08-10,2026-08-17,"Enoshima, Japan",https://sailing.org/regatta/470-world-championships?ref=POL2025062WK,9,FRA,France,LOMANE VALADE / Julien Bunel,FRALV29 / FRAJB81,,122,79,21,25,1,20,(36),3,67,8,4,4
470 Mixed,470 World Championships,POL2025062WK,2026-08-10,2026-08-17,"Enoshima, Japan",https://sailing.org/regatta/470-world-championships?ref=POL2025062WK,10,POR,Portugal,Beatriz Gago / Rodolfo Pires,PORRP9 / PORBG3,,111,81,4,2,12,21,(27),14,67,9,5,17
470 Mixed,470 World Championships,POL2025062WK,2026-08-10,2026-08-17,"Enoshima, Japan",https://sailing.org/regatta/470-world-championships?ref=POL2025062WK,11,POR,Portugal,Diogo Costa / Carolina Joao,PORDC11 / PORCJ1,,108,76,3,8,2,22,22,(32),-,-,-,19
470 Mixed,470 World Championships,POL2025062WK,2026-08-10,2026-08-17,"Enoshima, Japan",https://sailing.org/regatta/470-world-championships?ref=POL2025062WK,12,SWE,Sweden,Anton Dahlberg / Lovisa Karlsson,SWEAD5 / SWELK8,,96,80,13,3,7,(16),5,15,-,-,-,37
470 Mixed,470 World Championships,POL2025062WK,2026-08-10,2026-08-17,"Enoshima, Japan",https://sailing.org/regatta/470-world-championships?ref=POL2025062WK,13,FRA,France,Matisse Pacaud / Lucie de Gennes,FRAMP48 / FRALD32,,122,84,17,10,(38) DNF,13,31,5,-,-,-,8
470 Mixed,470 World Championships,POL2025062WK,2026-08-10,2026-08-17,"Enoshima, Japan",https://sailing.org/regatta/470-world-championships?ref=POL2025062WK,14,ISR,Israel,Roi Levy / Ariel Gal,ISRRL4 / ISRAG8,,129,91,22,6,(38) DNF,34,1,21,-,-,-,7
470 Mixed,470 World Championships,POL2025062WK,2026-08-10,2026-08-17,"Enoshima, Japan",https://sailing.org/regatta/470-world-championships?ref=POL2025062WK,15,CHN,"China, PR",Wenju Dong / 海伦 肖,CHNWD5 / CHN海肖1,,117,94,11,20,6,(23),10,12,-,-,-,35
470 Mixed,470 World Championships,POL2025062WK,2026-08-10,2026-08-17,"Enoshima, Japan",https://sailing.org/regatta/470-world-championships?ref=POL2025062WK,16,ISR,Israel,Nitai Hasson / Noga Tiano,ISRNH3 / ISRNT4,,135,97,34,5,14,(38) BFD,9,20,-,-,-,15
470 Mixed,470 World Championships,POL2025062WK,2026-08-10,2026-08-17,"Enoshima, Japan",https://sailing.org/regatta/470-world-championships?ref=POL2025062WK,17,GER,Germany,Malte Winkel / Bente Batzing,GERMW22 / GERBB34,,137,99,27,13,(38) DNF,26,14,17,-,-,-,2
470 Mixed,470 World Championships,POL2025062WK,2026-08-10,2026-08-17,"Enoshima, Japan",https://sailing.org/regatta/470-world-championships?ref=POL2025062WK,18,FRA,France,Manon Pennaneac'H / Pierre Williot,FRAMP82 / FRAPW7,,140,102,7,(38) BFD,38 DNF,12,15,27,-,-,-,3
470 Mixed,470 World Championships,POL2025062WK,2026-08-10,2026-08-17,"Enoshima, Japan",https://sailing.org/regatta/470-world-championships?ref=POL2025062WK,19,JPN,Japan,Sho Kaminoki / Nagai Amane,JPNSK15 / JPNNA6,,145,107,(38) RET,30,38 DNF,2,3,7,-,-,-,27
470 Mixed,470 World Championships,POL2025062WK,2026-08-10,2026-08-17,"Enoshima, Japan",https://sailing.org/regatta/470-world-championships?ref=POL2025062WK,20,POL,Poland,Agnieszka Skrzypulec / Miko?aj Bazyli,POLAS9 / POLMB42,,136,108,(28),19,16,27,11,4,-,-,-,31
470 Mixed,470 World Championships,POL2025062WK,2026-08-10,2026-08-17,"Enoshima, Japan",https://sailing.org/regatta/470-world-championships?ref=POL2025062WK,21,GER,Germany,Simon Diesch / Anna Markfort,GERSD8 / GERAM23,,146,108,23,4,(38) DNF,18,18,23,-,-,-,22
470 Mixed,470 World Championships,POL2025062WK,2026-08-10,2026-08-17,"Enoshima, Japan",https://sailing.org/regatta/470-world-championships?ref=POL2025062WK,22,NOR,Norway,Julia Jacobsen / Victor Lööf,NORJJ8 / NORVL9,,147,114,18,21,10,24,13,(33),-,-,-,28
470 Mixed,470 World Championships,POL2025062WK,2026-08-10,2026-08-17,"Enoshima, Japan",https://sailing.org/regatta/470-world-championships?ref=POL2025062WK,23,UKR,Ukraine,Yehor Samarin / Yelyzaveta Vasylenko,UKRYS4 / UKRYV5,,151,116,19,28,8,15,(35),22,-,-,-,24
470 Mixed,470 World Championships,POL2025062WK,2026-08-10,2026-08-17,"Enoshima, Japan",https://sailing.org/regatta/470-world-championships?ref=POL2025062WK,24,ITA,Italy,Giacomo Ferrari / Alessandra Dubbini,ITAGF75 / ITAAD104,,166,128,16,15,(38) DNF,30,23,18,-,-,-,26
470 Mixed,470 World Championships,POL2025062WK,2026-08-10,2026-08-17,"Enoshima, Japan",https://sailing.org/regatta/470-world-championships?ref=POL2025062WK,25,TUR,Türkiye,Efe Tulcali / Defne Danismend,TURDD6 / TURET8,,171,134,5,23,17,29,(37),26,-,-,-,34
470 Mixed,470 World Championships,POL2025062WK,2026-08-10,2026-08-17,"Enoshima, Japan",https://sailing.org/regatta/470-world-championships?ref=POL2025062WK,26,THA,Thailand,Navee Thamsoontorn / Nichapa Waiwai,THANW1 / THANT4,,175,137,33,18,(38) DNF,14,34,24,-,-,-,14
470 Mixed,470 World Championships,POL2025062WK,2026-08-10,2026-08-17,"Enoshima, Japan",https://sailing.org/regatta/470-world-championships?ref=POL2025062WK,27,JPN,Japan,NAKAYAMA YUNA / Taisei Hikida,JPNNY6 / JPNTH21,,174,144,26,26,18,28,26,(30),-,-,-,20
470 Mixed,470 World Championships,POL2025062WK,2026-08-10,2026-08-17,"Enoshima, Japan",https://sailing.org/regatta/470-world-championships?ref=POL2025062WK,28,ESP,Spain,Silvia Mas / Alejandro de Maqua,ESPSS11 / ESPAD57,,184,146,25,(38) BFD,38 DNF,5,32,25,-,-,-,21
470 Mixed,470 World Championships,POL2025062WK,2026-08-10,2026-08-17,"Enoshima, Japan",https://sailing.org/regatta/470-world-championships?ref=POL2025062WK,29,KOR,Republic of Korea,Chang ju Kim / Leegyeongjin Lee,KORLL6 / KORCK4,,184,146,12,(38) BFD,38 DNF,31,8,28,-,-,-,29
470 Mixed,470 World Championships,POL2025062WK,2026-08-10,2026-08-17,"Enoshima, Japan",https://sailing.org/regatta/470-world-championships?ref=POL2025062WK,30,KOR,Republic of Korea,Jia Kim / Sungmin Cho,KORSC1 / KORJK25,,186,148,29,22,(38) DNF,25,21,19,-,-,-,32
470 Mixed,470 World Championships,POL2025062WK,2026-08-10,2026-08-17,"Enoshima, Japan",https://sailing.org/regatta/470-world-championships?ref=POL2025062WK,31,GER,Germany,Theres Dahnke / Paco Melzer,GERPM24 / GERTD14,,187,149,31,(38) BFD,38 DNF,11,29,34,-,-,-,6
470 Mixed,470 World Championships,POL2025062WK,2026-08-10,2026-08-17,"Enoshima, Japan",https://sailing.org/regatta/470-world-championships?ref=POL2025062WK,32,JPN,Japan,HARUNO SEKIHATA,JPNHS28,,187,149,(38) DSQ,29,38 DNF,17,25,10,-,-,-,30
470 Mixed,470 World Championships,POL2025062WK,2026-08-10,2026-08-17,"Enoshima, Japan",https://sailing.org/regatta/470-world-championships?ref=POL2025062WK,33,JPN,Japan,Shunsui Oishi / Wako Yokota,JPNSO10 / JPNWY2,,188,150,30,(38) BFD,38 DNF,8,20,29,-,-,-,25
470 Mixed,470 World Championships,POL2025062WK,2026-08-10,2026-08-17,"Enoshima, Japan",https://sailing.org/regatta/470-world-championships?ref=POL2025062WK,34,CHN,"China, PR",Qian Fu / CHUANLIANG WEI,CHNCW9 / CHNQF2,,188,150,9,24,(38) DNF,19,30,35,-,-,-,33
470 Mixed,470 World Championships,POL2025062WK,2026-08-10,2026-08-17,"Enoshima, Japan",https://sailing.org/regatta/470-world-championships?ref=POL2025062WK,35,KOR,Republic of Korea,Na Kyung Lee / Haeseong Kim,KORNL2 / KORHK29,,200,162,35,(38) RET,38 DNF,33,7,31,-,-,-,18
470 Mixed,470 World Championships,POL2025062WK,2026-08-10,2026-08-17,"Enoshima, Japan",https://sailing.org/regatta/470-world-championships?ref=POL2025062WK,36,JPN,Japan,Motomi Urabe / Musashi Tabata,JPNMT39 / JPNMU11,,209,171,20,(38) BFD,38 DNF,32,33,37,-,-,-,11
470 Mixed,470 World Championships,POL2025062WK,2026-08-10,2026-08-17,"Enoshima, Japan",https://sailing.org/regatta/470-world-championships?ref=POL2025062WK,37,AIN,Individual Neutral Athletes,Mark Pavlov / ALEKSANDRA DMITRIEVA,AINXMP1 / AINXAD2,,232,194,32,27,(38) DNF,35,28,36,-,-,-,36
470 Mixed,470 World Championships,POL2025062WK,2026-08-10,2026-08-17,"Enoshima, Japan",https://sailing.org/regatta/470-world-championships?ref=POL2025062WK,38,JPN,Japan,Yushi Tsurumoto / Sana Shinagawa,JPNYT44 / JPNSS40,,85,64,11,4,2,9,(21),-,-,-,-,38
470 Mixed,470 World Championships,POL2025062WK,2026-08-10,2026-08-17,"Enoshima, Japan",https://sailing.org/regatta/470-world-championships?ref=POL2025062WK,39,USA,United States of America,Justin Callahan / Lara Dallman-Weiss,USALD21 / USAJC313,,74,65,4,1,(9),7,4,-,-,-,-,49
470 Mixed,470 World Championships,POL2025062WK,2026-08-10,2026-08-17,"Enoshima, Japan",https://sailing.org/regatta/470-world-championships?ref=POL2025062WK,40,AIN,Individual Neutral Athletes,Dmitry Lazdin / Marina Fedorova,AINXMF1 / AINXDL2,,107,69,1,(38) BFD,8,2,19,-,-,-,-,39
470 Mixed,470 World Championships,POL2025062WK,2026-08-10,2026-08-17,"Enoshima, Japan",https://sailing.org/regatta/470-world-championships?ref=POL2025062WK,41,JPN,Japan,Tsukiri Maeda / Tatsuya Kijima,JPNTM55 / JPNTK64,,94,69,3,6,13,(25),6,-,-,-,-,41
470 Mixed,470 World Championships,POL2025062WK,2026-08-10,2026-08-17,"Enoshima, Japan",https://sailing.org/regatta/470-world-championships?ref=POL2025062WK,42,NZL,New Zealand,Tessa Clinton / William  Mason,NZLTC14 / NZLWM7,,87,73,13,(14),1,3,3,-,-,-,-,53
470 Mixed,470 World Championships,POL2025062WK,2026-08-10,2026-08-17,"Enoshima, Japan",https://sailing.org/regatta/470-world-championships?ref=POL2025062WK,43,CRO,Croatia,Ema Samarzija / Leon Scheidl,CROES4 / CROLS10,,114,76,(38) DNF,7,11,6,9,-,-,-,-,43
470 Mixed,470 World Championships,POL2025062WK,2026-08-10,2026-08-17,"Enoshima, Japan",https://sailing.org/regatta/470-world-championships?ref=POL2025062WK,44,MAS,Malaysia,Muhammad Fauzi Kaman Shah / Juni Karimah Noor Jamali,MASMK3 / MASJN1,,116,88,8,3,10,(28),17,-,-,-,-,50
470 Mixed,470 World Championships,POL2025062WK,2026-08-10,2026-08-17,"Enoshima, Japan",https://sailing.org/regatta/470-world-championships?ref=POL2025062WK,45,JPN,Japan,Manami Deguchi / Takemoto Rikuto,JPNMD4 / JPNTR1,,126,88,(38) DNF,9,18,11,5,-,-,-,-,45
470 Mixed,470 World Championships,POL2025062WK,2026-08-10,2026-08-17,"Enoshima, Japan",https://sailing.org/regatta/470-world-championships?ref=POL2025062WK,46,AUS,Australia,Ben Hinks / Fallon Katz,AUSBH37 / AUSFK4,,111,91,15,2,(20),19,15,-,-,-,-,40
470 Mixed,470 World Championships,POL2025062WK,2026-08-10,2026-08-17,"Enoshima, Japan",https://sailing.org/regatta/470-world-championships?ref=POL2025062WK,47,JPN,Japan,Fuka Sugiura / Maetani Kaji,JPNMK51 / JPNFS5,,132,94,(38) DNF,16,19,13,2,-,-,-,-,44
470 Mixed,470 World Championships,POL2025062WK,2026-08-10,2026-08-17,"Enoshima, Japan",https://sailing.org/regatta/470-world-championships?ref=POL2025062WK,48,CHN,"China, PR",Lilan Wu / Zhengjin Zhou,CHNLW19 / CHNZZ21,,133,95,(38) DNF,38 BFD,3,4,8,-,-,-,-,42
470 Mixed,470 World Championships,POL2025062WK,2026-08-10,2026-08-17,"Enoshima, Japan",https://sailing.org/regatta/470-world-championships?ref=POL2025062WK,49,JPN,Japan,NAKATA KEISUKE / Ayaka Takiguchi,JPNNK30 / JPNAT15,,123,99,7,(24),17,20,1,-,-,-,-,54
470 Mixed,470 World Championships,POL2025062WK,2026-08-10,2026-08-17,"Enoshima, Japan",https://sailing.org/regatta/470-world-championships?ref=POL2025062WK,50,KOR,Republic of Korea,sang min LEE / Lee Jin,KORLJ2 / KORSL18,,138,100,5,(38) BFD,12,1,16,-,-,-,-,66
470 Mixed,470 World Championships,POL2025062WK,2026-08-10,2026-08-17,"Enoshima, Japan",https://sailing.org/regatta/470-world-championships?ref=POL2025062WK,51,JPN,Japan,Katsuya Takagi / Misaki  Taniyama,JPNMT42 / JPNKT59,,139,101,(38) DNF,8,23,17,7,-,-,-,-,46
470 Mixed,470 World Championships,POL2025062WK,2026-08-10,2026-08-17,"Enoshima, Japan",https://sailing.org/regatta/470-world-championships?ref=POL2025062WK,52,IND,India,Shraddha Verma / Ravindra Kumar Sharma,INDRS7 / INDSV3,,122,101,9,17,7,(21),20,-,-,-,-,48
470 Mixed,470 World Championships,POL2025062WK,2026-08-10,2026-08-17,"Enoshima, Japan",https://sailing.org/regatta/470-world-championships?ref=POL2025062WK,53,JPN,Japan,Ryotaro Udagawa / Aino Fukui,JPNRU1 / JPNAF6,,142,104,(38) DNF,21,5,8,23,-,-,-,-,47
470 Mixed,470 World Championships,POL2025062WK,2026-08-10,2026-08-17,"Enoshima, Japan",https://sailing.org/regatta/470-world-championships?ref=POL2025062WK,54,JPN,Japan,Jinpei Uehara / Haru Kasakawa,JPNHK45 / JPNJU2,,142,104,(38) DNF,23,6,12,12,-,-,-,-,51
470 Mixed,470 World Championships,POL2025062WK,2026-08-10,2026-08-17,"Enoshima, Japan",https://sailing.org/regatta/470-world-championships?ref=POL2025062WK,55,KOR,Republic of Korea,Ji-hoon Kim,KORJK9,,143,105,16,(38) BFD,16,10,11,-,-,-,-,52
470 Mixed,470 World Championships,POL2025062WK,2026-08-10,2026-08-17,"Enoshima, Japan",https://sailing.org/regatta/470-world-championships?ref=POL2025062WK,56,JPN,Japan,Koya Atsumi / Kurumi Kaminishi,JPNKA20 / JPNKK74,,136,106,14,13,4,18,(30),-,-,-,-,57
470 Mixed,470 World Championships,POL2025062WK,2026-08-10,2026-08-17,"Enoshima, Japan",https://sailing.org/regatta/470-world-championships?ref=POL2025062WK,57,JPN,Japan,Suzu TODO / Daisuke Matsuyama,JPNST22 / JPNDM2,,147,109,2,5,(38) BFD,24,22,-,-,-,-,56
470 Mixed,470 World Championships,POL2025062WK,2026-08-10,2026-08-17,"Enoshima, Japan",https://sailing.org/regatta/470-world-championships?ref=POL2025062WK,58,JPN,Japan,Nonoko NAKAMURA / Kimihiko Imamura,JPNKI5 / JPNNN10,,144,119,6,12,21,22,(25),-,-,-,-,58
470 Mixed,470 World Championships,POL2025062WK,2026-08-10,2026-08-17,"Enoshima, Japan",https://sailing.org/regatta/470-world-championships?ref=POL2025062WK,59,PHI,Philippines,Edgar Villapana / Coleen jem Ferrer,PHICF1 / PHIEV3,,159,121,12,(38) BFD,14,16,14,-,-,-,-,65
470 Mixed,470 World Championships,POL2025062WK,2026-08-10,2026-08-17,"Enoshima, Japan",https://sailing.org/regatta/470-world-championships?ref=POL2025062WK,60,JPN,Japan,Kaito Takahashi / Sae Himeno,JPNKT60 / JPNSH33,,164,126,(38) DNF,25,22,5,10,-,-,-,-,64
470 Mixed,470 World Championships,POL2025062WK,2026-08-10,2026-08-17,"Enoshima, Japan",https://sailing.org/regatta/470-world-championships?ref=POL2025062WK,61,KOR,Republic of Korea,kim ho / Song Arin,KORKH6 / KORSA3,,175,148,10,26,25,(27),27,-,-,-,-,60
470 Mixed,470 World Championships,POL2025062WK,2026-08-10,2026-08-17,"Enoshima, Japan",https://sailing.org/regatta/470-world-championships?ref=POL2025062WK,62,JPN,Japan,Hina Fujita / Kosei Kamiya,JPNHF10 / JPNKK76,,187,149,(38) DNF,28,24,23,13,-,-,-,-,61
470 Mixed,470 World Championships,POL2025062WK,2026-08-10,2026-08-17,"Enoshima, Japan",https://sailing.org/regatta/470-world-championships?ref=POL2025062WK,63,KOR,Republic of Korea,SangHyeok Lee / Jung Won,KORJW3 / KORSL24,,189,151,17,20,26,29,(38) DNF,-,-,-,-,59
470 Mixed,470 World Championships,POL2025062WK,2026-08-10,2026-08-17,"Enoshima, Japan",https://sailing.org/regatta/470-world-championships?ref=POL2025062WK,64,JPN,Japan,Emiko Kiuchi / Dai Yokomizo,JPNEK11 / JPNDY5,,191,153,(38) DNF,10,15,32,29,-,-,-,-,67
470 Mixed,470 World Championships,POL2025062WK,2026-08-10,2026-08-17,"Enoshima, Japan",https://sailing.org/regatta/470-world-championships?ref=POL2025062WK,65,AUS,Australia,Sophie Jackson / Austin Cross,AUSSJ20 / AUSAC91,,198,160,(38) DNF,11,38 BFD,38 DNE,18,-,-,-,-,55
470 Mixed,470 World Championships,POL2025062WK,2026-08-10,2026-08-17,"Enoshima, Japan",https://sailing.org/regatta/470-world-championships?ref=POL2025062WK,66,JPN,Japan,Iori Moriyama / Ryota Nonaka,JPNIM5 / JPNRN11,,200,162,(38) DNF,15,38 BFD,14,32,-,-,-,-,63
470 Mixed,470 World Championships,POL2025062WK,2026-08-10,2026-08-17,"Enoshima, Japan",https://sailing.org/regatta/470-world-championships?ref=POL2025062WK,67,ANG,Angola,Matias Montinho / Manuela Paulo,ANGMP1 / ANGMM1,,212,174,(38) DNF,18,29,31,34,-,-,-,-,62
470 Mixed,470 World Championships,POL2025062WK,2026-08-10,2026-08-17,"Enoshima, Japan",https://sailing.org/regatta/470-world-championships?ref=POL2025062WK,68,JPN,Japan,Koshi Enomoto / Rina Mizoguchi,JPNRM24 / JPNKE3,,217,179,(38) DNF,38 BFD,27,15,28,-,-,-,-,71
470 Mixed,470 World Championships,POL2025062WK,2026-08-10,2026-08-17,"Enoshima, Japan",https://sailing.org/regatta/470-world-championships?ref=POL2025062WK,69,AUS,Australia,Anneke Meyer / William Bridge,AUSAM95 / AUSWB20,,227,189,(38) DNF,22,38 BFD,30,31,-,-,-,-,68
470 Mixed,470 World Championships,POL2025062WK,2026-08-10,2026-08-17,"Enoshima, Japan",https://sailing.org/regatta/470-world-championships?ref=POL2025062WK,70,JPN,Japan,Yuki Kobayashi / KUREHA KOIZUMI,JPNKK75 / JPNYK50,,229,191,(38) DNF,30,28,36,24,-,-,-,-,73
470 Mixed,470 World Championships,POL2025062WK,2026-08-10,2026-08-17,"Enoshima, Japan",https://sailing.org/regatta/470-world-championships?ref=POL2025062WK,71,JPN,Japan,颯大 藤井 / 夏帆 片山,JPN夏片1 / JPN颯藤1,,230,192,(38) DNF,19,30,35,36,-,-,-,-,72
470 Mixed,470 World Championships,POL2025062WK,2026-08-10,2026-08-17,"Enoshima, Japan",https://sailing.org/regatta/470-world-championships?ref=POL2025062WK,72,PAK,Pakistan,Nadine Avari / Mehboob Rafiq,PAKNA1 / PAKMR2,,235,197,(38) BFD,38 BFD,38 BFD,26,26,-,-,-,-,69
470 Mixed,470 World Championships,POL2025062WK,2026-08-10,2026-08-17,"Enoshima, Japan",https://sailing.org/regatta/470-world-championships?ref=POL2025062WK,73,JPN,Japan,Taiga Terasaki / Suzuka Takeda,JPNST34 / JPNTT40,,239,201,(38) DNF,27,38 BFD,33,33,-,-,-,-,70
470 Mixed,470 World Championships,POL2025062WK,2026-08-10,2026-08-17,"Enoshima, Japan",https://sailing.org/regatta/470-world-championships?ref=POL2025062WK,74,JPN,Japan,Keisuke Masubuchi / Chie Mukaide,JPNCM4 / JPNKM62,,241,203,(38) DNF,29,31,34,35,-,-,-,-,74
